id,name,sponsor,event,venue,place,city_state,physical_description,occasion,notes,call_number,keywords,language,date,location,location_type,currency,currency_symbol,status,page_count,dish_count,date_orig,decade
12469,Unknown Menu,HOTEL NETHERLAND,SUPPER,COMMERCIAL,"NEW YORK, [NY];","NEW YORK, NY",CARD; ILLUS; COL; 6.0X8.75;,,HOTEL CREST IN BLUE; PRICED MENU;,1900-2838,,,1900-04-16,Hotel Netherland,,Dollars,$,complete,2,144,1900-04-16,1900
12473,Unknown Menu,HOTEL MARLBOROUGH,CAFE LUNCHEON,COMMERCIAL,"[NEW YORK, NY]","NEW YORK, NY",CARD; ILLUS; COL; 4.25X5.5;,,HOTEL CREST IN BLUE;,1900-2843,,,1900-04-17,Hotel Marlborough,,,,complete,2,19,1900-04-17,1900
12474,Unknown Menu,ALPHA OF ZETA PSI,ANNUAL BANQUET,COMMERCIAL,"DELMONICO'S, [NEW YORK, NY];","NEW YORK, NY",BOOKLET; ILLUS; COL; 5.5X7.0;,,"VELLUM COVER; CREST OF ZETA PSI; TIED WITH BLUE SATIN RIBBON; PRICED WINE LIST; ALPHA CHAPTER OFFICERS; BANQUET COMMITTEE; TOASTS; LYRICS TO ""ZETA PSI, WE PLEDGE TO-NIGHT"" , A POEM, ""THE BADGE OF ZETA PSI""; LYRICS OF ""NEATH THE ARCH OFZETA'S TEMPLE"", AND",1900-2844,,,1900-04-17,Alpha Of Zeta Psi,,Dollars,$,complete,12,38,1900-04-17,1900
12475,Unknown Menu,MANHATTAN HOTEL,DINNER,COMMERCIAL,"NEW YORK, NY","NEW YORK, NY",CARD; ILLUS; 6X9.5;,,A LA CARTE DU JOUR; HOTEL SEAL AT TOP OF MENU;,1900-2847,,,1900-04-18,Manhattan Hotel,,Dollars,$,complete,2,176,1900-04-18,1900
12483,Unknown Menu,MANHATTAN HOTEL,CARTE DU JOUR,COMMERCIAL,"NEW YORK, NY","NEW YORK, NY",CARD; ILLUS; 6X9.5;,,A LA CARTE MENU; HOTEL SEAL AT TOP OF MENU;,1900-2859,,,1900-04-18,Manhattan Hotel,,Dollars,$,complete,2,129,1900-04-18,1900
12489,Unknown Menu,COLBY ALUMNI ASSOCIATION OF NEW YORK,FIFTH ANNUAL REUNION,SOC;,ST. DENIS HOTEL (NEW YORK?),"NEW YORK, NY",FOLDER; ILLUS; 4 X 5.5;,ANNIVERSARY;,PHOOGRAPH OF ALUMNI CHEMICAL LABORATORY ON COVER; LOGO OF ALUMNI ASSOCIATION ON BACK COVER;,1900-2877,,,1900-04-20,Colby Alumni Association Of New York,,,,complete,4,21,1900-04-20,1900
12498,Unknown Menu,CAFE BOULEVARD,SUNDAY DINNER,COMMERCIAL,156 SECOND AVENUE (NY?),"NEW YORK, NY",CARD; COL; ILLUS; 5 X 7;,,PRIX FIXE DINNER; FOOD APPEARS TO BE HUNGARIAN;PALE BLUE; ORNAMENTAL BORDER;,1900-2903,,,1900-04-22,Cafe Boulevard,,Cents,c,complete,2,17,1900-04-22,1900
12503,Unknown Menu,POLICE DEPARTMENT OF THE CITY OF NEW YORK,SEVENTH ANNUAL DINNER,GOVT;,DELMONICO'S,"NEW YORK, NY",FOL; 4.75 x 7.25;,,"SEAL ON COVER; FRENCH; INCLUDES WINES SERVED WITH EACH COURSE; LIST OF NAMES OF SUPERINTENDENT, INSPECTORS AND PRECINCT CAPTAINS",1888-0010,,,1888-01-23,Police Department Of The City Of New York,,,,complete,3,30,1888-01-23,1880
12508,Unknown Menu,MARIE ANTOINETTE HOTEL,LUNCHEON,COMMERCIAL,66 ST. & BWAY. NY,"NEW YORK, NY",BROADSIDE; HOTEL EMBLEM; 4.5 X 7.5;,DAILY,,1900-1141,,,1900-02-19,Marie Antoinette Hotel,,Dollars,$,complete,2,82,1900-02-19,1900
12510,Unknown Menu,MARIE ANTOINETTE HOTEL,DINNER,COMMERCIAL,66 ST. & B'WAY. NY,"NEW YORK, NY",BROADSIDE; HOTEL EMBLEM; COL; 6.5 X 9;,DAILY,,1900-1173,,,1900-02-20,Marie Antoinette Hotel,,Dollars,$,complete,2,128,1900-02-20,1900
12511,Unknown Menu,THIRD PANEL SHERIFF'S JURY NEW YORK COUNTY,ANNUAL DINNER,POL;,"HOTEL SAVOY,NEW YORK,NY","NEW YORK, NY",BOOKLET;ILL;COL;4.25X6.25;,ANNIVERSARY;,WINES SERVED;INDIVIDUAL'S NAME ON FRONT COVER;FOUR STANZAS OF THE STAR SPANGLED BANNER WRITTEN OUT;NAMES;SEATING PLAN ATTACHED;,1900-1174,,,1900-02-20,Third Panel Sheriff's Jury New York County,,,,complete,12,35,1900-02-20,1900
12518,Unknown Menu,COLUMBIA RESTAURANT,DAILY MENU,COMMERCIAL,"48 EAST 14TH STREET,[NEW YORK,NY?]","NEW YORK, NY",FOLDER;ILLUS;7.25X11.5;,DAILY;,2 COPIES;WINE LIST;,1901-1527,,,1901-06-03,Columbia Restaurant,,Dollars,$,complete,4,475,1901-06-03,1900
12529,Unknown Menu,NEW YORK MEDICAL CLUB,DINNER,PROF;,"MANHATTAN HOTEL, NEW YORK, NY","NEW YORK, NY",FOLDER; ILLUS; COL; 3X4.5;,,LISTS WINES SERVED WITH INDIVIDUAL COURSES; DECORATIVE WREATH ON COVER;,1900-2144,,,1900-02-26,New York Medical Club,,,,complete,4,17,1900-02-26,1900
12559,Unknown Menu,ASSOCIATION OF EMPLOYING BOOKBINDERS,BANQUET,PROF;,"SAVOY HOTEL, NEW YORK, NY","NEW YORK, NY",BOOKLET; ILLUS; 5.5X7;,ANNIVERSARY;,FRENCH; PRICED WINE CARD AFFIXED TO INSIDE COVER; SEAL & MOTTO OF ASSOCIATION ON COVER; TOASTS & MUSICAL PROGRAM INCLUDED; LIST OF MEMBER BOOKBINDING FIRMS; SILK CORD ATTACHMENT;,1900-2156,,,1900-02-26,Association Of Employing Bookbinders,,Dollars,$,complete,8,30,1900-02-26,1900
12560,Unknown Menu,DELMONICOS,MENU,,"NEW YORK, NY","NEW YORK, NY",FOLDER; ILLUS; COL; 4.5X7;,,FRENCH; LIST OF WINES; ENGRAVED PORTRAIT OF A WOMAN ON COVER; (POSSIBLY A PRIVATE PARTY?);,1900-2157,,,1900-02-26,Delmonicos,,,,complete,4,34,1900-02-26,1900
12564,Unknown Menu,RECTOR'S,DAILY MENU,COMMERCIAL,"BROADWAY AND 44TH ST,NEW YORK,NY","NEW YORK, NY",FOLDER;ILL;COL;7X9.5;,DAILY;,SPECIAL DISHES ON SEPARATE CARD FASTENED WITH RIBBON IN PUNCHED HOLE;,1900-3265,,,1900-05-13,Rector's,,Dollars,$,complete,6,358,1900-05-13,1900
12568,Unknown Menu,JOHN WANAMAKER,[LUNCH],COMMERCIAL,"BROADWAY & 10TH STREET, NEW YORK, [NY]","NEW YORK, NY",BROADSHEET; ILLUS; COL; 4.75X7.75,,"ILLUS: SHIELD WITH FLEUR DE LYS, FLANKED BY LOBSTERS; SURMOUNTED BY PIGEON;",1900-3270,,,1900-05-14,John Wanamaker,,Dollars,$,complete,2,72,1900-05-14,1900
12705,Unknown Menu,MILLS HOTEL,DINNER,COMMERCIAL,BLEECKER ST. NY,"NEW YORK, NY",BROADSHEET; 3.75 X 6;,DAILY,DINNER SERVED FROM 11;30 TO 9 PM; BREAKFAST MENU ON BACK;,1900-2638,,,1900-04-01,Mills Hotel,,,,complete,2,67,1900-04-01,1900
12722,Unknown Menu,JOHN WANAMAKER,BREAKFAST,COMMERCIAL,"NEW YORK, [NY]","NEW YORK, NY",BROADSIDE; 4.75X8.25;,,DATE HAND-WRITTEN [FEB?];,1900-3271,,,1900-05-14,John Wanamaker,,,,complete,2,40,1900-05-14,1900
12724,Unknown Menu,JOHN WANAMAKER,DAILY MENU,COMMERCIAL,"BROADWAY & 10TH STREET, NEW YORK, [NY]","NEW YORK, NY",FOLDER; ILLUS; COL; 6.25X10.5;,,"ILLUS: SHIELD WITH FLEUR DE LYS, FLANKED BY LOBSTERS; SURMOUNTED BY PIGEON;",1900-3277,,,1900-05-14,John Wanamaker,,Dollars,$,complete,4,242,1900-05-14,1900
12747,Unknown Menu,HASKIN'S RESTAURANT,BREAKFAST,COMMERCIAL,"117 WEST 34TH STREET,NEW YORK,NY","NEW YORK, NY",CARD;5X7,DAILY;,,1900-1192,,,1900-02-21,Haskin's Restaurant,,,,complete,2,43,1900-02-21,1900
12754,Unknown Menu,EVERETT HOUSE,BREAKFAST,COMMERCIAL,"UNION SQUARE,NEW YORK,NY","NEW YORK, NY",FOLDER;ILL;COL;7X11L,DAILY;,EMBLEM AND DECORATION ON FRONT COVER;HANDWRITTEN DATE BY FB;WINE LIST ON BACK;,1900-2930,,,1900-04-23,Everett House,,Dollars,$,complete,4,516,1900-04-23,1900
12755,Unknown Menu,EVERETT HOUSE,BILL OF FARE,COMMERCIAL,"UNION SQUARE,NEW YORK,NY","NEW YORK, NY",FOLDER;ILL;COL;7X11L,DAILY;,EMBLEM AND DECORATION ON FRONT COVER;HANDWRITTEN DATE BY FB;WINE LIST ON BACK;,1900-2931,,,1900-04-23,Everett House,,Dollars,$,complete,4,579,1900-04-23,1900
12774,Unknown Menu,SAVOY HOTEL,MENU,COMMERCIAL,"NEW YORK, NY","NEW YORK, NY",BOOKLET; ILLUS; COL; 6.5X10;,,A LA CARTE PRICED MENU; HOTEL SEAL ON COVER;,1900-2418,,,1900-03-14,Savoy Hotel,,Dollars,$,complete,2,144,1900-03-14,1900
12781,Unknown Menu,BROADWAY CENTRAL HOTEL,DINNER MENU,COMMERCIAL,"NEW YORK, NY","NEW YORK, NY",FOLDER; ILLUS; COL; 5.5X9;,,ONE OF A LARGE NUMBER OF MENUS WE HAVE HAD IN PAST; INCLUDES BIRD'S-EYE MAP OF NEW YORK PLUS OBJECTS OF INTEREST IN AND ABOUT NEW YORK;,1900-1012,,,1900-02-12,Broadway Central Hotel,,Dollars,$,complete,4,63,1900-02-12,1900
12782,Unknown Menu,EMPIRE HOTEL,DINNER MENU,COMMERCIAL,"NEW YORK, NY","NEW YORK, NY",FOLDER; ILLUS; COL; 6.25X8.75;,,A LA CARTE DU JOUR DINNER MENU; INCLUDES EXTENSIVE PRICED WINE LIST; HOTEL MONOGRAM ON COVER;,1900-1014,,,1900-01-12,Empire Hotel,,Dollars,$,complete,4,300,1900-01-12,1900
12783,Unknown Menu,COLONIAL HOTEL,MENU,COMMERCIAL,"NEW YORK, NY","NEW YORK, NY",FOLDER; ILLUS; 6.25X10;,,"[DATE HANDWRITTEN]; MANY ADDITIONAL ITEMS TO MENU HANDWRITTEN; ""CREAM WITH TEA, COFFEE, ETC.,FIVE CENTS EXTRA;"" ILLUSTRATION OF HOTEL ON COVER;",1900-1015,,,1900-02-12,Colonial Hotel,,Dollars,$,complete,4,378,1900-02-12,1900
12784,Unknown Menu,MINOT HOTEL,CAFE & RESTAURANT MENU,COMMERCIAL,"NEW YORK, NY","NEW YORK, NY",FOLDER; ILLUS; 7X11;,,"PRICED MENU AND WINE LIST; ""RUSSIAN CAVIAR-25 CENTS;"" DECORATIVE FLEUR DE LIS ON COVER;",1900-1017,,,1900-02-12,Minot Hotel,,Dollars,$,complete,4,322,1900-02-12,1900
12789,Unknown Menu,CAFETERIA LUNCH,BILL OF FARE,COMMERCIAL,"57 BROAD ST., NEW YORK, NY","NEW YORK, NY",FOLDER; ILLUS; COL; 6X9.5;,,"WE HAVE HAD THIS RESTAURANT BEFORE; SPECIALS MIMEOGRAPHED IN LAVENDAR HANDWRITING; ""SPECIAL DISHES FOR DAY AFTER LINCOLN'S BIRTHDAY -- SHADES OF LINCOLN: I REALLY BELIEVE THE CIVIL WAR WOULD HAVE BEEN AVERTED BY CAFETERIAS IN 1861;"" DECORATIVE BORDER, MOO",1900-1029,,,1900-02-13,Cafeteria Lunch,,Dollars,$,complete,4,115,1900-02-13,1900
12793,Unknown Menu,MARIE ANTOINETTE HOTEL,LUNCHEON MENU,COMMERCIAL,"NEW YORK, NY","NEW YORK, NY",BROADSIDE; ILLUS; COL; 4.5X7.5;,,PRICED A LA CARTE MENU; HOTEL SEAL AT TOP OF MENU;,1900-1035,,,1900-02-13,Marie Antoinette Hotel,,Dollars,$,complete,2,82,1900-02-13,1900
12798,Unknown Menu,BAPTIST SOCIAL UNION,DINNER,RELIG;,"HOTEL MANHATTAN,NY","NEW YORK, NY",FOLDER;ILL;4X5.5;,,,1900-2662,,,1900-04-05,Baptist Social Union,,,,complete,4,19,1900-04-05,1900
12799,Unknown Menu,MILLS HOTEL RESTAURANT,DINNER,COMMERCIAL,"BLEECKER,THOMPSON,AND SULLIVAN STREETS,[NY]","NEW YORK, NY",BROADSHEET;3.75X6;,DAILY;,,1900-2663,,,1900-04-05,Mills Hotel Restaurant,,,,complete,2,21,1900-04-05,1900
12803,Unknown Menu,MILLS HOTEL RESTAURANT,BILL OF FARE/BREAKFAST/DINNER,COMMERCIAL,"BLEECKER, THOMPSON AND SULLIVAN STREETS, ENTRANCE ON BLEECKER STREET, [NEW YORK, NY];","NEW YORK, NY",BROADSHEET; 3.75X6.0;,,"REGULAR DINNER: 15 CENTS: SOUP, ONE MEAT DISH, TWO VEGETABLES, DESSERT, TEA, COFFEE OR MILK;",1900-2673,,,1900-04-06,Mills Hotel Restaurant,,Dollars,$,complete,2,46,1900-04-06,1900
12804,Unknown Menu,UNION LEAGUE CLUB,CARTE DU JOUR,SOC;,"[NEW YORK, NY]","NEW YORK, NY",CARD; 6.5X10.0;,,,1900-2685,,,1900-04-07,Union League Club,,Dollars,$,complete,2,171,1900-04-07,1900
12805,Unknown Menu,(UNION LEAGUE CLUB),TABLE D'HOTE DINNER,SOC;,"[NEW YORK, NY]","NEW YORK, NY",CARD; 5.5X7.0;,,"INITIALS ""ULC"" IN PALE BLUE;",1900-2686,,,1900-04-07,Union League Club,,,,complete,2,17,1900-04-07,1900
12806,Unknown Menu,SHERIDAN SQUARE HOTEL,[DINNER],COMMERCIAL,"NEW YORK, [NY];","NEW YORK, NY",BROADSIDE; 5.25X7.5;,,LOGO OF HOTEL IN RED;,1900-2687,,,1900-04-07,Sheridan Square Hotel,,,,complete,2,32,1900-04-07,1900
12807,Unknown Menu,MILLS HOTEL RESTAURANT,BILL OF FARE/DINNER,COMMERCIAL,"BLEECKER, THOMPSON AND SULLIVAN STREETS, ENTRANCE ON BLEECKER STREET, [NEW YORK, NY];","NEW YORK, NY",BROADSHEET; 3.75X6.0;,,"REGULAR DINNER: 15 CENTS: SOUP, ONE MEAT DISH, TWO VEGETABLES, DESSERT, TEA, COFFEE OR MILK;",1900-2688,,,1900-04-07,Mills Hotel Restaurant,,Dollars,$,complete,2,21,1900-04-07,1900
12808,Unknown Menu,BROADWAY CENTRAL HOTEL,DINNER,COMMERCIAL,"NOS. 667 TO 677 [BROADWAY], OPPOSITE BOND STREET, MIDWAY BETWEEN BATTERY AND CENTRAL PARK, NEW YORK, [NY];","NEW YORK, NY",FOLDER; ILLUS; COL; 5.5X9.0;,,"ILLUS, ENGRAVING OF HOTEL ON COVER; MENU ON BACK PAGE; INNER PAGES HAVE A BIRD'E EYE MAP OF NEW YORK SHOWING ALL STEAMER DOCKS, FERRIES, ELEVATED AND CABLE ROADS, AND ALL CROSS TOWN ROADS; OBJECTS OF INTEREST IN AND ABOUT NEW YORK LISTED;",1900-2690,,,1900-04-07,Broadway Central Hotel,,,,complete,4,65,1900-04-07,1900
12815,Unknown Menu,CENTRAL RESTAURANT,MENU,COMMERCIAL,"NEW YORK, NY","NEW YORK, NY",FOLDER; 6.75X10;,,"A LA CARTE MENU; [DATE HANDWRITTEN]; LOCATION 142 LIBERTY ST, SO IT IS MORE THAN LIKELY NEW YORK CITY; ALL SPECIAL ITEMS HANDWRITTEN; PRICED WINE LIST ON BACK;",1900-2975,,,1900-04-26,Central Restaurant,,Dollars,$,complete,4,191,1900-04-26,1900
12816,Unknown Menu,(MR. THOMAS HASTINGS),[FAREWELL DINNER GIVEN BY MR. THOMAS HASTINGS BEFORE HIS MARRIAGE TO MISS HELEN BENEDICT],OTHER (PRIVATE PARTY WITH INDIVIDUAL HOST);,"SHERRY'S, NEW YORK, NY","NEW YORK, NY",CARD; ILLUS; 4.5X7;,COMPLIMENTARY/TESTIMONIAL,"FRENCH; HOST'S MONOGRAM AT TOP OF MENU; BEAUTIFULLY HANDSCRIPTED; [SPONSOR, EVENT INFO SUPPLIED BY FEB, INCLUDING ""PRESENTED BY DR. BILLINGS WHO WAS PRESENT];",1900-2976,,,1900-04-26,Mr. Thomas Hastings,,,,complete,2,19,1900-04-26,1900
12817,Unknown Menu,CENTRAL RESTAURANT & ROOF GARDEN,BUSINESS MEN'S LUNCH,COMMERCIAL,"NEW YORK, NY","NEW YORK, NY",CARD; ILLUS; 4.5X5.75;,,TABLE D'HOTE LUNCH -- 35 CENTS; RESTAURANT MONOGRAM IN WREATH;,1900-2979,,,1900-04-26,Central Restaurant & Roof Garden,,,,complete,2,11,1900-04-26,1900
12818,Unknown Menu,CENTRAL RESTAURANT & ROOF GARDEN,TABLE D'HOTE DINNER,COMMERCIAL,"NEW YORK, NY","NEW YORK, NY",CARD; ILLUS; 4.5X5.75;,,TABLE D'HOTE DINNER -- 50 CENTS; PRICED WINE LIST ON BACK OF MENU;,1900-2981,,,1900-04-26,Central Restaurant & Roof Garden,,Dollars,$,complete,2,89,1900-04-26,1900
12819,Unknown Menu,CENTRAL RESTAURANT CO.,MENU,COMMERCIAL,"NEW YORK, NY","NEW YORK, NY",BOOKLET; ILLUS; 6X9.5;,,"PRICED MENU; INCLUDES ""DINNER READY TO SERVE"" MENU; PRICED WINE CARD ON BACK OF MENU;",1900-2982,,,1900-04-26,Central Restaurant Co.,,Dollars,$,complete,6,298,1900-04-26,1900
12824,Unknown Menu,HARLEM REPUBLICAN CLUB,11NTH ANNUAL BANQUET,POL;,"MANHATTAN HOTEL, NY","NEW YORK, NY",FOLDER; 5 X 6.5;,78TH BIRTHDAY OF U.S.GRANT,LIST OF WINES SERVED; PROGRAM INCLUDED & LIST OF COMMITTEE MEMBERS;,1900-3004,,,1900-04-27,Harlem Republican Club,,,,complete,4,28,1900-04-27,1900
12838,Unknown Menu,HOTEL MARLBOROUGH,DINNER,COMMERCIAL,"[BROADWAY AND 36TH ST,NEW YORK,NY]","NEW YORK, NY",CARD;ILL;COL;4.25X7;,DAILY;,COAT OF ARMS IN UPPER LEFT;,1900-2220,,,1900-03-01,Hotel Marlborough,,Dollars,$,complete,2,44,1900-03-01,1900
12842,Unknown Menu,HOTEL MARLBOROUGH,DAILY CARTE DU JOUR,COMMERCIAL,"[66TH STREET AND BROADWAY,NEW YORK,NY]","NEW YORK, NY",CARD;ILL;COL;7X13;,,"HANDWRITTEN DATE,CARTE DU JOUR;",1900-2230,,,1900-03-02,Hotel Marlborough,,Dollars,$,complete,2,377,1900-03-02,1900
12855,Unknown Menu,BROADWAY CENTRAL HOTEL,LUNCHEON,COMMERCIAL,"BROADWAY, NY","NEW YORK, NY",CARD; 5.5 X 8.25;,,LOGO;,1900-2439,,,1900-03-14,Broadway Central Hotel,,,,complete,2,53,1900-03-14,1900
12856,Unknown Menu,BROADWAY CENTRAL HOTEL,DINNER,COMMERCIAL,"BROADWAY, NY","NEW YORK, NY",FOLDER; ILLUS; 5.5 X 8.75;,,DRAWING OF HOTEL ON COVER; MAP OF NEW YORK CITY AND TOURIST INFORMATION;,1900-2440,,,1900-03-14,Broadway Central Hotel,,,,complete,4,63,1900-03-14,1900
12867,Unknown Menu,HOTEL SAVOY,LUNCHEON TABLE D'HOTE,COMMERCIAL,"FIFTH AVENUE & FIFTY-NINTH STREET, NEW YORK, [NY]","NEW YORK, NY",CARD; 6.25X9.25,,PRINTED IN GREEN; HOTEL LOGO IN GREEN;,1900-2694,,,1900-04-07,Hotel Savoy,,,,complete,2,54,1900-04-07,1900
12868,Unknown Menu,HOTEL SAVOY,LUNCHEON A LA CARTE,COMMERCIAL,"FIFTH AVENUE & FIFTY-NINTH STREET, NEW YORK, [NY]","NEW YORK, NY",CARD; 6.25X9.25,,PRINTED IN GREEN; HOTEL LOGO IN GREEN;,1900-2695,,,1900-04-07,Hotel Savoy,,Dollars,$,complete,2,122,1900-04-07,1900
12869,Unknown Menu,HOTEL SAVOY,DINNER TABLE D'HOTE,COMMERCIAL,"FIFTH AVENUE & FIFTY-NINTH STREET, NEW YORK, [NY]","NEW YORK, NY",CARD; 6.25X9.25,,PRINTED IN GREEN; HOTEL LOGO IN GREEN;,1900-2696,,,1900-04-07,Hotel Savoy,,Dollars,$,complete,2,58,1900-04-07,1900
12870,Unknown Menu,HOTEL SAVOY,CAFE DINNER TABLE D'HOTE,COMMERCIAL,"FIFTH AVENUE & FIFTY-NINTH STREET, NEW YORK, [NY]","NEW YORK, NY",CARD; 5.5X7.25;,,PRINTED IN GREEN; HOTEL LOGO IN GREEN;,1900-2697,,,1900-04-07,Hotel Savoy,,Dollars,$,complete,2,34,1900-04-07,1900
12871,Unknown Menu,NEW YORK ATHLETIC CLUB,CARTE DU JOUR,SOC;,"[NEW YORK, NY]","NEW YORK, NY",CARD; 6.75X11.0;,,"CLUB LOGO ""THE WINGED FOOT"" IN RED;",1900-2698,,,1900-04-07,New York Athletic Club,,Dollars,$,complete,2,170,1900-04-07,1900
12874,Unknown Menu,COLONIAL CLUB OF NEW YORK,CARTE DU JOUR,SOC;,"NEW YORK, [NY]","NEW YORK, NY",CARD; 6.25X9.5;,,,1900-2702,,,1900-04-07,Colonial Club Of New York,,Dollars,$,complete,2,118,1900-04-07,1900
12875,Unknown Menu,PARK AVENUE HOTEL,TABLE D'HOTE DINNER,COMMERCIAL,"NEW YORK, [NY]","NEW YORK, NY",CARD; 4.25X7.0;,,FROM 12:00 TO 2:30 AND FROM 5:30 TO 8:00 PM; HOTEL LOGO IN PINK;,1900-2705,,,1900-04-07,Park Avenue Hotel,,Dollars,$,complete,2,17,1900-04-07,1900
12879,Unknown Menu,HAMBLEN'S RESTAURANT & LUNCH ROOMS,MENU,COMMERCIAL,"NEW YORK, NY","NEW YORK, NY",FOLDER; ILLUS; 6X9.5;,,PRICED MENU; DECORATIVE BORDER; [DATE SUPPLIED BY FEB]; SPECIAL ITEMS WRITTEN IN LAVENDAR INK & THEN PRINTED; SUPPLIER'S ADS ON BACK PAGE;,1900-2720,,,1900-04-07,Hamblen's Restaurant & Lunch Rooms,,Dollars,$,complete,4,199,1900-04-07,1900
12880,Unknown Menu,(MANHATTAN CLUB),MENU,[SOC?];,"[NEW YORK, NY?]","NEW YORK, NY",FOLDER; 6X9.5;,,"MONOGRAM ""MC"" ON COVER; INSIDE MENU ""MANHATTANCLUB"" IS HANDWRITTEN; PRICED MENU;",1900-2733,,,1900-04-08,Manhattan Club,,Dollars,$,complete,4,278,1900-04-08,1900
12884,Unknown Menu,HASKIN'S RESTAURANT,DINNER,COMMERCIAL,"117 WEST 34TH STREET,[NEW YORK,NY]","NEW YORK, NY",CARD;5X7.25;,DAILY;,25CENT DINNER MENU;HANDWRITTEN DATE BY MS BUTTOLPH INCORRECTLY WRITTEN AS 2/21;,1900-1196,,,1900-02-21,Haskin's Restaurant,,,,complete,2,15,1900-02-21,1900
12885,Unknown Menu,HASKIN'S RESTAURANT,DAILY,COMMERCIAL,"117 WEST 34TH STREET,NEW YORK,NY","NEW YORK, NY",CARD;COL;5.5X9.5;,DAILY;,NO SMOKING;A LA CARTE MENU;,1900-1198,,,1900-02-21,Haskin's Restaurant,,Dollars,$,complete,2,87,1900-02-21,1900
12886,Unknown Menu,HOTEL MARIE ANTOINETTE,LUNCHEON,COMMERCIAL,"66TH STREET AND BROADWAY,NEW YORK,NY","NEW YORK, NY",CARD;ILL;COL;4.5X7.5;,DAILY;,COAT OF ARMS IN UPPER LEFT;,1900-1199,,,1900-02-21,Hotel Marie Antoinette,,Dollars,$,complete,2,83,1900-02-21,1900
12887,Unknown Menu,HOTEL MARIE ANTOINETTE,DINNER,COMMERCIAL,"66TH STREET AND BROADWAY,NEW YORK,NY","NEW YORK, NY",CARD;ILL;COL;6.5X9;,DAILY;,COAT OF ARMS IN UPPER LEFT;2 COPIES,1900-2000,,,1900-02-21,Hotel Marie Antoinette,,Dollars,$,complete,2,124,1900-02-21,1900
12895,Unknown Menu,HOTEL MARIE ANTOINETTE,DINNER,COMMERCIAL,66TH STREET AND BR6ADWAY,"NEW YORK, NY",CARD; 6.5 X 9.75;,,PRICED MENU;; CREST;,1900-2013,,,1900-02-18,Hotel Marie Antoinette,,Dollars,$,complete,2,123,1900-02-18,1900
12896,Unknown Menu,HOTEL MARIE ANTOINETTE,LUNCHEON,COMMERCIAL,66TH STREET AND BR6ADWAY,"NEW YORK, NY",CARD; 6.5 X 9.75;,,PRICED MENU; CREST;,1900-2015,,,1900-02-18,Hotel Marie Antoinette,,Dollars,$,complete,2,82,1900-02-18,1900
12898,Unknown Menu,PUTNAM HOUSE,LUNCHEON,COMMERCIAL,NEW YORK CITY,"NEW YORK, NY",CARD; 4.5 X 7.25;,,PRICED MENU; TABLE D'HOTE DINNER; NOTE ABOUT PURITY OF WATER;,1900-2019,,,1900-02-18,Putnam House,,Dollars,$,complete,2,29,1900-02-18,1900
12901,Unknown Menu,SAN REMO HOTEL,LUNCHEON MENU,COMMERCIAL,"NEW YORK, NY","NEW YORK, NY",BROADSIDE; ILLUS; COL; 4X6.75;,,TABLE D'HOTE MENU; HOTEL SEAL AT TOP OF MENU,1900-1036,,,1900-02-13,San Remo Hotel,,,,complete,2,19,1900-02-13,1900
12902,Unknown Menu,SHANLEY BROS. OYSTER HOUSES & GRILL ROOM,BREAKFAST,COMMERCIAL,"383 6TH AVE.,1212 BWAY.,& 1476 BWAY. NY","NEW YORK, NY",FOLDER; 6.25 X 9.25;,DAILY,COMPLETE WINE LIST ON BACK;,1900-1038,,,1900-02-13,Shanley Bros. Oyster Houses & Grill Room,,Dollars,$,complete,4,307,1900-02-13,1900
12903,Unknown Menu,EMPIRE HOTEL,BREAKFAST,COMMERCIAL,BWAY & 63RD ST. NY,"NEW YORK, NY",BROADSIDE; HOTEL SEAL; COL; 6.75 X 9.5;,DAILY,,1900-1040,,,1900-02-13,Empire Hotel,,Dollars,$,complete,2,172,1900-02-13,1900
12904,Unknown Menu,EMPIRE HOTEL,LUNCHEON,COMMERCIAL,BWAY & 63RD ST. NY,"NEW YORK, NY",BROADSHEET; HOTEL SEAL; COL; 5.5 X 7.75;,DAILY,WINE LIST ON BACK PAGE;,1900-1041,,,1900-02-13,Empire Hotel,,Dollars,$,complete,2,184,1900-02-13,1900
12906,Unknown Menu,YOUNG'S HERALD SQUARE LUNCH ROOM,LUNCH & DINNER,COMMERCIAL,600 SIXTH AVE. NY,"NEW YORK, NY",FOLDER; 6.5 X 9.5;,DAILY,AD FOR MUSIC HALL ON COVER; BREAKFAST MENU ON BACK ;,1900-1043,,,1900-02-13,Young's Herald Square Lunch Room,,Dollars,$,complete,4,242,1900-02-13,1900
12907,Unknown Menu,MONTEREY HOTEL,A LA CARTE MENU,COMMERCIAL,38TH ST. & 6TH AVE. NY,"NEW YORK, NY",FOLDER; 7 X 10;,DAILY,SOME ITEMS HANDWRITTEN;,1900-1044,,,1900-02-13,Monterey Hotel,,Dollars,$,complete,4,224,1900-02-13,1900
12917,Unknown Menu,CAFETERIA - LUNCH,ST. VALENTINES DAY DINNER,COMMERCIAL,57 BROAD ST. NY,"NEW YORK, NY",FOLDER; ILLUS; 6 X 9.5;,SECULAR HOLIDAY. HOLIDAY,ALL SPECIAL ITEMS HANDWRITTEN;,1900-1064,,,1900-02-14,Cafeteria   Lunch,,Dollars,$,complete,4,114,1900-02-14,1900
12923,Unknown Menu,ALBEMARLE HOTEL,MENU,COMMERCIAL,"MADISON SQUARE, WEST, NEW YORK, NY","NEW YORK, NY",FOLDER; ILLUS; COL; 6X8.5;,,A LA CARTE PRICED MENU; HOTEL SEAL ON COVER;,1900-2026,,,1900-02-22,Albemarle Hotel,,Dollars,$,complete,4,259,1900-02-22,1900
12927,Unknown Menu,MANHATTAN HOTEL,LUNCHEON CARTE DU JOUR,COMMERCIAL,"NEW YORK, NY","NEW YORK, NY",BROADSIDE; ILLUS; 6X9.5;,,A LA CARTE PRICED MENU; HOTEL SEAL AT TOP OF MENU;,1900-2032,,,1900-02-22,Manhattan Hotel,,Dollars,$,complete,2,128,1900-02-22,1900
12960,Unknown Menu,HOTEL MARLBOROUGH,CAFE BREAKFAST,COMMERCIAL,"[66TH ST AND BROADWAY,NEW YORK,NY]","NEW YORK, NY",CARD;ILL;COL;4X5.5;,DAILY;,6 COURSE BREAKFAST FOR 50 CENTS;,1900-2239,,,1900-03-02,Hotel Marlborough,,,,complete,2,19,1900-03-02,1900
12961,Unknown Menu,HOTEL MARIE ANTOINETTE,LUNCH,COMMERCIAL,"66TH ST AND BROADWAY,NEW YORK,NY","NEW YORK, NY",CARD;ILL;COL;6.5X8.75;,DAILY;,COAT OF ARMS,1900-2240,,,1900-03-02,Hotel Marie Antoinette,,Dollars,$,complete,2,81,1900-03-02,1900
12974,Unknown Menu,MARIE ANTOINETTE HOTEL,LUNCHEON,COMMERCIAL,"66TH ST & B'WAY, NY","NEW YORK, NY",BROADSIDE; HOTEL EMBLEM; 4.25 X 7.5;,,SEPARATE PRICES FOR EACH ITEM;,1900-2469,,,1900-03-14,Marie Antoinette Hotel,,Dollars,$,complete,2,82,1900-03-14,1900
12975,Unknown Menu,MARIE ANTOINETTE HOTEL,DINNER,COMMERCIAL,66TH ST. & BWAY NY,"NEW YORK, NY",BROADSIDE; HOTEL EMBLEM; GOLD TRIM; 6.5 X 9;,,EVERY ITEM PRICED SEPARATELY;,1900-2470,,,1900-03-14,Marie Antoinette Hotel,,Dollars,$,complete,2,121,1900-03-14,1900
12992,Unknown Menu,McGOWN'S PASS TAVERN,DAILY,COMMERCIAL,"CENTRAL PARK,NEW YORK,NY","NEW YORK, NY",CARD;7X11;,DAILY;,MANY ENTRIES BY HAND ON PRINTED MENU;WINE LIST;DATE IN OTHER HANDWRITTING;,1900-1085,,,1900-02-15,Mcgown's Pass Tavern,,Dollars,$,complete,2,282,1900-02-15,1900
13002,Unknown Menu,NEW YORK ALUMNI ASSOCIATION OF THE PHILLIPS EXETER ACADEMY,18TH ANNUAL DINNER,EDUC;,"MANHATTAN HOTEL, NEW YORK, NY","NEW YORK, NY",FOLDER; ILLUS; COL; 5X8;,ANNIVERSARY;,INCLUDES OFFICERS 189901900 AND EXECUTIVE COMMITTEE; SCHOOL SEAL ON BACK COVER;,1900-2745,,,1900-04-10,New York Alumni Association Of The Phillips Exeter Academy,,,,complete,4,18,1900-04-10,1900
13005,Unknown Menu,BATTERY PARK HOTEL,DINNER,COMMERCIAL,"NEW YORK CITY, NY","NEW YORK, NY",FOLDER; ILLUS; 4.5 X 7.5;,,PRICED WINE LIST; DRAWING OF HOTEL; POINTS OF INTEREST WITH DISTANCES FROM BATTERY PARK;,1900-2757,,,1900-04-11,Battery Park Hotel,,Dollars,$,complete,4,130,1900-04-11,1900
13006,Unknown Menu,PHILITSCIKOMA,LUNCHEON,COMMERCIAL,"HOTEL SAVOY, NES YORK, [NY];","NEW YORK, NY",FOLDER; 3.0X3.0;,,MENU IN FRENCH;,1900-3077,,,1900-05-03,Philitscikoma,,,,complete,4,14,1900-05-03,1900
13009,Unknown Menu,BAPTIST SOCIAL UNION OF NEW YORK,[DINNER],RELIG;,"HOTEL MANHATTAN, NEW YORK, [NY];","NEW YORK, NY",CARD; 4.75X6.75;,,,1900-3087,,,1900-05-03,Baptist Social Union Of New York,,,,complete,2,19,1900-05-03,1900
13012,Unknown Menu,HOTEL MANHATTAN,[DINNER],COMMERCIAL,"NEW YORK, [NY]","NEW YORK, NY",CARD: 3.25X6.25;,,,1900-3092,,,1900-05-04,Hotel Manhattan,,,,complete,2,20,1900-05-04,1900
13013,Unknown Menu,HOTEL SAVOY,CAFE/HALF PORTION BREAKFAST,COMMERCIAL,FIFTH AVENUE & FIFTY-NINTH STREET;,"NEW YORK, NY",CARD; COL; 5.5X7.25;,,PRICED MENU; DATE HAND-WRITTEN [BY FEB?]; PRINTED IN GREEN; CREST WITH EAGLE;,1900-3093,,,1900-05-04,Hotel Savoy,,Dollars,$,complete,2,100,1900-05-04,1900
13032,Unknown Menu,SHERMAN SQUARE HOTEL,LUNCH,COMMERCIAL,"NEW YORK, NY","NEW YORK, NY",CARD; ILLUS; COL; 4.75X6.75;,,TABLE D'HOTE MENU; HOTEL SEAL AT TOP OF MENU;,1900-2278,,,1900-03-04,Sherman Square Hotel,,,,complete,2,31,1900-03-04,1900
13047,Unknown Menu,NEW YORK BOARD OF EDUCATION,DINNER COMMEMORATING THE OPENING OF THE NEW HALL OF THE BOARD OF EDUCATION,EDUC;,"DELMONICO'S, NEW YORK, NY","NEW YORK, NY",BOOKLET; ILLUS; COL; 6.75X8.25;,COMPLIMENTARY/TESTIMONIAL,FRENCH; LISTS WINES SERVED WITH INDIVIDUAL COURSES; GUESTS LISTED; BOARD OF EDUCATION MEMBERS INCLUDED; SILK RIBBON ATTACHMENTS;,1900-2049,,,1900-02-22,New York Board Of Education,,,,complete,8,32,1900-02-22,1900
13058,Unknown Menu,SOCIETY OF THE CINCINNATI IN THE STATE OF NEW JERSEY,WASHINGTON'S BIRTHDAY DINNER,PATR;,"WALDORF ASTORIA, THE, [NY,NY]","NEW YORK, NY",BOOKLET; ILLUS; CO; 8 X 10;,PATRIOTIC HOLIDAY;,"FRENCH; DRAWING OF WASHINGTON AT TRENTON, NJ OF DECMBER 26, 1776; MADAL SUSPENDED FROM BLUE RIBBON;",1900-2074,,,1900-02-22,Society Of The Cincinnati In The State Of New Jersey,,,,complete,8,19,1900-02-22,1900
13069,Unknown Menu,MILLS HOTEL RESTAURANT,DAILY MENU,COMMERCIAL,"BLEECKER, THOMPSON AND SULLIVAN STREETS","NEW YORK, NY",CARD; 3.75 X 6;,,21 MEAL TICKETS MAY BE BOUGHT FOR $3.00; TABLE D'HOTE MENU;,1900-2078,,,1900-02-05,Mills Hotel Restaurant,,,,complete,2,53,1900-02-05,1900
13073,Unknown Menu,MARIE ANTOINETTE HOTEL,LUNCHEON,COMMERCIAL,66TH ST. & BWAY NY,"NEW YORK, NY",BROADSIDE; ILLUS; GOLD TRIM; 4.5 X 7.5;,DAILY,PRICES INCLUDED;,1900-2086,,,1900-02-23,Marie Antoinette Hotel,,Dollars,$,complete,2,84,1900-02-23,1900
13078,Unknown Menu,HOTEL MARIE ANTOINETTE,LUNCHEON,COMMERCIAL,"66TH ST. AND BROADWAY;NEW YORK,NY","NEW YORK, NY",CARD;ILL;COL;4.75X7.5;,DAILY;,COAT OF ARMS IN UPPER LEFT;,1900-2108,,,1900-02-24,Hotel Marie Antoinette,,Dollars,$,complete,2,82,1900-02-24,1900
13107,Unknown Menu,HOTEL COLOMBO,DAILY MENU,COMMERCIAL,"149 BLEECKER STREET, NEW YORK","NEW YORK, NY",BROADSIDE; 5.5 X 11;,,"TYPED; DATE NOTED BY HAND;COUNTRY RESORT, WHITE HOUSE HOTEL, FORT WADSWORTH S.I. NOTED;",1900-2303,,,1900-02-06,Hotel Colombo,,Dollars,$,complete,2,26,1900-02-06,1900
13108,Unknown Menu,HOTEL COLOMBO,TABLE D'HOTE DINNER,COMMERCIAL,"149 BLEECKER STREET, NEW YORK","NEW YORK, NY",BROADSIDE; 5.5 X 11;,,"PINT OF CLARET INCLUDED; TYPED; DATE NOTED BY HAND;COUNTRY RESORT, WHITE HOUSE HOTEL, FORT WADSWORTH S.I. NOTED;",1900-2304,,,1900-02-06,Hotel Colombo,,,,complete,2,10,1900-02-06,1900
13111,Unknown Menu,FRANCES ECKMAN & ARTHUR HERZOG,WEDDING DINNER,SOC;,DELMONICO'S NY,"NEW YORK, NY",CARD; GOLD DECORATION; 3 X 6;,RITE,MENU IN FRENCH;,1900-2322,,,1900-03-06,Frances Eckman & Arthur Herzog,,,,complete,2,23,1900-03-06,1900
13119,Unknown Menu,HOTEL MAJESTIC,BREAKFAST,COMMERCIAL,"NEW YORK, [NY];","NEW YORK, NY",CARD; 5.5X8.5;,,"LOGO PRINTED IN PURPLE:  LION AND BULL RAMPANT, SHIELD WITH ""MAJESTIC"" ON DIAGONAL, SURMOUNTED WITH CROWN;",1900-2537,,,1900-03-21,Hotel Majestic,,Dollars,$,complete,2,118,1900-03-21,1900
13120,Unknown Menu,HOTEL MANHATTAN,CARTE DU JOUR/DINNER,COMMERCIAL,"MADISON AVE & 42ND ST., NEW YORK, [NY];","NEW YORK, NY",CARD; 6.0X9.5;,,,1900-2538,,,1900-03-21,Hotel Manhattan,,Dollars,$,complete,2,177,1900-03-21,1900
13121,Unknown Menu,HOTEL GRENOBLE/WARREN LELAND JR.,LUNCH;,COMMERCIAL,"NEW YORK, [NY];","NEW YORK, NY",BROADSHEET; 7.0X11.0;,,"PALE BUFF CARD WITH GARLAND BORDER AND NAME OF HOTEL PRINTED IN PINK; PRICED WINE LIST; NOTATION:; ""WESTERN UNION TELEGRAPH, LONG DISTANCE AND LOCAL TELEPHONE IN READING ROOM. CIGARS AND NEWS STAND IN MAIN OFFICE.""",1900-2539,,,1900-03-21,Hotel Grenoble/Warren Leland Jr.,,Dollars,$,complete,2,274,1900-03-21,1900
13122,Unknown Menu,HOTEL MAJESTIC,DINNER,COMMERCIAL,"CENTRAL PARK WEST, 72ND & 71ST STS., NEW YORK, [NY];","NEW YORK, NY",CARD; 6.75X11.0;,,,1900-2540,,,1900-03-21,Hotel Majestic,,Dollars,$,complete,2,174,1900-03-21,1900
13127,Unknown Menu,PUTNAM HOUSE,DINNER,CAM;,"NEW YOK, NY","NEW YORK, NY",CARD; 4.5 X 7.25;,,TABLE D'HOTE DINNER INCLUDING WINE; A LA CARTE MENU AS WELL;,1900-1126,,,1900-02-17,Putnam House,,Dollars,$,complete,2,26,1900-02-17,1900
13134,Unknown Menu,ALPHA KAPPA PHI,DINNER,SOC;,HOTEL MANHATTAN [NY],"NEW YORK, NY",CARD; 4.5 X 7;,ANNIVERSARY;,,1900-2787,,,1900-04-14,Alpha Kappa Phi,,,,complete,2,17,1900-04-14,1900
13136,Unknown Menu,MURRAY HILL HOTEL,BREAKFAST,COMMERCIAL,"(NEW YORK,NY)","NEW YORK, NY",CARD;ILL;COL;4.25X6.5;,EASTER;,PRESENTED BY CATHARINE B.ALSOP LEFFINGWELL WRITTEN ON BACK;,1900-2791,,,1900-04-15,Murray Hill Hotel,,Dollars,$,complete,2,55,1900-04-15,1900
13154,Unknown Menu,REFORM CLUB,CARTE DU JOUR,COMMERCIAL,"[NEW YORK,NY]","NEW YORK, NY",CARD;6X10;,DAILY;,NEW YORK CITY HANDWRITTEN BY FB;TWO NAMES AND DATE 12TH OF FEBRUARY 1901 HANDWRITTEN ON BACK OF MENU;,1900-3247,,,1900-05-12,Reform Club,,Dollars,$,complete,2,85,1900-05-12,1900
13155,Unknown Menu,BLOTTNER'S CAFE & RESTAURANT,BILL OF FARE,COMMERCIAL,"178 BROADWAY, NY","NEW YORK, NY",BROADSIDE; 6 X 9.25;,DAILY,MENU ALL HANDWRITTEN; WINE LIST & PRICES ON BORDER;,1900-2340,,,1900-03-07,Blottner's Cafe & Restaurant,,Dollars,$,complete,2,38,1900-03-07,1900
13166,Unknown Menu,HOTEL GRENOBLE,CARTE DU JOUR;,COMMERCIAL,"NEW YORK, [NY];","NEW YORK, NY",BROADSHEET; 6.0X9.0;,,"PALE BUFF CARD; PRICED WINE LIST; NOTATION:; ""WESTERN UNION TELEGRAPH, LONG DISTANCE AND LOCAL TELEPHONE IN READING ROOM. CIGARS AND NEWS STAND IN MAIN OFFICE.""",1900-2542,,,1900-03-21,Hotel Grenoble,,Dollars,$,complete,2,300,1900-03-21,1900
13175,Unknown Menu,CRISTOFORO COLOMBO RESTAURANT,BILL OF FARE,COMMERCIAL,"NEW YORK, NY","NEW YORK, NY",BROADSIDE; 7X12;,,ITALIAN; ALL ITEMS 5C AND 10C; [DATE INFO SUPPLIED BY FEB]; SPECIAL ITEMS HANDWRITTEN;,1900-2574,,,1900-03-25,Cristoforo Colombo Restaurant,,,,complete,2,50,1900-03-25,1900
13196,Unknown Menu,NEW YORK SOCIETY OF THE ORDER OF THE FOUNDERS AND PATRIOTS OF AMERICA,DINNER,PATR;,SHERRY'S [NY],"NEW YORK, NY",CARD; 4 X 7;,SOC;,PRICED WINE LIST GLUED TO BACK OF MENU;,1901-1277,,,1901-05-13,New York Society Of The Order Of The Founders And Patriots Of America,,Dollars,$,complete,2,52,1901-05-13,1900
13202,Unknown Menu,XIII CLUB,189TH REGULAR DINNER,SOC;,"CENTRAL RESTAURANT, 143 LIBERTY STREET, [NEW YORK, NY];","NEW YORK, NY",CARD; ILLUS; 4.5X7.0;,,"ILLUS, SKELETON SMOKING A PIPE SITTING WITHIN THE CURVE OF THE ""C"" IN XIII CLUB, BANNER WITH ""MORITURI TE SALUTAMUS""; ITEMS IN THE MENU NUMBERED I THROUGH XIII;",1900-3884,,,1900-07-13,Xiii Club,,,,complete,2,15,1900-07-13,1900
13276,Unknown Menu,(ENGINEERS CLUB),DINNER,[PROF],"[374 FIFTH AVENUE, NY, NY]","NEW YORK, NY",CARD; 4.5 X 7;,,"HANDWRITTEN; LIMITED MENU; LOGO IN RED ""EC"" BRACKETED INFORMATION DERIVED FROM 1900-4300 WRITTEN BY FEB;",1900-4294,,,1900-09-05,Engineers Club,,,,complete,2,8,1900-09-05,1900
13279,Unknown Menu,ENGINEERS CLUB,DAILY MENU,PROF;,"374 FIFTH AVENUE, [NY,NY]","NEW YORK, NY",CARD; 7 X 10;,,"SPONSOR AND PLACE HANDWRITTEN BY FEB;PARTIALLY HANDWRITTEN; PRICED MENU; LOGO ""EC"";",1900-4300,,,1900-09-05,Engineers Club,,Dollars,$,complete,2,194,1900-09-05,1900
13354,Unknown Menu,HOTEL PABST,CHRISTMAS DINNER,COMMERCIAL,"BROADWAY  AND 42ND STREET, NY","NEW YORK, NY",BOOKLET; ILLUS; COL; 6.5 X 9.25,RELIGIOUS HOLIDAY,PRICED MENU MORE OR LESS LIKE A DAILY MENU; FESTIVELY DRESSED WOMAN ON COVER; SMALL CALENDAR FOR 1901 AFFIXED TO COVER; WHITE CORD;,1900-5136,,,1900-12-25,Hotel Pabst,,Dollars,$,complete,4,194,1900-12-25,1900
13355,Unknown Menu,DAKOTA; THE,CHRISTMAN DINNER,COMMERCIAL,"NEW YORK, NY","NEW YORK, NY",BOOKLET; ILLUS; COL; 6.25 X 9;,RELIGIOUS HOLIDAY,ILLUSTRATION OF HOLLY BERRIES ON COVER; PHOTOGRAPH OF FIREPLACE INSIDE;,1900-5137,,,1900-12-25,Dakota; The,,,,complete,8,48,1900-12-25,1900
13356,Unknown Menu,HOTEL SAVOY,CHRISTMAS DINNER,COMMERCIAL,"NEW YORK, NY","NEW YORK, NY",CARD; COL; ILLUS; 6 X 8;,RELIGIOUS HOLIDAY,ILLUSTRATION OF SANTA CLAUS AND HOLLY WREATH;,1900-5138,,,1900-12-25,Hotel Savoy,,,,complete,2,70,1900-12-25,1900
13440,Unknown Menu,EDWARD F. LANG'S LADIES' AND GENT'S LUNCH ROOM AND RESTAURANT;,BREAKFAST/SUPPER/LUNCH,COMMERCIAL,"139 EIGHTH STREET, BET. BROADWAY AND 4TH AVE., NEW YORK, [NY];","NEW YORK, NY",FOLDER; 6.75X10.5;,,"PRINTED MENU ON LEFT SIDE FOR BREAKFAST AND SUPPER; RIGHT SIDE LUNCH MENU PARTLY TYPEWRITTEN, PARTLY PRINTED",1900-3713,,,1900-06-23,Edward F. Lang's Ladies' And Gent's Lunch Room And Restaurant;,,Dollars,$,complete,4,131,1900-06-23,1900
13462,Unknown Menu,MAISON DRIENNE,DINNER,,"50 WEST 17TH STREET, NYC","NEW YORK, NY",CARD; ILLUS; 5.5 X 7;,,"MENU EMBOSSED WITH NAME OF RESTAURANT . CHERUBS, WINE; WORDS TOUJOURS LAVANT, ALWAYS AHEAD;",1901-1574,,,1901-06-08,Maison Drienne,,,,complete,2,11,1901-06-08,1900
13484,Unknown Menu,CENTRAL RESTAURANT,BUSINESS MEN'S LUNCH,COMMERCIAL,"143 LIBERTY STREET, NY","NEW YORK, NY",CARD; 4.5 X 5.75;,,TABLE D'HOTE DINNER; PRICED AT 35 CENTS AND SERVED FROM 11 A.M TO 3 P.M.; BLUE PAPER;,1900-3378,,,1900-05-23,Central Restaurant,,,,complete,2,11,1900-05-23,1900
13541,Unknown Menu,COLONNADE RESTAURANT,NEW YEARS EVE,COMMERCIAL,"NEW YORK, NY","NEW YORK, NY",FOLDER; 3.25X5.75;,SECULAR HOLIDAY;,EMBOSSED DESIGN ON COVER;,1900-5195,,,1900-12-31,Colonnade Restaurant,,,,complete,4,21,1900-12-31,1900
13544,Unknown Menu,FIFTH AVENUE HOTEL,BREAKFAST,COMMERCIAL,"NEW YORK, NY","NEW YORK, NY",FOLDER; ILLUS; 5.5X4;,,"TABLE D'HOTE MENU; ON FRONT COVER: ""HITCHCOCK, DARLING & CO;"" ON BACK COVER: SITE OF FIFTH AVENUE HOTEL - 1852;",1901-1157,,,1901-05-06,Fifth Avenue Hotel,,,,complete,3,102,1901-05-06,1900
13547,Unknown Menu,CHILDS' LUNCH ROOM,DAILY MENU,COMMERCIAL,"130 BROADWAY, [NEW YORK]","NEW YORK, NY",CARD; COL; 6 X 10.25;,,PINK STOCK; MENU FOR LADIES' DINING ROOM;,1901-1173,,,1901-01-01,Childs' Lunch Room,,Dollars,$,complete,2,71,1901-01-01,1900
13548,Unknown Menu,NORTH CAROLINA SOCIETY OF NEW YORK,ANNUAL DINNER,SOC;,WALDORF-ASTORIA HOTEL,"NEW YORK, NY",BOOKLET;  7 X 6;,ANNUAL,"MENU IN FRENCH; OFFICERS LISTED;MUSIC PROGRAM INCLUDED;COPY OF DECLARATION OFINDEPENDENCE ,SIGNED MAY 20,1775 INCLUDED;",1901-1357,,,1901-05-20,North Carolina Society Of New York,,,,complete,16,20,1901-05-20,1900
13554,Unknown Menu,RECTOR'S,SUPPER,COMMERCIAL,"B'WAY & 44ST.,NY","NEW YORK, NY",FOLDER; GOLD FIGURE; COL; 6.75 X .5;,DAILY,ALL ITEMS PRICED; COMPLETE WINE LIST INCLUDED;,1901-1363,,,1901-05-20,Rector's,,Dollars,$,complete,4,181,1901-05-20,1900
13565,Unknown Menu,GEYER'S DAIRY RESTAURANT,BILL OF FARE,COMMERCIAL,"NEW YORK, NY","NEW YORK, NY",FOLDER; ILLUS; 5.5X9;,,SPECIALS HANDWRITTEN; DECORATIVE BORD,1901-1386,,,1901-05-22,Geyer's Dairy Restaurant,,Dollars,$,complete,8,211,1901-05-22,1900
13583,Unknown Menu,HOTEL MANHATTAN,THANKSGIVING LUNCH,COMMERCIAL,"MADISON AVE & 42ND ST,NY","NEW YORK, NY",CARD;ILLUS;6X9.5;,SECULAR HOLIDAY;,,1900-4946,,,1900-11-29,Hotel Manhattan,,Dollars,$,complete,2,123,1900-11-29,1900
13584,Unknown Menu,HOTEL MANHATTAN,THANKSGIVING DINNER,COMMERCIAL,"MADISON AVE & 42ND ST,NY","NEW YORK, NY",CARD;ILLUS;6X9.5;,SECULAR HOLIDAY;,,1900-4947,,,1900-11-29,Hotel Manhattan,,Dollars,$,complete,2,180,1900-11-29,1900
13585,Unknown Menu,A.M. SWEET & SON HOTEL & RESTAURANT,MENU,COMMERCIAL,"NEW YORK, NY","NEW YORK, NY",FOLDER; ILLUS; 7X12;,,"A LA CARTE MENU; ""NOTICE-IT IS UNNECESSARY TO FEE THE WAITER,"" COCKTAILS: 15CENTS/2 FOR 25 CENTS;""",1901-1000,,,1901-04-26,A.M. Sweet & Son Hotel & Restaurant,,Dollars,$,complete,4,321,1901-04-26,1900
13586,Unknown Menu,ASTOR HOUSE,LUNCHEON,COMMERCIAL,"(NEW YORK, NY?)","NEW YORK, NY",FOLDER; ILLUS; COL; 7X11;,,A LA CARTE MENU; INCLUDES PRICED WINE & LIQUOR LIST;  PHOTO OF HOTEL ON COVER;,1901-1002,,,1901-04-26,Astor House,,Dollars,$,complete,4,419,1901-04-26,1900
13587,Unknown Menu,ASTOR HOUSE,DINNER,COMMERCIAL,"(NEW YORK, NY?)","NEW YORK, NY",FOLDER; ILLUS; COL; 7X11;,,A LA CARTE MENU; INCLUDES PRICED WINE & LIQUOR LIST;  PHOTO OF HOTEL ON COVER;,1901-1003,,,1901-04-26,Astor House,,Dollars,$,complete,4,545,1901-04-26,1900
13588,Unknown Menu,COSMOPOLITAN HOTEL,LUNCH MENU,COMMERCIAL,"NEW YORK, NY","NEW YORK, NY",FOLDER; ILLUS; 7.5X12.5;,DAILY;,A LA CARTE MENU; INCLUDES PRICED WINE & LIQUOR LIST; PHOTO OF HOTEL ON COVER;,1901-1004,,,1901-04-26,Cosmopolitan Hotel,,Dollars,$,complete,4,475,1901-04-26,1900
13589,Unknown Menu,HERALD SQUARE HOTEL,DINNER,COMMERCIAL,"(NEW YORK, NY?)","NEW YORK, NY",CARD; ILLUS; COL; 7X11.5;,DAILY;,A LA CARTE MENU; HOTEL EMBLEM AT TOP;,1901-1008,,,1901-04-26,Herald Square Hotel,,Dollars,$,complete,2,257,1901-04-26,1900
13590,Unknown Menu,CIGAR LEAF TOBACCO BOARD OF TRADE OF THE UNITED STATES,BANQUET IN HONOR OF THE THIRD ANNUAL CONVENTION OF ABOVE,COMMERCIAL,WALDORF-ASTORIA [NEW YORK],"NEW YORK, NY",CARD; ILLUS; COL; 4.5 X 7;,SOC;,"MENU IN FRENCH; WINES; ILLUSTRATION OF RED DEVIL IN MENU HEADING OF ""WHAT THE (DEVIL'S) FOR DINNER;",1901-1180,,,1901-05-08,Cigar Leaf Tobacco Board Of Trade Of The United States,,,,complete,2,27,1901-05-08,1900
13593,Unknown Menu,SPHNX CLUB,FORTIETH DINNER,SOC(?):,WALDORF-ASTORIA,"NEW YORK, NY",CARD; 4.25 X 6.25;,ANNIVERSARY;,"MANHATTAN COCKTAILS, WINES; LOGO;",1901-1182,,,1901-05-08,Sphinx Club,,,,complete,2,13,1901-05-08,1900
13597,Unknown Menu,HOTEL ST. ANDREW,BREAKFAST,COMMERCIAL,"NEW YORK, [NY]","NEW YORK, NY",CARD; 6.25X9.75;,,PRINTED MENU WITH SOME ITEMS INSERTED WITH RED INK; DATE HAND-WRITTEN [FEB?];,1900-3753,,,1900-06-29,Hotel St. Andrew,,Dollars,$,complete,2,143,1900-06-29,1900
13619,Unknown Menu,HARLOW & KUCHLIN RESTAURANT OYSTER & CHOP HOUSE,MENU,COMMERCIAL,"NEW YORK, NY","NEW YORK, NY",FOLDER; 7X11;,DAILY;,A LA CARTE MENU; INCLUDES PRICED WINE & LIQUOR LIST;,1901-1009,,,1901-04-26,Harlow & Kuchlin Restaurant Oyster & Chop House,,Dollars,$,complete,4,476,1901-04-26,1900
13621,Unknown Menu,ROGERS'RESTAURANT,TABLE D'HOTE DINNER,COMMERCIAL,"NEW YORK, NY","NEW YORK, NY",CARD; 5.5X7;,DAILY;,"""WITH WINE-50 CENTS;""",1901-1011,,,1901-04-26,Rogers'restaurant,,Dollars,$,complete,2,13,1901-04-26,1900
13622,Unknown Menu,ROGERS' CHOP HOUSE AND RESTAURANT,MENU,COMMERCIAL,"NEW YORK, NY","NEW YORK, NY",FOLDER; ILLUS; 6.75X11;,DAILY;,A LA CARTE PRICED MENU; INCLUDES PRICED WINE & LIQUOR LIST;,1901-1012,,,1901-04-26,Rogers' Chop House And Restaurant,,Dollars,$,complete,4,320,1901-04-26,1900
13623,Unknown Menu,E.B. ORCUTT RESTAURANT AND CAFE,MENU,COMMERCIAL,"NEW YORK, NY","NEW YORK, NY",FOLDER; 7X11;,DAILY;,"A LA CARTE MENU; ""BREAKFAST 7-11 AM; DINNER 11 AM-5 PM; SUPPER 5-7 PM;  EVENING DINNER 5:30-7:30PM;"" INCLUDES PRICED WINE & LIQUOR LIST;",1901-1013,,,1901-04-26,E.B. Orcutt Restaurant And Cafe,,Dollars,$,complete,4,303,1901-04-26,1900
13624,Unknown Menu,PROCTOR'S CAFE,LUNCH,COMMERCIAL,"NEW YORK, NY","NEW YORK, NY",CARD; 7X11;,,A LA CARTE LUNCH MENU; INCLUDES EXTENSIVE PRICED WINE & LIQUOR LIST; STREET ADDRESS SUPPLIED BY FEB;,1901-1014,,,1901-04-26,Proctor's Cafe,,Dollars,$,complete,2,366,1901-04-26,1900
13625,Unknown Menu,PROCTOR'S CAFE,DINNER,COMMERCIAL,"NEW YORK, NY","NEW YORK, NY",CARD; 7X11;,,A LA CARTE LUNCH MENU; INCLUDES EXTENSIVE PRICED WINE & LIQUOR LIST; STREET ADDRESS SUPPLIED BY FEB;,1901-1015,,,1901-04-26,Proctor's Cafe,,Dollars,$,complete,2,377,1901-04-26,1900
13626,Unknown Menu,NEW YORK PRESS CLUB,MENU,PROF;,"NEW YORK, NY","NEW YORK, NY",FOLDER; ILLUS; COL; 6.5X8.5;,DAILY;,A LA CARTE MENU; INCLUDES PRICED WINE LIST; BORDER ON MENU;,1901-1021,,,1901-04-26,New York Press Club,,Dollars,$,complete,4,295,1901-04-26,1900
13628,Unknown Menu,HERALD SQUARE HOTEL,LUNCHEON,COMMERCIAL,"NEW YORK, NY","NEW YORK, NY",CARD; ILLUS; COL; 5.5X9.25;,DAILY;,A LA CARTE MENU; HOTEL EMBLEM AT TOP;,1901-1023,,,1901-04-26,Herald Square Hotel,,Dollars,$,complete,2,134,1901-04-26,1900
13680,Unknown Menu,MILLS HOTEL RESTAURANT,DINNER,COMMERCIAL,"BLEECKER, THOMPSON AND SULLIVAN STREETS, [NEW YORK]","NEW YORK, NY",BROADSHEET; ILLUS; 4.25 X 8;,DAILY MENU,NOTE THAT AT 15 CENTS THE MEALS  MEET THE QUALITY OF MEALS PRICED AT 35 CENTS; PHOTOGRAPHS OF DINING ROOM ON FRONT AND BAKC;,1900-4792,,,1900-10-24,Mills Hotel Restaurant,,,,complete,2,21,1900-10-24,1900
13806,Unknown Menu,HAAN'S,DAILY MENU,COMMERCIAL,"PARK ROW, [NY]","NEW YORK, NY",FOLDER; ILLUS; 5.5 X 7;,,PRICED MENU; ILLUSTRATION OF PARK ROW BUILDING;,1901-1046,,,1901-04-01,Haan's,,Dollars,$,complete,4,138,1901-04-01,1900
13810,Unknown Menu,UNION SQUARE HOTEL,DAILY MENU,COMMERCIAL,[NYC],"NEW YORK, NY",FOLDER; 7 X 11;,,PRICED MENU;,1901-1054,,,1901-04-27,Union Square Hotel,,Dollars,$,complete,4,243,1901-04-27,1900
13813,Unknown Menu,DAVID CAFE AND RESTAURANT,DINNER,COMMERCIAL,69 LIBERTY STREET [NYC],"NEW YORK, NY",FOLDER; 6 X 9.75;,,PRICED MENU; PRICED WINE LIST;,1901-1058,,,1901-04-27,David Cafe And Restaurant,,Dollars,$,complete,4,281,1901-04-27,1900
13814,Unknown Menu,DAVID LUNCH COUNTER,DINNER,COMMERCIAL,69 LIBERTY STREET [NYC],"NEW YORK, NY",CARD; 5.5 X 9.25;,,PRICED MENU;,1901-1059,,,1901-04-27,David Lunch Counter,,Dollars,$,complete,2,72,1901-04-27,1900
13967,Unknown Menu,S.P.S.A.A.,MENU,[EDUC];,"MANHATTAN HOTEL, NEW YORK, NY","NEW YORK, NY",CARD; 3.75X6.75;,,"[ORGANIZATION IDENTIFIED BY FEB ON BACK OF MENU: ST. PAUL'S SCHOOL ALUMNU ASSOCIATION, CONCORD, NH];",1900-5011,,,1900-12-12,S.P.S.A.A.,,,,complete,2,18,1900-12-12,1900
13968,Unknown Menu,BAPTIST SOCIAL UNION OF NEW YORK,MENU,REL;,"MANHATTAN HOTEL, NEW YORK, NY","NEW YORK, NY",CARD; ILLUS; COL; 4.75X6.75;,,PROGRAM SPEAKER IDENTIFIED ON BOTTOM OF MENU;,1900-5012,,,1900-12-12,Baptist Social Union Of New York,,,,complete,2,18,1900-12-12,1900
13971,Unknown Menu,WILLIAMS ALUMNI ASSOCIATION OF NEW YORK,DINNER,EDUC;,"DELMONICO'S, NEW YORK, NY","NEW YORK, NY",BOOKLET; ILLUS; COL; 5.25X7;,OTHER (REUNION);,"FRENCH; INCLUDES SPEAKERS, OFFICERS, EXECUTIVE COMMITTEE; COLLEGE SEAL ON COVER;",1900-5021,,,1900-12-14,Williams Alumni Association Of New York,,,,complete,4,18,1900-12-14,1900
13973,Unknown Menu,A.U.S.V.,MENU,MIL;,"MANHATTAN HOTEL, NEW YORK, NY","NEW YORK, NY",BROADSIDE; ILLUS; 5.5X7;,[?REUNION?];,INCLUDES WINES SERVED WITH INDIVIDUAL COURSES; ARMY SEAL AT TOP;,1900-5024,,,1900-12-14,A.U.S.V.,,,,complete,2,13,1900-12-14,1900
13974,Unknown Menu,CIVIL SERVICE REFORM ASSOCIATION OF NEW YORK,DINNER TENDERED TO DELEGATES TO THE TWENTIETH ANNUAL MEETING OF THE NATION CIVIL SERVICE REFORM LEAGUE,GOVT;,"SAVOY HOTEL, NEW YORK, NY","NEW YORK, NY",CARD; ILLUS; COL; 4.5X6.5;,COMPLIMENTARY/TESTIMONIAL,FRENCH; HOTEL SEAL AT TOP;',1900-5025,,,1900-12-14,Civil Service Reform Association Of New York,,,,complete,2,16,1900-12-14,1900
13975,Unknown Menu,LOTOS CLUB,"DINNER IN HONOR OF WU TING-FAN, HIS IMPERIAL CHINESE MAJESTY'S ENVOY EXTRAORDINARY AND MINISTER PLENIPOTENTIARY TO THE UNITED STATES, SPAIN AND PERU",SOC;,"LOTOS CLUB, NEW YORK, NY","NEW YORK, NY",FOLDER; ILLUS; COL; 10.5X10;,COMPLIMENTARY/TESTIMONIAL,"MENU IN ENGLISH & CHINESE; DRAGON ON COVER; CHINESE SCROLL PRESENTATION, ONE FOR EVENT ANNOUNCEMENT, ONE FOR PHOTOGRAPH OF HONORED GUEST, ONE FOR MENU; SILK RIBBON BOW ON OUTSIDE;",1900-5026,,,1900-12-15,Lotos Club,,,,complete,6,14,1900-12-15,1900
13988,Unknown Menu,SHERRY'S,THE H.B.CLAFLIN CO. DINNER,COMMERCIAL,"SHERRY'S, NEW YORK, NY","NEW YORK, NY",BROADSHEET; ILLUS; COL; 3.5X6.5;,OTHER (COMPANY DINNER);,FRENCH; INCLUDES WINES; RESTAURANT SEAL AT TOP; MUSICAL PROGRAM ON BACK;,1900-5037,,,1900-12-15,Sherry's,,,,complete,2,23,1900-12-15,1900
13998,Unknown Menu,HAAN'S,DINNER,COMMERCIAL,"PARK ROW BUILDING, [NY]","NEW YORK, NY",CARD; 7 X 11;,,PRICED MENU; PRICED WINE LIST; NOTE ABOUT PURITY OF WATER;,1900-5076,,,1900-12-22,Haan's,,Dollars,$,complete,2,325,1900-12-22,1900
13999,Unknown Menu,C.C.N.Y.CLASS OF '80,TWENTIETH ANNIVERSARY DINNER,EDUC;,"HOTEL MANHATTAN, NY","NEW YORK, NY",FOLDER; 3.75 X 5.25;,ANNIVERSARY;,ORNAMENTAL BORDER AND CREST;,1900-5077,,,1900-12-22,C.C.N.Y.Class Of '80,,,,complete,4,19,1900-12-22,1900
14002,Unknown Menu,COLONNADE RESTAURANT,CHRISTMAS LUNCH,COMMERCIAL,"726 BROADWAY, NY","NEW YORK, NY",BROADSHEET; ILLUS; COL; 3.75 X 5.76;,RELIGIOUS HOLIDAY,NEW YEAR'S GREETING FROM OWNERS ON BACK;,1900-5088,,,1900-12-24,Colonnade Restaurant,,,,complete,2,23,1900-12-24,1900
14012,Unknown Menu,ASCHENBROEDEL VEREIN,DAILY MENU,COM,144 E.86 ST.NY,"NEW YORK, NY",BROADSHEET; 7 X 11;,,WINE LIST ON BACK; ALL ITEMS ARE PRICED;,1901-1083,,,1901-04-30,Aschenbroedel Verein,,Dollars,$,complete,2,135,1901-04-30,1900
14024,Unknown Menu,COLUMBIA RESTAURANT,BILL OF FARE,COMMERCIAL,"NEW YORK, NY","NEW YORK, NY",FOLDER; ILLUS; 7X11;,,"A LA CARTE PRICED MENU; ""BUSINESS MEN'S LUNCH 35 CENTS; TABLE D'HOTE DINNER 75 CENTS;"" PRICED WINE LIST ON BACK OF MENU; DECORATIVE WREATH;",1901-2421,,,1901-09-26,Columbia Restaurant,,Dollars,$,complete,4,510,1901-09-26,1900
14045,Unknown Menu,BRITISH SCHOOLS AND UNIVERSITIES CLUB,SIXTH ANNUAL DINNER,EDUC;,"DELMONICO'S, NEW YORK, NY","NEW YORK, NY",BROADSHEET; 8X9.75;,ANNIVERSARY;,"INCLUDES PROGRAMME; MARK TWAIN SPOKE ON ""AS IT STRIKES ME;""",1901-2644,,,1901-11-09,British Schools And Universities Club,,,,complete,2,19,1901-11-09,1900
14056,Unknown Menu,HOTEL NORMANDIE,DAILY MENU,COMMERCIAL,"BROADWAY AND 38TH ST., NEW YORK CITY","NEW YORK, NY",FOLDER; 4.5X7;,RELIGIOUS HOLIDAY,PRICED WINE LIST;,1906-1005,,,1906-12-25,Hotel Normandie,,Dollars,$,complete,4,126,1906-12-25,1900
14072,Unknown Menu,STEVENS HOUSE,MENU,COMMERCIAL,"NEW YORK, NY","NEW YORK, NY",FOLDER; ILLUS; 6X9.5;,,"A LA CARTE MENU; ""REGULAR DINNER WITH WINE, 50 CENTS;"" PRICED WINE LIST; SPECIALS IN LAVENDAR INK & DUPLICATED; DECORATIVE BORDER;",1901-2489,,,1901-10-10,Stevens House,,Dollars,$,complete,4,212,1901-10-10,1900
14094,Unknown Menu,AMERICAN STREET RAILWAY ASSOCIATION,20TH ANNUAL DINNER,COMMERCIAL,"SHERRY'S, NEW YORK, NY","NEW YORK, NY",BOOKLET; ILLUS; COL; 7X7.75;,ANNIVERSARY;,"FRENCH; WINES SERVED; TOASTS; OFFICERS & GENERAL COMMITTEE LISTED; SONGS,""AMERICA"" & ""AULD LANG SYNE;"" SKETCHES THROUGHOUT OF TROLLEY LINE STOPS, TRAINS, ETC; ON COVER, AMERICAN FLAG, EAGLE, ETC; SILK RIBBON ATTACHMENTS;",1901-2491,,,1901-10-11,American Street Railway Association,,,,complete,12,24,1901-10-11,1900
14130,Unknown Menu,THE CHEMISTS,DINNER,,WALDORF-ASTORIA,"NEW YORK, NY",CARD; ILLUS; 6.5 X 7.5;,ANNIVERSARY,"MENU IN FRENCH; MENU HEXAGONAL SURROUNDED BY ""C""S (CARBON ATOM?);",1906-1021,,,1906-12-28,The Chemists,,,,complete,4,21,1906-12-28,1900
14132,Unknown Menu,VAN LIEW'S RESTAURANT,LUNCH,COMMERCIAL,"779 BROADWAY, NEW YORK, NY","NEW YORK, NY",FOLDER; 6 X 10;,,PRICED MENU;,1906-1023,,,1906-12-28,Van Liew's Restaurant,,Dollars,$,complete,3,59,1906-12-28,1900
14134,Unknown Menu,JOHN WANAMAKER,DAILY MENU,COMMERCIAL,"BROADWAY AND 10TH STREET, NEW YORK, NY","NEW YORK, NY",FOLDER; ILLUS; COL; 6 X 10.75;,,PRICED MENU; ILLUSTRATION OF LOBSTERS;,1906-1025,,,1906-12-29,John Wanamaker,,Dollars,$,complete,4,264,1906-12-29,1900
14146,Unknown Menu,CLAREMONT HOTEL,DAILY MENU,COMMERCIAL,"RIVERSIDE DRIVE, NY","NEW YORK, NY",FOLDER; ILLUS; COL; 7 X 11;,,HISTORY OF HOTEL FROM 1776; COMPLETE WINE LIST; OPENS UP TO A FULL PAGE ILLUSTRATION OF HUDSON RIVER;,1901-2147,,,1901-08-13,Claremont Hotel,,Dollars,$,complete,4,271,1901-08-13,1900
14155,Unknown Menu,M.F.LYONS,LUNCH AND DINNER,COMMERCIAL,"259 BOWERY, NEW YORK","NEW YORK, NY",FOLDER; 7 X 11;,,PRICED WINE LIST AND MENU;,1906-1032,,,1906-12-31,M.F.Lyons,,Dollars,$,complete,4,351,1906-12-31,1900
14156,Unknown Menu,M.F.LYONS,SUPPER  AND BREAKFAST,COMMERCIAL,"259 BOWERY, NEW YORK","NEW YORK, NY",FOLDER; 7 X 11;,,PRICED WINE LIST AND MENU; PLACE NOTED BY FEB;,1906-1033,,,1906-12-31,M.F.Lyons,,Dollars,$,complete,4,387,1906-12-31,1900
14157,Unknown Menu,BRISTOL'S DINING ROOMS,SPECIALS OF DAY,COMMERCIAL,"161 BOWERY, NEW YORK","NEW YORK, NY",BROADSIDE; 6 X 11;,,PLACE NOTED BY FEB;,1906-1034,,,1906-12-31,Bristol's Dining Rooms,,Dollars,$,complete,2,89,1906-12-31,1900
14163,Unknown Menu,HAIM'S QUICK LUNCH RESTAURANT,DAILY MENU,COMMERCIAL,"358 BOWERY, NEW YORK CITY","NEW YORK, NY",BROADSHEET; 5.5X9.25;,,DATE NOTED BY FEB;,1906-1041,,,1906-12-31,Haim's Quick Lunch Restaurant,,Dollars,$,complete,2,53,1906-12-31,1900
14171,Unknown Menu,COLUMBIA RESTAURANT,LUNCH & DINNER,COM,48 . 14 ST. NY,"NEW YORK, NY",FOLDER; ILLUS; 7 X 11.25;,DAILY,ALL PRICES INCLUDED; WINE LIST ON BACK;,1901-1856,,,1901-07-04,Columbia Restaurant,,Dollars,$,complete,4,502,1901-07-04,1900
14211,Unknown Menu,RALEIGH HOTEL & RESTAURANT,DAILY MENU,COM,"663 BROADWAY,NY","NEW YORK, NY",BROADSIDE; 6.5 X 11;,DAILY,ALL PRICES LISTED;,1901-1976,,,1901-07-21,Raleigh Hotel & Restaurant,,Dollars,$,complete,2,71,1901-07-21,1900
14240,Unknown Menu,MARGARET LOUISA HOME OF THE YOUNG WOMEN'S CHRISTIAN ASSOCIATION,LUNCH,SOC;,"16 EAST 16TH STREET, [NEW YORK]","NEW YORK, NY",CARD; 4 X 4.5;,,"OPEN TO WOMEN ONLY, CHILDREN NOT ADMITTD;",1905-1011,,,1905-12-20,Margaret Louisa Home Of The Young Women's Christian Association,,Dollars,$,complete,2,12,1905-12-20,1900
14247,Unknown Menu,SIEGEL-COOPER CO.,LUNCHEON,COMMERCIAL,"SIXTH AVE AND 18TH & 19TH STS., NY","NEW YORK, NY",BROADSHEET; COL; 7X11;,DAILY;,LIST OF SUMMER DRINKS ON BACK INCLUDING RASPBERRY VINEGAR.,1901-2182,,,1901-08-20,Siegel Cooper Co.,,Dollars,$,complete,2,117,1901-08-20,1900
14274,Unknown Menu,MILLS HOTEL RESTAURANT,DINNER,COM,"BLEECKER,THOMPSON & SULLIVAN STREETS,NY","NEW YORK, NY",BROADSIDE; PHOTOGRAPH;4.5 X 9.5;,,,1901-2337,,,1901-09-14,Mills Hotel Restaurant,,,,complete,2,23,1901-09-14,1900
14333,Unknown Menu,PARK AVENUE HOTEL,"DAILY MENU, DINNER",COMMERCIAL,"NEW YORK, NY","NEW YORK, NY",BROADSIDE; 4X7.5;,,"PRICED WINE LIST; FEB NOTED ""FROM MR. LEWIS C. TWOMBLEY"";",1905-1053,,,1905-12-31,Park Avenue Hotel,,Dollars,$,complete,2,27,1905-12-31,1900
14368,Unknown Menu,NEW YORK STATE MEDICAL ASSOCIATION,ANNUAL BANQUET,PROF;,"MURRAY HILL HOTEL, NEW YORK, NY","NEW YORK, NY",FOLDER; 3.75 X 7;,ANNIVERSARY;,ILLEGIBLE NOTATION ALONGSIDE MENU; SPEAKERS 0NE OF WHOM DISCUSSED THE NEED FOR LEGISLATION FOR THE RELIEF OF THOSE AFFLICTED WITH THE DRUG HABIT;,1901-2592,,,1901-10-23,New York State Medical Association,,,,complete,4,19,1901-10-23,1900
14423,Unknown Menu,SPHINX CLUB,DINNER,SOC;,WALDOF ASTORIA,"NEW YORK, NY",FOLDER; ILLUS; COL; 5.5 X 8.5;,ANNIVERSARY(?);,MARTINIS AND CHAMPAGNE;,1907-1034,,,1907-10-04,Sphinx Club,,,,complete,4,24,1907-10-04,1900
14432,Unknown Menu,THE ECONOMIC CLUB OF NEW YORK,SECOND DINNER,SOC;,"HOTEL ASTOR, NEW YORK","NEW YORK, NY",BOOKLET; ILLUS; 5 X 8.25;,ANNIVERSARY;,CHAMPAGNE A LA CARTE; MENU IN FRENCH; DISCUSSIUON SUBJECT;,1907-1062,,,1907-12-12,The Economic Club Of New York,,,,complete,6,14,1907-12-12,1900
14453,Unknown Menu,THE LOTUS CLUB,"DINNER TO MR. WILLIAM T. EVANS, BY SOME OF HIS FRIENDS TO COMMEMORATE HIS GIFT OF AMERICAN PAINTINGS TO THE NATION",SOC;,NEW YORK CITY,"NEW YORK, NY",CARD; 4.5X6.5;,COMPLIMENTARY/TESTIMONIAL,WINES LISTED; MENU IN FRENCH;,1907-1087,,,1907-12-18,The Lotus Club,,,,complete,2,13,1907-12-18,1900
14459,Unknown Menu,THE IDEALA CLUB,DINNER,SOC;,WALDORF-ASTORIA,"NEW YORK, NY",CARD; 3.5 X 4.75;,OTHER (SOC?);,MENU IN FRENCH;,1907-1098,,,1907-12-23,The Ideala Club,,,,complete,2,14,1907-12-23,1900
14471,Unknown Menu,B.C.T.,23RD ANNUAL DINNER,SOC;,"WALDOF-ASTORIA, [NEW YORK]","NEW YORK, NY",FOLDER; COL; ILLUS; 7 X 10;,ANNIVERSARY;,WINES WITH EACH COURSE; GRAY AND PURPLE STOCK; ORNAMENTAL BORDERS;,1907-1120,,,1907-12-30,B.C.T.,,,,complete,4,22,1907-12-30,1900
16512,Unknown Menu,MARIE ANTOINETTE HOTEL,DINNER,COMMERCIAL,"NEW YORK, NY","NEW YORK, NY",BROADSIDE; ILLUS; COL; 6.5X9.75;,OTHER (DAILY);,A LA CARTE MENU; HOTEL SEAL AT TOP OF  MENU;,1900-2134,,,1900-02-25,Marie Antoinette Hotel,,Dollars,$,complete,2,123,1900-02-25,1900
16515,Unknown Menu,MARIE ANTOINETTE HOTEL,LUNCHEON,COMMERCIAL,"NEW YORK, NY","NEW YORK, NY",BROADSIDE; ILLUS; COL; 4.75X7.5;,OTHER (DAILY);,"A LA CARTE, PRICED MENU; HOTEL SEAL AT TOP;",1900-2143,,,1900-02-26,Marie Antoinette Hotel,,Dollars,$,complete,2,81,1900-02-26,1900
16618,Unknown Menu,WALDORF-ASTORIA,DINNER,COMMERCIAL,NYC,"NEW YORK, NY",BROADSIDE;ILLUS;5X8.5;,,ALL ITEMS PRICED INDIVDUALY;,1907-1129,,,1907-12-31,Waldorf Astoria,,Dollars,$,complete,2,119,1907-12-31,1900
16657,Unknown Menu,MARIE ANTOINETTE HOTEL,DINNER,COMMERCIAL,"NEW YORK, NY","NEW YORK, NY",BROADSIDE; ILLUS; COL; 6.5X8.75;,OTHER (DAILY);,A LA CARTE PRICED MENU; HOTEL SEAL AT TOP;,1900-2153,,,1900-02-26,Marie Antoinette Hotel,,Dollars,$,complete,2,123,1900-02-26,1900
16706,Unknown Menu,NATIONAL HORSE SHOW ASSOCIATION OF AMERICA,COMPLIMENTARY LUNCHEON,OTHER (SPECIAL INTEREST GROUP);,"MADISON SQUARE GARDEN, NEW YORK, NY","NEW YORK, NY",FOLDER; ILLUS; COL; 3.25X5.5;,COMPLIMENTARY/TESTIMONIAL,ASSOCIATION SEAL ON COVER;,1901-2663,,,1901-11-17,National Horse Show Association Of America,,,,complete,4,13,1901-11-17,1900
16737,Unknown Menu,MARIE ANTOINETTE HOTEL,DINNER,COMMERCIAL,"NEW YORK, NY","NEW YORK, NY",BROADSIDE; ILLUS; COL; 6.5X8.75;,,A LA CARTE PRICED DINNER MENU; HOTEL SEAL AT TOP OF MENU;,1900-2027,,,1900-02-22,Marie Antoinette Hotel,,Dollars,$,complete,2,123,1900-02-22,1900
16811,Unknown Menu,HOTEL KNICKERBOCKER,"DAILY MENU, SUPPER",COMMERCIAL,"NEW YORK, NY","NEW YORK, NY",CARD; ILLUS; COL; 7.75X12;,,DATE NOTED BY FEB;,1906-1013,,,1906-12-25,Hotel Knickerbocker,,Dollars,$,complete,2,92,1906-12-25,1900
16813,Unknown Menu,HOTEL ST. REGIS,"DAILY MENU, DINNER",COMMERCIAL,NEW YORK CITY,"NEW YORK, NY",CARD; 5X8;,,MENU IN BOTH FRENCH AND ENGLISH;,1906-1047,,,1906-12-31,Hotel St. Regis,,Dollars,$,complete,2,182,1906-12-31,1900
16849,Unknown Menu,MARIE ANTOINETTE HOTEL,DINNER MENU,COMMERCIAL,"NEW YORK, NY","NEW YORK, NY",BROADSIDE; ILLUS; COL; 6.5X8.75;,,PRICED MENU; HOTEL SEAL AT TOP OF MENU;,1900-1023,,,1900-02-12,Marie Antoinette Hotel,,Dollars,$,complete,2,124,1900-02-12,1900
16912,Unknown Menu,CENTRAL RESTAURANT,DINNER,COMMERCIAL,"143 LIBERTY STREET, NY","NEW YORK, NY",CARD; 4.5 X 5.75;,,TABLE D'HOTE DINNER; WINE INCLUDED; PRICED AT 75 CENTS WHEN SERVED FROM 5 TO 8 P.M.; ADDITIONAL PRICED WINE LIST ON BACK;,1900-3376,,,1900-05-23,Central Restaurant,,Dollars,$,complete,2,89,1900-05-23,1900
16998,Unknown Menu,SONS OF THE REVOLUTION,WASHINGTON'S BIRTHDAY,PATR;,"DELMONICO'S, NEW YORK, NY","NEW YORK, NY",BOOKLET; ILLUS; COL; 5.75X7.5;,PATRIOTIC HOLIDAY;,"TOASTS; BEAUTIFULLY ENGRAVED PORTRAIT OF WASHINGTON, ALSO ENGRAVED SKETCHES OF MOUNT VERNON, ANCESTRAL HOME IN ENGLAND, MANOR HOUSE IN SULGRAVE AND CHURCHES IN SULGRAVE; SEAL ON COVER; SILK CORD ATTACHMENT;",1900-2039,,,1900-02-22,Sons Of The Revolution,,,,complete,16,20,1900-02-22,1900
17000,Unknown Menu,MARIE ANTOINETTE HOTEL,LUNCHEON,COMMERCIAL,"NEW YORK, NY","NEW YORK, NY",BROADSIDE; ILLUS; COL; 4.75X7.5;,,A LA CARTE PRICED MENU; GOLD SEAL AT TOP OF MENU;,1900-2051,,,1900-02-22,Marie Antoinette Hotel,,Dollars,$,complete,2,82,1900-02-22,1900
17006,Unknown Menu,HOTEL MARIE ANTOINETTE,DINNER,COMMERCIAL,"66TH ST AND BROADWAY,NEW YORK,NY","NEW YORK, NY",CARD;ILL;COL;6.5X8.75;,DAILY;,,1900-2110,,,1900-02-24,Hotel Marie Antoinette,,Dollars,$,complete,2,122,1900-02-24,1900
17008,Unknown Menu,HOTEL MARIE ANTOINETTE,LUNCHEON,COMMERCIAL,"66TH ST AND BROADWAY,NEW YORK,NY","NEW YORK, NY",CARD;ILL;COL;4.5X7.5;,DAILY;,,1900-2115,,,1900-02-25,Hotel Marie Antoinette,,Dollars,$,complete,2,83,1900-02-25,1900
17018,Unknown Menu,MILLS HOTEL RESTAURANT,BILL OF FARE,COMMERCIAL,"NEW YORK, NY","NEW YORK, NY",BROADSHEET; 3.5X6;,,"""REGULAR BREAKFAST, 15C; REGULAR DINNER, 15C; 2L MEAL TICKETS FOR $3.00;""",1900-2573,,,1900-03-25,Mills Hotel Restaurant,,,,complete,2,51,1900-03-25,1900
17024,Unknown Menu,MILLS HOTEL,DAILY MENU,COMMERCIAL,"BLEECKER STREET, NEW YORK","NEW YORK, NY",BROADSHEET; 3.75 X 6;,,COMMUTATION TICKETS; TABLES RESERVED FOR LADIES;,1900-2585,,,1900-03-23,Mills Hotel,,Dollars,$,complete,2,56,1900-03-23,1900
17025,Unknown Menu,MILLS HOTEL,DAILY MENU,COMMERCIAL,"BLEECKER STREET, NEW YORK","NEW YORK, NY",BROADSHEET; 3.75 X 6;,,COMMUTATION TICKETS; TABLES RESERVED FOR LADIES;,1900-2586,,,1900-03-26,Mills Hotel,,Dollars,$,complete,2,55,1900-03-26,1900
17026,Unknown Menu,MILLS HOTEL,DAILY MENU,COMMERCIAL,"BLEECKER STREET, NEW YORK","NEW YORK, NY",BROADSHEET; 3.75 X 6;,,COMMUTATION TICKETS; TABLES RESERVED FOR LADIES;,1900-2587,,,1900-03-28,Mills Hotel,,,,complete,2,60,1900-03-28,1900
17027,Unknown Menu,MILLS HOTEL,DAILY MENU,COMMERCIAL,"BLEECKER STREET, NEW YORK","NEW YORK, NY",BROADSHEET; 3.75 X 6;,,COMMUTATION TICKETS; TABLES RESERVED FOR LADIES;,1900-2588,,,1900-03-27,Mills Hotel,,,,complete,2,56,1900-03-27,1900
17048,Unknown Menu,HOTEL MANHATTAN,DINNER,COMMERCIAL,"NEW YORK, NY","NEW YORK, NY",CARD; 4.5 X 7.5;,,ILLUSRATION OF THE SEAL OF NEW YORK CITY(?);,1900-1127,,,1900-02-17,Hotel Manhattan,,,,complete,2,15,1900-02-17,1900
19715,Unknown Menu,HOTEL MARIE ANTOINETTE,LUNCHEON,COMMERCIAL,66TH STREET AND BROADWAY [NY],"NEW YORK, NY",CARD;4.75 X 7.5;,,PRICED MENU;,1900-2193,,,1900-02-27,Hotel Marie Antoinette,,Dollars,$,complete,2,81,1900-02-27,1900
19716,Unknown Menu,HOTEL MARIE ANTOINETTE,LUNCHEON,COMMERCIAL,66TH STREET AND BROADWAY [NY],"NEW YORK, NY",CARD;4.75 X 7.5;,,PRICED MENU;,1900-2194,,,1900-02-28,Hotel Marie Antoinette,,Dollars,$,complete,2,80,1900-02-28,1900
19717,Unknown Menu,HOTEL MARIE ANTOINETTE,DINNER,COMMERCIAL,66TH STREET AND BROADWAY [NY],"NEW YORK, NY",CARD; 6.5 X 8.75;,,PRICED MENU;,1900-2195,,,1900-02-27,Hotel Marie Antoinette,,Dollars,$,complete,2,123,1900-02-27,1900
19718,Unknown Menu,HOTEL MARIE ANTOINETTE,DINNER,COMMERCIAL,66TH STREET AND BROADWAY [NY],"NEW YORK, NY",CARD; 6.5 X 8.75;,,PRICED MENU;,1900-2196,,,1900-02-28,Hotel Marie Antoinette,,Dollars,$,complete,2,123,1900-02-28,1900
19719,Unknown Menu,HOTEL MARIE ANTOINETTE,LUNCHEON,COMMERCIAL,"66TH ST AND BROADWAY,NEW YORK,NY","NEW YORK, NY",CARD;ILL;COL;4.75X7.5;,DAILY;,,1900-2222,,,1900-03-01,Hotel Marie Antoinette,,Dollars,$,complete,2,82,1900-03-01,1900
19720,Unknown Menu,HOTEL MARIE ANTOINETTE,DINNER,COMMERCIAL,"66TH ST AND BROADWAY,NEW YORK,NY","NEW YORK, NY",CARD;ILL;COL;6.5X8.75;,DAILY;,,1900-2223,,,1900-03-01,Hotel Marie Antoinette,,Dollars,$,complete,2,124,1900-03-01,1900
19722,Unknown Menu,HOTEL MARIE ANTOINETTE,DINNER,COMMERCIAL,"66TH ST AND BROADWAY,NEW YORK,NY","NEW YORK, NY",CARD;ILL;COL;6.5X8.75;,DAILY;,,1900-2227,,,1900-03-02,Hotel Marie Antoinette,,Dollars,$,complete,2,123,1900-03-02,1900
19729,Unknown Menu,PARK AVENUE HOTEL,LUNCHEON,COMMERCIAL,"NEW YORK,NY","NEW YORK, NY",CARD;ILL;COL;4.5X7;,DAILY;,COAT OF ARMS;,1900-2238,,,1900-03-02,Park Avenue Hotel,,,,complete,2,47,1900-03-02,1900
20009,Unknown Menu,CENTRAL RESTAURANT,DINNER,COMMERCIAL,"143 LIBERTY STREET, NY","NEW YORK, NY",CARD; 4.5 X 5.75;,,TABLE D'HOTE DINNER; PRICED AT 50 CENTS WHEN SERVED FROM 11 A.M TO 3 P.M.; ADDITIONAL PRICED WINE LIST ON BACK;,1900-3377,,,1900-05-23,Central Restaurant,,,,complete,2,85,1900-05-23,1900
20228,Unknown Menu,FIFTH AVENUE HOTEL,MENU,COMMERCIAL,"NEW YORK, NY","NEW YORK, NY",FOLDER; ILLUS; 6.5X9.25;,,"A LA CARTE MENU; ILLUSTRATION OF HOTEL ON FRONT COVER, HISTORY OF HOTEL ON BACK COVER;",1901-1153,,,1901-05-06,Fifth Avenue Hotel,,Dollars,$,complete,4,355,1901-05-06,1900
20229,Unknown Menu,FIFTH AVENUE HOTEL,LUNCHEON,COMMERCIAL,"NEW YORK, NY","NEW YORK, NY",CARD; 4X6.75;,,"TABLE D'HOTE MENU; [ON BACK OF MENU, ""RESTAURANT 24 ST. SIDE"" ENTERED BY FEB];",1901-1155,,,1901-05-06,Fifth Avenue Hotel,,Dollars,$,complete,2,44,1901-05-06,1900
20262,Unknown Menu,PARK AVENUE HOTEL,LUNCHEON,COMMERCIAL,"NEW YORK, NY","NEW YORK, NY",BROADSIDE; ILLUS; COL; 5X7.25;,,PRICED MENU; HOTEL SEAL AT TOP OF MENU; 2 COPIES;,1900-2249,,,1900-03-03,Park Avenue Hotel,,Dollars,$,complete,2,79,1900-03-03,1900
20263,Unknown Menu,PARK AVENUE HOTEL,BREAKFAST,COMMERCIAL,"NEW YORK, NY","NEW YORK, NY",BROADSIDE; ILLUS; COL; 5X7.25;,,TABLE D'HOTE MENU; HOTEL SEAL AT TOP OF MENU;,1900-2250,,,1900-03-03,Park Avenue Hotel,,,,complete,2,109,1900-03-03,1900
20265,Unknown Menu,PARK AVENUE HOTEL,LUNCHEON,COMMERCIAL,"NEW YORK, NY","NEW YORK, NY",BROADSIDE; ILLUS; COL; 5X7.25;,,A LA CARTE MENU; HOTEL SEAL AT TOP;,1900-2255,,,1900-03-03,Park Avenue Hotel,,Dollars,$,complete,2,80,1900-03-03,1900
20271,Unknown Menu,MARIE ANTOINETTE HOTEL,LUNCHEON,COMMERCIAL,"NEW YORK, NY","NEW YORK, NY",BROADSIDE; ILLUS; COL; 4.75X7.5;,,A LA CARTE MENU; HOTEL SEAL AT TOP OF MENU;,1900-2266,,,1900-03-03,Marie Antoinette Hotel,,Dollars,$,complete,2,81,1900-03-03,1900
20272,Unknown Menu,MARIE ANTOINETTE HOTEL,DINNER,COMMERCIAL,"NEW YORK, NY","NEW YORK, NY",BROADSIDE; ILLUS; COL; 6.5X8.75;,,A LA CARTE MENU; HOTEL SEAL AT TOP OF MENU;,1900-2267,,,1900-03-03,Marie Antoinette Hotel,,Dollars,$,complete,2,122,1900-03-03,1900
20278,Unknown Menu,HOTEL SAVOY,DINNER,COMMERCIAL,"FIFTH AVENUE AND 59TH STREET, NEW YORK, NY","NEW YORK, NY",CARD; 6.25 X 9.25;,,LOGO; AMERICAN PLAN MENU; NOTE ABOUT PURITY OF WATER;,1900-2442,,,1900-03-14,Hotel Savoy,,,,complete,2,61,1900-03-14,1900
20279,Unknown Menu,HOTEL SAVOY,LUNCHEON,COMMERCIAL,"FIFTH AVENUE AND 59TH STREET, NEW YORK, NY","NEW YORK, NY",CARD; 6.25 X 9.25;,,PRICED MENU; LOGO; NOTE ABOUT PURITY OF WATER;,1900-2443,,,1900-03-14,Hotel Savoy,,Dollars,$,complete,2,126,1900-03-14,1900
20280,Unknown Menu,HOTEL SAVOY,LUNCHEON,COMMERCIAL,"FIFTH AVENUE AND 59TH STREET, NEW YORK, NY","NEW YORK, NY",CARD; 6.25 X 9.25;,,AMERICAN PLAN MENU; LOGO; NOTE ABOUT PURITY OF WATER;,1900-2444,,,1900-03-14,Hotel Savoy,,,,complete,2,56,1900-03-14,1900
20281,Unknown Menu,HOTEL SAVOY,DINNER,COMMERCIAL,"FIFTH AVENUE AND 59TH STREET, NEW YORK, NY","NEW YORK, NY",CARD; 6.25 X 9.25;,,LOGO; PRICED MENU; NOTE ABOUT PURITY OF WATER;,1900-2446,,,1900-03-14,Hotel Savoy,,Dollars,$,complete,2,157,1900-03-14,1900
20349,Unknown Menu,NATIONAL HORSE SHOW ASSOCIATION OF AMERICA,COMPLIMENTARY LUNCHEON,SOC;,"MADISON SQUARE GARDEN, NEW YORK, NY","NEW YORK, NY",BOOKLET; ILLUS; COL; 3.5X5.75;,,ASSOCIATION SEAL AT TOP OF MENU;,1900-4885,,,1900-11-18,National Horse Show Association Of America,,,,complete,4,15,1900-11-18,1900
20507,Unknown Menu,FIFTH AVENUE HOTEL,SUPPER,COMMERCIAL,"NEW YORK, NY","NEW YORK, NY",CARD; 4X6.75;,,"TABLE D'HOTE MENU; [ON BACK OF MENU, ""RESTAURANT 24 ST. SIDE"" ENTERED BY FEB];",1901-1156,,,1901-05-06,Fifth Avenue Hotel,,,,complete,2,42,1901-05-06,1900
20570,Unknown Menu,HOTEL SAVOY,BREAKFAST,COMMERCIAL,FIFTH AVENUE & FIFTY-NINTH STREET;,"NEW YORK, NY",CARD; COL; 6.25X9.5;,,DATE HAND-WRITTEN [BY FEB?]; UNPRICED MENU PRINTED IN GREEN; CREST WITH EAGLE;,1900-3094,,,1900-05-04,Hotel Savoy,,,,complete,2,98,1900-05-04,1900
20713,Unknown Menu,BROADWAY CENTRAL HOTEL,LUNCHEON,COMMERCIAL,"NEW YORK, [NY]","NEW YORK, NY",CARD; 5.5X8.25;,,,1900-2691,,,1900-04-07,Broadway Central Hotel,,,,complete,2,55,1900-04-07,1900
20714,Unknown Menu,PARK AVENUE HOTEL,LUNCHEON,COMMERCIAL,"NEW YORK, [NY]","NEW YORK, NY",CARD; 5.0X7.25;,,LUNCHEON SERVED 12:30 TO 2:30; A LA CARTE MENU; HOTEL LOGO IN PINK;,1900-2703,,,1900-04-07,Park Avenue Hotel,,Dollars,$,complete,2,87,1900-04-07,1900
20715,Unknown Menu,PARK AVENUE HOTEL,LUNCHEON,COMMERCIAL,"NEW YORK, [NY]","NEW YORK, NY",CARD; 4.5X7.0;,,LUNCHEON SERVED 1:00 TO 2:30; TABLE D'HOTE MENU; HOTEL LOGO IN PURPLE;,1900-2704,,,1900-04-07,Park Avenue Hotel,,,,complete,2,48,1900-04-07,1900
20716,Unknown Menu,PARK AVENUE HOTEL,DINNER,COMMERCIAL,"NEW YORK, [NY]","NEW YORK, NY",CARD; 6.0X9.5;,,A LA CARTE MENU; SERVED FROM 5:30 TO 8:00 P.M.; HOTEL LOGO IN TURQUOISE;,1900-2706,,,1900-04-07,Park Avenue Hotel,,Dollars,$,complete,2,164,1900-04-07,1900
20717,Unknown Menu,PARK AVENUE HOTEL,BREAKFAST,COMMERCIAL,"NEW YORK, [NY]","NEW YORK, NY",CARD; 5.0X7.75;,,HALF PORTION BREAKFAST MENU; SERVED FROM 6 A.M. UNTIL 12:30 P.M.; HOTEL LOGO IN PINK; DATE HAND-WRITTEN ON FRONT OF MENU [FEB?]; ALSO 13 JAN 1900 HAND-WRITTEN [FEB?] ON REVERSE;,1900-2707,,,1900-04-07,Park Avenue Hotel,,Dollars,$,complete,2,84,1900-04-07,1900
20718,Unknown Menu,PARK AVENUE HOTEL,DINNER,COMMERCIAL,"NEW YORK, [NY]","NEW YORK, NY",CARD; 5.0X7.25;,,DINNER MENU TABLE D'HOTE; SERVED FROM 6 TO 8; HOTEL LOGO IN PINK;,1900-2708,,,1900-04-07,Park Avenue Hotel,,,,complete,2,47,1900-04-07,1900
20719,Unknown Menu,SHERMAN SQUARE HOTEL,MENU,COMMERCIAL,"NEW YORK, NY","NEW YORK, NY",CARD; ILLUS; COL; 4.75X6.75;,,TABLE D'HOTE MENU; HOTEL SEAL AT TOP OF MENU;,1900-2723,,,1900-04-08,Sherman Square Hotel,,,,complete,2,31,1900-04-08,1900
20789,Unknown Menu,WALDORF-ASTORIA,LUNCHEON,COMMERCIAL,NYC,"NEW YORK, NY",BROADSIDE;ILLUS;5X8.5;,,ALL ITEMS PRICED INDIVDUALY;,1907-1128,,,1907-12-31,Waldorf Astoria,,Dollars,$,complete,2,120,1907-12-31,1900
20833,Unknown Menu,MARIE ANTOINETTE HOTEL,LUNCHEON,COMMERCIAL,"NEW YORK, NY","NEW YORK, NY",CARD; ILLUS; COL; 4.5X7.5;,,PRICED MENU; HOTEL SEAL AT TOP;,1900-2281,,,1900-03-04,Marie Antoinette Hotel,,Dollars,$,complete,2,80,1900-03-04,1900
20834,Unknown Menu,MARIE ANTOINETTE HOTEL,DINNER,COMMERCIAL,"NEW YORK, NY","NEW YORK, NY",CARD; ILLUS; COL; 6.5X8.75;,,PRICED MENU; HOTEL SEAL AT TOP;,1900-2282,,,1900-03-04,Marie Antoinette Hotel,,Dollars,$,complete,2,120,1900-03-04,1900
20950,Unknown Menu,PARK AVENUE HOTEL,DINNER,COMMERCIAL,"NEW YORK, NY","NEW YORK, NY",BROADSIDE; ILLUS; 5X7.25;,,TABLE D'HOTE MENU; SEAL AT TOP;,1900-5033,,,1900-12-15,Park Avenue Hotel,,,,complete,2,45,1900-12-15,1900
20966,The Modern,The Modern,Dinner,RESTAURANT,"9 W 53rd St, New York, NY 10019","NEW YORK, NY","4"" by 14"" broadside",,Restaurant at MoMa run by Danny Meyer's Union Square Hospitality Group,2008-0000,,,2008-03-03,The Modern,,Dollars,$,complete,6,29,2008-03-03,2000
20979,Unknown Menu,ST. REGIS HOTEL,DINER/DINNER,COMMERCIAL,"NEW YORK, NY","NEW YORK, NY",CARD; 5X8;,,MENU IN FRENCH AND ENGLISH;,1905-505,,,1905-06-23,St. Regis Hotel,,Dollars,$,complete,2,149,1905-06-23,1900
20998,Unknown Menu,OLD GUARD BALL,BALL,SOCIAL,METROPOLITAN OPERA HOUSE,"NEW YORK, NY",CARD;4.5 X 7;,,WINE LIST ON BACK;,1888-006,,,1888-01-17,Old Guard Ball,,Dollars,$,complete,2,23,1888-01-17,1880
20999,Unknown Menu,WEST END ASSOCIATION,DINNER,POL;,HOTEL SAVOY; NEW YORK,"NEW YORK, NY",CARD; 4.5 X 6.5;,OTHER (MEETING?);,HOTEL CREST;,1900-058,,,1900-01-06,West End Association,,,,complete,2,16,1900-01-06,1900
21003,Unknown Menu,ALUMNI ASSOCIATION OF THE CUMBERLAND STREET & BROOKLYN HOMEOPATHIC HOSPITALS,ANNUAL MEETING,EDUC;,LINCOLN CLUB [NY],"NEW YORK, NY",FOLDER;ILLUS;COL;5X7.5;,AMNNUAL;,,1906-788,,,1906-11-02,Alumni Association Of The Cumberland Street & Brooklyn Homeopathic Hospitals,,,,complete,4,22,1906-11-02,1900
21009,Unknown Menu,HOTEL VENDOME,DEWEY DAY DINNER,COMMERCIAL,NEW YORK CITY,"NEW YORK, NY",FOLDER; ILLUS; COL; 5.5 X 7;,PATRIOTIC HOLIDAY;,AMERICAN FLAG IN COLOR ON COVER;,1899-402,,,1899-05-01,Hotel Vendome,,,,complete,4,43,1899-05-01,1890
21015,Unknown Menu,CAFE BOULEVARD,SUNDAY DINNER,COMMERCIAL,"156 SECOND AVENUE, [NY]","NEW YORK, NY",CARD; ILLUS; COL; 5 X 7;,DAILY MEAL;,PRIX FIXE DINNER; ARTHURIAN ILLUSTRATION;,1899-707,,,1899-11-12,Cafe Boulevard,,,,complete,2,15,1899-11-12,1890
21022,Unknown Menu,BOARD OF MANAGERS OF THE PRIVATE CHARITABLE INSTITUTIONS,DIBNNER TO EDWARD M. GROUT,PROF;,"WALDORF-ASTORIA, NEW YORK","NEW YORK, NY",BOOKLET; COL; ILLUS; 8.5 X 11.25;,COMPLIMENTARY/TESTIMONIAL,WINES WITH EACH COURSE; MENU IN FRENCH; PHOTO OF E. M. GROUT; DRAWING OF STATUE WITH CHARITY MOTIF; BUFF STOCK;,1905-985,,,1905-12-21,Board Of Managers Of The Private Charitable Institutions,,,,complete,12,22,1905-12-21,1900
21026,Unknown Menu,ARKWRIGHT CLUB,LUNCH,,"(NEW YORK,NY)","NEW YORK, NY",FOLDER;ILL;COL;4X5;,,"MUSICAL PROGRAM;PRICED WINE LIST;""N.Y. CITY.""WRITTEN BY HAND;",1899-216,,,1899-02-27,Arkwright Club,,,,complete,4,24,1899-02-27,1890
21027,Unknown Menu,METROPOLITAN LIFE INSURANCE COMPANY,CONVENTION OF SUPERINTENDENTS,COMMERCIAL,"DELMONICO'S, NEW YORK, NY","NEW YORK, NY",FOLDER; 5X6.75;,OTHER (CONVENTION);,,1899-156,,,1899-01-28,Metropolitan Life Insurance Company,,,,complete,4,20,1899-01-28,1890
21029,Unknown Menu,THE ALDINE CLUB,IN HONOR OF MR. HALL CAINE,(SOC);,"NEW YORK,NY","NEW YORK, NY",FOLDER; ILL; 6X8.5;,COMPLIMENTARY/TESTIMONIAL,PORTRAIT OF MAN POSSIBLY MR. HALL CAINE; INSIDE OF MENU LABELED FOR AUTOGRAPHS;,1895-177,,,1895-11-01,The Aldine Club,,,,complete,4,16,1895-11-01,1890
21030,Unknown Menu,HUGUENOT SOCIETY OF AMERICA,DINNER,PATR;,DELMONICO'S NY,"NEW YORK, NY",BOOKLET; ILLUS; 6 X 7.5;,ANNIVERSARY;,"FRENCH; SEAL ON COVER; WINES; SPEECHES; RED, WHITE AND BLUE CORD;",1898-146,,,1898-04-14,Huguenot Society Of America,,,,complete,12,23,1898-04-14,1890
21033,Unknown Menu,R.H. MACY & CO.,"DAILY MENU, BREAKFAST",COMMERCIAL,"NEW YORK,NY","NEW YORK, NY",BROADSHEET; 5.25X9;,,DATE NOTED BY FEB;,1905-953,,,1905-12-07,R.H. Macy & Co.,,Dollars,$,complete,2,154,1905-12-07,1900
21048,Unknown Menu,WEST SIDE REPUBLICAN CLUB,ANNUAL DINNER,POL;,"WALDORF-ASTORIA, NEW YORK, NY","NEW YORK, NY",FOLDER; ILLUS; 3.75X5.5;,ANNIVERSARY;,FRENCH; OFFICERS LISTED; PHOTO OF CLUBHOUSE ON BACK COVER; INCLUDES SEATING PLAN;,1901-181,,,1901-01-25,West Side Republican Club,,,,complete,2,20,1901-01-25,1900
21051,Unknown Menu,NEW GRAND HOTEL,"DAILY MENU, BREAKFAST",COMMERCIAL,"NEW YORK, NY","NEW YORK, NY",CARD; 7X11;,,DATE NOTED BY FEB;,1905-467,,,1905-06-15,New Grand Hotel,,Dollars,$,complete,2,173,1905-06-15,1900
21059,Unknown Menu,ALBANY SOCIETY OF NEW YORK,SEVENTH ANNUAL REUNION DINNER,POL;,"DELMONICO'S,(NY?)","NEW YORK, NY",BOOKLET;ILLUS;COL;5.5X8;,ANNIVERSARY;,THIN CORD AT LEFT;EMBLEM;QUOTATIONS WITH MENU ITEMS;NAMES;TOASTS;PLACE FOR AUTOGRAPHS;,1901-075,,,1901-01-09,Albany Society Of New York,,,,complete,8,26,1901-01-09,1900
21060,Unknown Menu,ST. REGIS HOTEL,LUNCHEON/DEJEUNER FOURCHETTE,COMMERCIAL,"NEW YORK, NY","NEW YORK, NY",CARD; 5X8;,,FRENCH AND ENGLISH;,1906-279,,,1906-03-08,St. Regis Hotel,,Dollars,$,complete,2,191,1906-03-08,1900
21061,Unknown Menu,TEUTONIA LODGE 617 F. & A.M.,BANQUET AND BALL,SOC;,"TEUOTINIA ASSEMBLY ROOMS, (?NEW YORK, NY?)","NEW YORK, NY",BROADSIDE; ILLUS; COL; 6X9;,OTHER (BANQUET & BALL);,MENU PRINTED ON MOET & CHANDON FORM WITH SPECIAL FEMALE HOLDING A CHAMPAGNE GLASS THAT IS COMPANY INSIGNIA;,1906-197,,,1906-02-20,Teutonia Lodge 617 F. & A.M.,,,,complete,2,23,1906-02-20,1900
21065,Unknown Menu,UNIVERSITY CLUB,DAILY MENU,SOC;,"NEW YORK, NY","NEW YORK, NY",FOLDER; 5.50 X 9.25;,,TREMENDOUS NUMBER OF SELECTIONS AVAILABLE ON CARTE DU JOUR;,1892-055,,,1892-04-22,University Club,,Dollars,$,complete,4,166,1892-04-22,1890
21066,Unknown Menu,THIRD PANEL SHERIFF'S JURY,ANNUAL DINNER,GOVT;,DELMONICO'S [NY],"NEW YORK, NY",ILLUS; CARD FOLDER; 6.5 X 8.25;,0THER (ANNIV),CHERUB; GRAPES; WINES;,1895-037,,,1895-02-14,Third Panel Sheriff's Jury,,,,complete,4,34,1895-02-14,1890
21068,Unknown Menu,THE ANSONIA,SUPPER,COMMERCIAL,"BROADWAY AND 73RD STREET, NEW YORK","NEW YORK, NY",CARD; 4.25 X 6.5;,,PRICED MENU; LOGO;,1907-057,,,1907-01-09,The Ansonia,,Dollars,$,complete,2,69,1907-01-09,1900
21071,Unknown Menu,CORNELL ALUMNI IN NEW YORK & VICINITY,ANNUAL DINNER,EDUC;,"WALDORF-ASTORIA HOTEL, NEW YORK, NY","NEW YORK, NY",BOOKLET; ILLUS; COL; 5.5X8.5;,ANNIVERSARY;,"FRENCH; INCLUDES TOASTS, DINNER & EXECUTIVE COMMITTEE LISTINGS; DECORATIVE BORDER & DESIGN; SILK CORD ATTACHMENT;",1901-085,,,1901-01-12,Cornell Alumni In New York & Vicinity,,,,complete,8,21,1901-01-12,1900
21076,Unknown Menu,KNICKERBOCKER COTTAGE,DINNER,,"456 SIXTH AVE,[NEW YORK,NY?]","NEW YORK, NY",CARD;5.5X5.5;,,PLACE WRITTEN BY HAND;,1901-970,,,1901-04-20,Knickerbocker Cottage,,,,complete,2,16,1901-04-20,1900
21081,Unknown Menu,MANHATTAN CLUB,DINNER,SOCIAL CLUB,"NEW YORK,NY","NEW YORK, NY",FOLDER,,MENU IN FRENCH,1866-001,,,1866-10-24,Manhattan Club,,,,complete,4,35,1866-10-24,1860
21083,Unknown Menu,LEONARD LEWISOHN,COMPLIMENTARY DINNER TO THE FELLOW PASSENGERS OF THE NORMANNIA TO MEET MR. ROBERT M. THOMPSON,PRIVATE PARTY;,"DELMONICO'S, [NEW YORK]","NEW YORK, NY",FOLDER; ILL; 7.5X5.5;,SEE ABOVE EVENT;,FASTENED AT TOP IN TWO PLACES BY RIBBONS; FRENCH MENU; WINES AND LIQUERS,1892-115,,,1891-10-10,Leonard Lewisohn,,,,complete,4,28,1891-10-10,1890
21090,Unknown Menu,AZTEC CLUB,DINNER,SOC;,SHERRY'S NY,"NEW YORK, NY",BROADSIDE; ILLUS; 3.75 X 6;,ANNIVERSARY;,WINES LISTED;,1899-619,,,1899-10-13,Aztec Club,,,,complete,2,26,1899-10-13,1890
21099,Unknown Menu,NEW YORK UNIVERSITY ALUMNI ASSOCIATION,DINNER,EDUC;,SHERRY'S NY,"NEW YORK, NY",BROADSIDE; 2.75 X 4.5;,,MENU IN FRENCH;,1899-796,,,1899-12-05,New York University Alumni Association,,,,complete,2,8,1899-12-05,1890
21100,Unknown Menu,ST. ANDREW'S SOCIETY OF THE STATE OF NEW YORK,138TH ANNIVERSARY,SOC;,"DELMONICO'S, NEW YORK, NY","NEW YORK, NY",FOLDER; ILLUS; COL; 5.2X8.7;,RITE (ANNIVERSARY);,"FRENCH; SIGNIA OF ST. ANDREW'S ON COVER, MEN IN SCOTTISH KILTS ON BACK COVER INCLUDES TOASTS AND PRICED WINE LIST;",1894-113,,,1894-11-30,St. Andrew's Society Of The State Of New York,,Dollars,$,complete,4,45,1894-11-30,1890
21103,Unknown Menu,NEW YORK PIANO MANUFACTURERS' ASSOCIATION,DINNER,COMMERCIAL,"MURRAY HILL HOTEL, THE, NEW YORK, NY","NEW YORK, NY",BOOKLET; ILLUS; COL; 4X6;,,INCLUDES COCKTAILS AND WINES SERVED WITH INDIVIDUAL COURSES; HOTEL SEAL ON COVER;,1906-733,,,1906-10-03,New York Piano Manufacturers' Association,,,,complete,4,23,1906-10-03,1900
21106,Unknown Menu,CORTLAND NORMAL ALUMNI,ANNUAL BANQUET,EDUC;,"VENDOME HOTEL,NYC","NEW YORK, NY",BOOKLET; 5.5X8;,ANNUAL;,SPEAKERS INCLUDED;LIST OF ALUMNI ATTENDING WITH THEIR ADDRESSES & DATE OF GRADUATION;,1906-427,,,1906-04-28,Cortland Normal Alumni,,,,complete,4,20,1906-04-28,1900
21133,Unknown Menu,NY CITY HOTEL ASSOCIATION,6TH ANNUAL BANQUET,COMMERCIAL,DELMONICO'S NY,"NEW YORK, NY",FOLDER;ILLUS;7X8.75;,ANNUAL DINNER,LIST OF SPEAKERS;,1895-005,,,1895-01-10,Ny City Hotel Association,,,,complete,4,37,1895-01-10,1890
21136,Unknown Menu,INERNATIONAL COMMITTEE OF YOUNG MEN'S CHRISTIAN ASSOCIATIONS,TWENTY-SIXTH ANNUAL DINNER,SOC;,"WALDORF-ASTORIA, THE, NEW YORK, NY","NEW YORK, NY",BROADSIDE; ILLUS; COL; 4.25X6.25;,ANNIVERSARY;,MENU IN FRENCH; ONLY APOLLINARIS SERVED; HOTEL SEAL AT TOP OF MENU;,1907-925,,,1907-10-31,Inernational Committee Of Young Men's Christian Associations,,,,complete,2,19,1907-10-31,1900
21140,Unknown Menu,MAGYAR PARASZT LAKOMA,NEW YEAR'S DINNER,,"GRAND CENTRAL PALACE, NEW YORK [NY]","NEW YORK, NY",CARD; ILLUS; 6 X 8.75;,SECULAR HOLIDAY;,MENU IN HUNGARIAN; ORNAMENTAL BORDER OF MAN WITH BIRDS AND ANIMALS;,1899-003,,,1899-01-01,Magyar Paraszt Lakoma,,,,complete,2,9,1899-01-01,1890
21152,Unknown Menu,AMERICAL CHEMICAL SOCIETY,25TH ANNIVERSARY BANQUET,PROF;,"HOTEL SAVOY,NEW YORK,NY","NEW YORK, NY",FOLDER;CARD;5X7.75;,ANNIVERSARY;,MENU CARD SEPARATE FROM FOLDER WITH TOASTS;FRENCH MENU;,1901-915,,,1901-04-13,American Chemical Society,,,,complete,6,17,1901-04-13,1900
21157,Unknown Menu,SILSBE & SON OYSTER & CHOP HOUSE,BILL OF FARE,COMMERCIAL,203-5 SIXTH AVE. NY,"NEW YORK, NY",FOLDER; ILLUS BORDER; COL; 7 X 11;,DAILY,PRICES LISTED; COMPLETE WINE LIST ON BACK;,1900-106,,,1900-01-10,Silsbe & Son Oyster & Chop House,,Dollars,$,complete,2,174,1900-01-10,1900
21159,Unknown Menu,SOCIETY OF COLONIAL WARS IN THE STATE OF NEW JERSEY,MENU,PAT;,"WALDORF-ASTORIA, NEW YORK, NY","NEW YORK, NY",BROADSIDE; ILLUS; COL; 3.25X5;,,MENU IN FRENCH; SOCIETY SEAL AT TOP OF MENU;,1907-913,,,1907-10-26,Society Of Colonial Wars In The State Of New Jersey,,,,complete,2,8,1907-10-26,1900
21166,Unknown Menu,?,DINNER,OTHER (PRIVATE PARTY?);,SHERRY'S [NY],"NEW YORK, NY",CARD; 3.5 X 6;,OTHER (SOC?);,FRENCH; WINES; GOLD MONOGRAM G.E.?;,1899-679,,,1899-11-06,?,,,,complete,2,25,1899-11-06,1890
21169,Unknown Menu,MILITARY COMPANY OF ALBANY,"DINNER BY BURGESSES CORPS, EASTERTIDE",MIL;,"MANHATTAN CLUB, NEW YORK CITY","NEW YORK, NY",CARD; 4.5 X 8.75,ANNIVERSARY (?);,WINES WITH EACH COURSE;,1906-406,,,1906-04-26,Military Company Of Albany,,,,complete,2,21,1906-04-26,1900
21172,Unknown Menu,ST. REGIS HOTEL,DINNER/DINER,COMMERCIAL,"NEW YORK, NY","NEW YORK, NY",CARD; 5X8;,,FRENCH AND ENGLISH;,1906-202,,,1906-02-20,St. Regis Hotel,,Dollars,$,complete,2,176,1906-02-20,1900
21177,Unknown Menu,IMPERIAL HOTEL,BREAKFAST,COMMERCIAL,B'WAY & 32 ST.NY,"NEW YORK, NY",FOLDER; ILLUS; 6.5 X9.25;,,ALL PRICES LISTED;,1900-112,,,1900-01-10,Imperial Hotel,,Dollars,$,complete,4,240,1900-01-10,1900
21182,Unknown Menu,IDEAL DINING AND LUNCH ROOM,LUNCH,COMMERCIAL,"119 FIFTH AVE,[NY]","NEW YORK, NY",BROADSHEET;8X10;,DAILY;,DUPLICATED MENU ENTIRELY HANDWRITTEN EXCEPT FOR RUBBER STAMPED NAME OF ESTABLISHMENT;LISTING FOR COMMUTATION TICKETS $2.25 FOR $2.OO OR $4.50 FOR $4.00;TABLE D'HOTE LUNCH PRICE 25 CENTS FOR 4 COURSES;,1900-352,,,1900-01-17,Ideal Dining And Lunch Room,,,,complete,2,26,1900-01-17,1900
21183,Unknown Menu,WM.SCHWEGLER'S,DAILY MENU,COMMERCIAL,"408 EAST 34 STREET,NEW YORK,NY","NEW YORK, NY",BROADSIDE;6X9;,DAILY;,"MENU HANDWRITTEN IN PRINTED FORM;WALDHEIM'S HANDWRITTEN BY FB ABOVE WM. SCHWEGLER'S PRINTED NAME;DATE HANDWRITTEN;""RENOWNED BERIIHMTES LADIES' AND GENTS'RESTAURANT"" PRINTED;",1900-831,,,1900-02-09,Wm.Schwegler's,,Dollars,$,complete,2,21,1900-02-09,1900
21193,Unknown Menu,A.W. DENNETT,BILL OF FARE,COMMERCIAL,"NEW YORK, NY","NEW YORK, NY",BROADSIDE; 5X9.2,,"APPEARS TO BE EARLY ""COFFEE SHOP"" TYPE RESTAURANT WITH SPECIALTIES IN OYSTERS, CLAMS AND GRIDDLE CAKES",1894-082,,,1894-09-03,A.W. Dennett,,Dollars,$,complete,2,87,1894-09-03,1890
21202,Unknown Menu,CHANCELLOR WALWORTH LODGE NO. 271 F.&A.M.,ANNUAL DINNER,SOC;,MURRAY HILL HOTEL [NY],"NEW YORK, NY",BOOKLET; ILLUS; 5.25 X 6.5;,ANNIVERSARY;,PORTRAIT OF REUBEN H. WALWORTH; WINES; SPEAKERS; MASONIC LODGE;,1897-062,,,1897-02-20,Chancellor Walworth Lodge No. 271 F.&A.M.,,,,complete,12,26,1897-02-20,1890
21204,Unknown Menu,PARK AVENUE HOTEL,DINNER,COMMERCIAL,"NEW YORK, NY","NEW YORK, NY",CARD; ILLUS; COL; 7.75X10;,,A LA CARTE MENU; SEAL AT TOP & SKETCH OF GREMLIN STIRRING PUNCH BOWL;,1901-007,,,1901-01-01,Park Avenue Hotel,,Dollars,$,complete,2,161,1901-01-01,1900
21209,Unknown Menu,SINCLAIR HOUSE;,BREAKFAST;,COMMERCIAL,"BROADWAY & EIGHTH STREET, [NEW YORK, NY];","NEW YORK, NY",FOLDER; 7.75X12.0;,,PRICED A LA CARTE MENU AND WINE LIST; EUROPEAN PLAN; ROOMS $1.00 PER DAY AND UPWARDS;,1900-409,,,1900-01-19,Sinclair House;,,Dollars,$,complete,4,307,1900-01-19,1900
21217,Unknown Menu,EVERETT HOUSE,CARTE DU JOUR,,"NEW YORK,NY","NEW YORK, NY",BROADSHEET,DINNER MENU,INCLUDES WINE LIST,1865-002,,,1865-11-08,Everett House,,Dollars,$,complete,2,207,1865-11-08,1860
21221,Unknown Menu,NEW YORK ROWING CLUB,ANNUAL DINNER,SOC;,"DELMONICO'S, NEW YORK, NY","NEW YORK, NY",BOOKLET; ILLUS; COL; 4.5X6;,ANN;,"FRENCH; SILK RIBBON ATTACHMENT; HANDPAINTED FLAG ON COVER; ""MENU"" ENGRAVED IN GOLD; OFFICERS LISTED AS WELL MEMBERS' NAMES & ADDRESSES",1895-017,,,1895-01-26,New York Rowing Club,,,,complete,8,22,1895-01-26,1890
21223,Unknown Menu,G.H.COOK,DINNER TO THE STICK TOGETHER CLUB,SOC;,LINCOLN CLUB - NY,"NEW YORK, NY",BOOKLET RIBBON TRIM;5X7;,COMPLIMENTARY/TESTIMONIAL,COMPLETE DESCRIPTION OF HISTORY & PURPOSE OF THE CLUB; WINES LISTED;,1906-125,,,1907-02-03,G.H.Cook,,,,complete,8,27,1907-02-03,1900
21232,Unknown Menu,MUNICIPAL ART SOCIETY,DINNER,GOVT;,"NEW YORK, NY","NEW YORK, NY",FOLDER; ILLUS; 5X8.25;,,"MENU IN FRENCH; PROGRAM: ""GREATER NEW YORK AND ITS FUTURE POSSIBILITIES;"" SOCIETY SEAL ON COVER;",1906-961,,,1906-12-18,Municipal Art Society,,,,complete,4,18,1906-12-18,1900
21238,Unknown Menu,JOHN H. INMAN,DINNER TO HON. HENRY W. GRADY AND PARTY,,"DELMONICOS, NEW YORK","NEW YORK, NY",CARD; 5.25X7,,FRENCH MENU EXCEPT FOR ONE ITEM,1889-096,,,1889-12-14,John H. Inman,,,,complete,2,29,1889-12-14,1880
21243,Unknown Menu,HENRY HAHLO & JEANNETTE WISE,WEDDING DINNER,OTHER (PRIVATE HOSTS);,"DELMONICO'S, NEW YORK, NY","NEW YORK, NY",BOOKLET; ILLUS; COL; 5X6;,RITE,"WEDDING SOUVENIR SIGNED BY BRIDE & GROOM; MENU IN FRENCH; INCLUDES WINE LIST; INCLUDES CONCERT PROGRAM WITH ""WEDDING MARCH"" COMPOSED BY OSCAR HAMMERSTEIN FOR THIS OCCASION & DEDICATD TO BRIDE; ALSO ""ORDER OF DANCES,"" DECORATIVE WREATH & CHERUBS THROUGHOUT",1898-090,,,1898-02-16,Henry Hahlo & Jeannette Wise,,,,complete,12,34,1898-02-16,1890
21249,Unknown Menu,HOTEL ST. REGIS,"DAILY MENU, SUPPER",COMMERCIAL,"NEW YORK, NY","NEW YORK, NY",CARD; 5X8;,,MENU IN ENGLISH ON ONE SIDE AND FRENCH ON THE BACK SIDE;,1905-769,,,1905-10-20,Hotel St. Regis,,Dollars,$,complete,2,184,1905-10-20,1900
21256,Unknown Menu,HOTEL SAVOY,DINNER,COMMERCIAL,59TH ST.& 5TH AVE.NY;,"NEW YORK, NY",CARD;ILLUS;4.5X6.5;,?,MENU IN FRENCH;,1894-130,,,1894-12-29,Hotel Savoy,,,,complete,2,19,1894-12-29,1890
21261,Unknown Menu,REPUBLICAN CLUB OF THE CITY OF NEW YORK,"DINNER, LINCOLNS BIRTHDAY",POL;,"DELMONICO'S, [NEW YORK, N.Y.]","NEW YORK, NY",CARD; 4.75X7.25;,PATRIOTIC HOLIDAY;,"SEATING PLAN ATTACHED; TOASTS AND SPEAKERS, COMMITTEE MEMBERS LISTED;",1896-036,,,1896-02-12,Republican Club Of The City Of New York,,,,complete,2,16,1896-02-12,1890
21268,Unknown Menu,THOMAS HUNTER ASSOCIATION OF GRAMMAR SCHOOL NO. 35,2ND ANNUAL DINNER,EDUC;,"SHERRY'S, NY","NEW YORK, NY",FOLDER; PHOTO; 5.5 X 7;,ANNUAL,MENU IN FRENCH; SPEAKERS LISTED; OFFICERS & COMMITTE MEMBERS LISTED;,1898-308,,,1898-11-12,Thomas Hunter Association Of Grammar School No. 35,,,,complete,4,18,1898-11-12,1890
21270,Unknown Menu,HOTEL MANHATTAN,SPECIAL SINGLE BREAKFASTS,COMMERCIAL,"[NEW YORK, NY]","NEW YORK, NY",BROADSIDE; 5.75X9.0; COL;,,PINK PAPER; CHOICE OF 12 PRIX FIXE MENUS;,1900-477,,,1900-01-24,Hotel Manhattan,,,,complete,2,82,1900-01-24,1900
21311,Unknown Menu,PENNSYLVANIA SOCIETY,FIRST ANNUAL DINNER,SOC;,"WALDORF-ASTORIA HOTEL, NEW YORK, NY","NEW YORK, NY",BOOKLET; ILLUS; 7.25X9;,RITE;,FRENCH; PHILADELPHIA SCRAPPLE INCLUDED; POST PRANDIAL PROGRAM & TOASTS; ALL TOASTS ITEMS FOLLOWED BY LITERARY QUOTATIONS; HISTORICAL DRAWINGS ON COVER; OFFICERS & COMMITTEE LISTED; SILK RIBBON ATTACHMENT; TWO COPIES,1899-638,,,1899-10-31,Pennsylvania Society,,,,complete,12,29,1899-10-31,1890
21317,Unknown Menu,THE PATRIARCHS,?,,"DELMONICOS,[NEW YORK]","NEW YORK, NY",FOLDER; 2.75X4.5,,MENU IN FRENCH,1889-017,,,1889-02-04,The Patriarchs,,,,complete,4,36,1889-02-04,1880
21324,Unknown Menu,DELMONICO'S,136TH ANNIVERSARY OF THE ST ANDREW'S SOCIETY OF THE STATE OF NEW YORK,,DELMONICO'S,"NEW YORK, NY",FOLDER; ILLUS; COL; 5.25X7.75;,ANNIVERSARY,"MENU AND WINE LIST BOTH WRITTEN IN FRENCH, LIST OF TOASTS INCLUDING NATIONAL ANTHEMS TO THE QUEEN AND PRESIDENT AND OTHER SONGS. ILLUSTRATIONS INCLUDE A MAN IN GREEN ROBES INSIDE A GOLD CROWN OF PLANTS. TWO IDENTICAL MENUS;",1892-136,,,1892-11-30,Delmonico's,,Dollars,$,complete,4,40,1892-11-30,1890
21327,Unknown Menu,ST. REGIS HOTEL,DINER/DINNER,COMMERCIAL,"NEW YORK, NY","NEW YORK, NY",CARD; 5X8;,,MENU IN FRENCH AND ENGLISH; A LA CARTE PRICED MENU;,1905-494,,,1905-06-21,St. Regis Hotel,,Dollars,$,complete,2,150,1905-06-21,1900
21331,Unknown Menu,THE BEACON SOCIETY OF BOSTON,LADIES NIGHT,SOCIAL,HOTEL BRUNSWICK,"NEW YORK, NY",BOOKLET; ILLUS;5.25X7;,COMPLIMENTARY/TESTIMONIAL,,1893-057,,,1893-04-29,The Beacon Society Of Boston,,,,complete,7,34,1893-04-29,1890
21343,Unknown Menu,CAFETERIA - LUNCH,DAILY BILL OF FARE,COMMERCIAL,57 BROAD ST. NY,"NEW YORK, NY",FOLDER; ILLUS; 5.75 X 9.5;,DAILY,ONE PAGE ILLUSTRATED & HAS SPECIALS OF THE DAY IN SCRIPT;,1900-699,,,1900-02-02,Cafeteria   Lunch,,Dollars,$,complete,4,118,1900-02-02,1900
21352,Unknown Menu,ANNUMNI ASSN OF THE NEW YORK HOMEOPATHIC MEDICAL COLLEGE,NINTH ANNUAL BANQUEST AND MEETING,PROF;,DELMONICO'S,"NEW YORK, NY",BOOKLET; ILLUS; COL; 4.25 X 6.5;,(SOC);,PINK; SEAL ON COVER; TOASTS; SONGS;,1891-038,,,1891-04-09,Alumni Association Of The New York Homoeopathic Medical College And Hospital,,,,complete,12,21,1891-04-09,1890
21356,Unknown Menu,HOTEL ST. REGIS,"DAILY MENU, DINNER",COMMERCIAL,"NEW YORK, NY","NEW YORK, NY",CARD; 5X8;,,MENU IN ENGLISH ON ONE SIDE AND FRENCH ON THE BACK SIDE;,1905-775,,,1905-10-23,Hotel St. Regis,,Dollars,$,complete,2,175,1905-10-23,1900
21370,Unknown Menu,GOLF DININGROOM,REGULAR MENU,COMMERCIAL,"1484 BROADWA,NY","NEW YORK, NY",FOLDER;ILLUS;COL;;6X9.5;,DAILY;,"PRINTED MENU WITH LARGE SPACE FOR HANDWRITTEN ""EXTRAS"".NOTHING ENTERED; SEE 1900-717;PRINTERS EMBLEM ON BACK COVER;",1900-718,,,1900-02-04,Golf Diningroom,,Dollars,$,complete,4,101,1900-02-04,1900
21375,Unknown Menu,UNIVERSITY OF MICHIGAN CLUB,ANNUAL DINNER,EDUC;,"ASTOR HOTEL, NEW YORK, NY","NEW YORK, NY",FOLDER; ILLUS; COL; 5X7;,ANNIVERSARY;,CHAMPAGNE TO ORDER; PROGRAMME AND TOASTS; BANQUET COMMITTEE LISTED ON BACK COVER; DECORATIVE BORDER;,1906-966,,,1906-12-19,University Of Michigan Club,,,,complete,4,16,1906-12-19,1900
21378,Unknown Menu,NATIONAL CONFECTIONERS ASSOCIATION OF THE UNITED STATES,SIXTH ANNUAL BANQUET,CONN,DELMONICO'S [NEW YORK],"NEW YORK, NY",FOLDER; ILL; 3.75X5.5,ANNUAL EVENT,,1889-062,,,1889-07-10,National Confectioners Association Of The United States,,,,complete,3,28,1889-07-10,1880
21387,Unknown Menu,ST. REGIS HOTEL,DINNER/DINER,COMMERCIAL,"NEW YORK, NY","NEW YORK, NY",CARD; 5X8;,,FRENCH AND ENGLISH;,1906-278,,,1906-03-07,St. Regis Hotel,,Dollars,$,complete,2,164,1906-03-07,1900
21393,Unknown Menu,STANDARD RESTAURANT,DAILY MENU,COMMERCIAL,15 AND 17 WEST HOUSTON STREET,"NEW YORK, NY",BROADSIDE; 6 X 9.25;,,PRICED MENU;,1900-448,,,1900-01-22,Standard Restaurant,,Dollars,$,complete,2,67,1900-01-22,1900
21403,Unknown Menu,THE BUSINESS MEN OF NEW YORK,DINNER TO GOV. DAVID B. HILL,POL;,DELMONICO'S NY,"NEW YORK, NY",FABRIC BOOKLET;COL; 4.5 X 5.75;,COMPLIMENTARY/TESTIMONIAL,MENU IN FRENCH;SPEAKERS INCLUDED THE PEWSIDENT OF THE US;,1886-01,,,1886-01-08,The Business Men Of New York,,,,complete,4,35,1886-01-08,1880
21407,Unknown Menu,HOTEL SAVOY,LUNCHEON,COMMERCIAL,"FIFTH AVENUE AND 59TH ST., NY","NEW YORK, NY",CARD; 6.25 X 9.25;,,CREST; NOTE THAT WATER IS DISTILLED FOR PURITY;,1900-185,,,1900-01-12,Hotel Savoy,,,,complete,2,54,1900-01-12,1900
21416,Unknown Menu,NEW YORK ALUMNI ASSOCIATION OF THE UNIVERSITY OF ROCHESTER,DINNER,EDUC;,"SAVOY HOTEL, NEW YORK, NY","NEW YORK, NY",CARD; ILLUS; COL; 4.5X6.5;,ANNIVERSARY;,FRENCH; HOTEL SEAL AT TOP;,1901-092,,,1901-01-14,New York Alumni Association Of The University Of Rochester,,,,complete,2,17,1901-01-14,1900
21420,Unknown Menu,ST. REGIS HOTEL,LUNCHEON/DEJEUNER FOURCHETTE,COMMERCIAL,"NEW YORK, NY","NEW YORK, NY",CARD; 5X8;,,FRENCH AND ENGLISH;,1906-095,,,1906-01-26,St. Regis Hotel,,Dollars,$,complete,2,196,1906-01-26,1900
21421,Unknown Menu,HAAN'S,LUNCHEON,COMMERCIAL,"PARK ROW BUILDING [NEW YORK,NY?]","NEW YORK, NY",CARD;7X11;,DAILY;,WINE LIST;,1901-974,,,1901-04-22,Haan's,,Dollars,$,complete,2,386,1901-04-22,1900
21429,Unknown Menu,BOSTON BOOT AND SHOE CLUB,"132ND MONTHLY DINNER, LADIES RECEPTION",SOC;,HOTEL BRUNSWICK,"NEW YORK, NY",FOLDER; ILLUS; COL; 5.5X7;,ANNIVERSARY;,"RECEPTION COMMITTEE LISTED; MUSICAL PROGRAM AND ARTISTS, INCLUDING ""THE DAINTY MARSHALLS"", LISTED;",1907-091,,,1907-01-16,Boston Boot And Shoe Club,,,,complete,8,19,1907-01-16,1900
21430,Unknown Menu,ST. REGIS HOTEL,"LUNCHEON, DEJEUNER",COMMERCIAL,"(NEW YORK, NY?)","NEW YORK, NY",CARD; 5X8;,,"MENU IN FRENCH ON ONE SIDE, ENGLISH ON THE OTHER; A LA CARTE MENU;",1905-484,,,1905-06-20,St. Regis Hotel,,Dollars,$,complete,2,189,1905-06-20,1900
21432,Unknown Menu,CAFETERIA LUNCH,DAILY MENU,COMMERCIAL,"57 BROAD STREET, NY","NEW YORK, NY",FOLDER; ILLUS; 5.75 X 9.25;,,PRICED MENU; HANDWRITTEN DAILY SPECIALS; DRAWING OF MOOSE ON BACK COVER;,1900-791,,,1900-02-07,Cafeteria Lunch,,Dollars,$,complete,4,114,1900-02-07,1900
21443,Unknown Menu,MANHATTAN SINGLE TAX CLUB,ELEVENTH ANNUAL DINNER IN COMMEMORATION OF BIRTH OF THOMAS JEFFRSON,POL;,"HOTEL MARLBOROUGH, NEW YORK CITY","NEW YORK, NY",CARD; 4.5 X 7;,ANNIVERSARY;,SPEECHES LISTED ON BACK OF MENU;,1899-346,,,1899-04-13,Manhattan Single Tax Club,,,,complete,2,21,1899-04-13,1890
21445,Unknown Menu,SONS OF THE REVOLUTION,BANQUET (WASHINGTON'S BIRTHDAY?),PATR;,"DELMONICO'S, (NEW YORK, NY?)","NEW YORK, NY",BOOKLET; ILLUS; 5.75X8;,PATRIOTIC HOLIDAY;,"PORTRAIT OF WASHINGTON, SOLDIER & FLAGS ON COVER; SILK RIBBON ATTACHMENTS;",1896-051,,,1896-02-22,Sons Of The Revolution,,,,complete,4,22,1896-02-22,1890
21447,Unknown Menu,AMERICAN ASIATIC ASSOCIATION,DINNER,POL;,DELMONICO'S[NY],"NEW YORK, NY",BOOKLET;ILL;COL;5.5X8.5;,ANNIVERSARY;,SILKEN CORD BINDING;COLORED ASSOCIATION EMBLEM ON COVER;WINES SERVED;TOASTS;SEATING PLAN ATTACHED;INVITATION TO GEORGE WILSON ATTACHED;,1900-533,,,1900-01-26,American Asiatic Association,,,,complete,8,27,1900-01-26,1900
21453,Unknown Menu,SONS OF THE REVOLUTION,BANQUET IN COMMEMORATION OF WASHINGTON'S BIRTHDAY,PAT;,"DELMONICO'S, NEW YORK, NY","NEW YORK, NY",BOOKLET; ILLUS; COL; 6.5X8;,PAT;,WAR SCENE ON COVER; SILK RIBBON ATTACHMENTS;,1898-113,,,1898-02-22,Sons Of The Revolution,,,,complete,4,19,1898-02-22,1890
21457,Unknown Menu,HOTEL MARIE ANTOINETTE,DINNER,COMMERCIAL,"SIXTY-SIXTH STREET & BROADWAY, NEW YORK, [NY]","NEW YORK, NY",BROADSHEET; 6.5X8.75; ILLUS; COL;,,"ILLUS IN GOLD, CREST; PRICED A LA CARTE MENU;",1900-877,,,1900-02-12,Hotel Marie Antoinette,,Dollars,$,complete,2,125,1900-02-12,1900
21461,Unknown Menu,HARTMAN'S HOTEL,BILL OF FARE,COMMERCIAL,"NEW YORK, NY","NEW YORK, NY",FOLDER; ILLUS; 6X9.5;,OTHER (DAILY MENU);,"""EXTRA DISHES:"" HANDWRITTEN; ""TEA OR COFFEE, 5c PER CUP; DRINKS SERVED WITH MEALS ONLY; WIENER-AMERICAN CHAMPAGNE, 1/2 PINT, 25c;"" VERY EXTENSIVE PRICED WINE, LIQUOR LIST ""BOTTLED GOODS A SPECIALTY;"" DECORATIVE BORDER; 2 COPIES, 2ND MENU DOES NOT HAVE HAN",1900-155,,,1900-01-11,Hartman's Hotel,,Dollars,$,complete,4,219,1900-01-11,1900
21464,Unknown Menu,STEVENS HOUSE,DINNER,COMMERCIAL,"21 BROADWAY,NEW YORK,NY","NEW YORK, NY",FOLDER;6X9.5;,DAILY;,WINE LIST;ELABORATE HAND WRITTEN SPECIALS REPRODUCED MECHANICALLY;EIGHT COURSES WITH COFFEE AND WINE 50 CENTS;PRIVATE DINING ROOM FOR 25 CENTS EXTRA EACH PERSON;,1900-1178,,,1900-02-20,Stevens House,,Dollars,$,complete,4,416,1900-02-20,1900
21488,Unknown Menu,(FIFTH AVENUE HOTEL),DINNER,COMMERCIAL,"(NEW YORK,NY)","NEW YORK, NY",BROADSIDE;5.5X8.5;,DAILY,"HANDWRITTEN NOTE;FIFTH ANE.HOTEL,23.ST.NEW YORK CITY ON MENU OF 3-16-97",1897-097,,,1897-03-24,Fifth Avenue Hotel,,,,complete,2,72,1897-03-24,1890
21489,Unknown Menu,BREVOORT HOUSE,BREAKFAST,COMMERCIAL,"NEW YORK, NY","NEW YORK, NY",BROADSHEET; ILLUS; COL; 5.5X8.5;,OTHER (DAILY MENU);,"HOTEL SEAL AT TOP OF MENU; ALL PRICES HANDWRITTEN; ""TABLE D'HOTE LUNCH 75C; TABLE D'HOTE DINNER & CONCERT $1.25;""",1900-153,,,1900-01-11,Brevoort House,,Cents,c,complete,2,216,1900-01-11,1900
21543,Unknown Menu,CORNELL UNIVERSITY ALUMNI,TWENTIETH ANNUAL DINNER,EDUC;,"WALDORF-ASTORIA HOTEL, NEW YORK, NY","NEW YORK, NY",BOOKLET; ILLUS; COL; 5.5X7;,OTHER (REUNION);,"FRENCH; ""WINES A LA CARTE;"" TOASTS; ENTERTAINMENT COMMITTEE LISTED;",1900-537,,,1900-01-26,Cornell University Alumni,,,,complete,4,19,1900-01-26,1900
21576,Unknown Menu,AMERICA ASSOCIATION OF PUBLIC ACCOUNTANTS,DINNER,PROF;,"NEW-YORK HOTEL AND RESTAURANT CO. LTD., CORTLANDT ST. [NY]","NEW YORK, NY",BROADSHEET; ILLUS; COL; 5 X 7.75;,OTHER (SOC);,BLUE PRINT; GOLD CREST; PRICED WINE LIST;,1898-282,,,1898-10-11,America Association Of Public Accountants,,Dollars,$,complete,2,28,1898-10-11,1890
21595,Unknown Menu,FIFTH AVENUE HOTEL,DAILY CAFE BREAKFAST MENU,COMMERCIAL,"MADISON SQUARE, NEW YORK","NEW YORK, NY",FOLDER; 5.75 X 9.75;,,PRICED MENU;,1907-054,,,1907-01-09,Fifth Avenue Hotel,,Dollars,$,complete,4,285,1907-01-09,1900
21602,Unknown Menu,FREIGHT & PASSENGER AGENTS' ASSOCIATION OF NEW YORK CITY,ANNUAL BANQUET,COMMERCIAL,"HOFFMAN HOUSE, NEW YORK, NY","NEW YORK, NY",BROADSIDE; ILLUS; COL; 4.25X6.25;,ANNIVERSARY;,LISTS WINES SERVED WITH INDIVIDUAL COURSES; HOTEL SEAL ON FRONT;,1897-050,,,1897-02-11,Freight & Passenger Agents' Association Of New York City,,,,complete,2,35,1897-02-11,1890
21622,Unknown Menu,(DELMONOCO'S?),DINNER,,DELMONICO'S [NY?],"NEW YORK, NY",CARD; ILLUS;3.25X5;,,FRENCH; BLUE AND GOLD ORNAMENTAL BORDER; [DELMONICO'S RESTAURANT MENU?],1888-085,,,1888-12-20,Delmonoco's?,,,,complete,2,37,1888-12-20,1880
21628,Unknown Menu,(FIFTH AVENUE HOTEL),NEW YEAR'S DAY DINNER,COMMERCIAL,"[NEW YORK, NY]","NEW YORK, NY",BROADSIDE; 5.5X8.25;,SECULAR HOLIDAY;,INFO SUPPLIED BY FNB; FRENCH & ENGLISH; TWO IDENTICAL MENUS;,1897-003,,,1897-01-01,Fifth Avenue Hotel,,,,complete,2,73,1897-01-01,1890
21646,Unknown Menu,ST. NICHOLAS SOCIETY,PAAS FESTIVAL,SOCIAL;,DELMONICO'S [NY],"NEW YORK, NY",CARD; COL; ILLUS; 4.25 X 6.75;,OTHER (SOCIAL?);,ORANGE STOCK; MAN IN DUTCH GARB SMOKING A LONG PIPE;,1901-872,,,1901-04-08,St. Nicholas Society,,,,complete,2,20,1901-04-08,1900
21647,Unknown Menu,BROADWAY CENTRAL HOTEL,DINNER,COMMERCIAL,"NEW YORK, NY","NEW YORK, NY",BROADSIDE; ILLUS; COL; 5.25X8.25;,,TABLE D'HOTE MENU; HOTEL SEAL AT TOP OF MENU;,1907-933,,,1907-11-01,Broadway Central Hotel,,,,complete,2,50,1907-11-01,1900
21648,Unknown Menu,MURO HOTEL,[DINNER],COMMERCIAL,116 WEST 14 ST. NY,"NEW YORK, NY",BROADSIDE; 4 5 X 7.25;,DAILY,COURSE TITLE IN SPANISH; AVAILABLE FOODS HANDWRITTEN IN ENGLISH;,1900-371,,,1900-01-17,Muro Hotel,,,,complete,2,17,1900-01-17,1900
21649,Unknown Menu,VIRGINIA HOTEL,DINNER,COMMERCIAL,"59TH STREET AND BROADWAY, NEW YORK [NY];","NEW YORK, NY",CARD; 6.0X9.25;,,"PARTIALLY PRINTED MENU ON FRONT; HAND WRITTEN ITEMS ON REVERSE IDENTIFIED AS ""REGULAR DINNER - 25CENTS - SERVED 11:30 TO 2:00""; SIGNED ON BOTTOM ""THEODORE THE CATERER"";",1900-471,,,1900-01-23,Virginia Hotel,,Dollars,$,complete,2,37,1900-01-23,1900
21652,Unknown Menu,GOLF DININGROOM,REGULAR MENU,COMMERCIAL,"1484 BROADWA,NY","NEW YORK, NY",FOLDER;ILLUS;6X9.5;,DAILY;,"PRINTED MENU WITH LARGE SPACE FOR HANDWRITTEN ""EXTRAS"",SEVERAL PRICES IN PRINTED MENU INCREASED BY HAND;PRINTERS EMBLEM ON BACK COVER;",1900-717,,,1900-02-04,The Golf Dining-Room,,,,complete,4,116,1900-02-04,1900
21659,Unknown Menu,NEW YORK BANKERS' ASSOCIATION GROUP VIII,THIRD ANNUAL BANQUET,PROF;,"HOTEL MANHATTAN, NY","NEW YORK, NY",FOLDER; 5.5 X 7.5;,ANNIVERSARY;,COCKTAILS AND LIQUEURS; SEATING PLAN;,1899-164,,,1899-02-02,New York Bankers' Association Group Viii,,,,complete,4,30,1899-02-02,1890
21667,Unknown Menu,FORDHAM UNIVERSITY ALUMNI ASSOCIATION,ANNUAL DINNER,EDUC;,DELMONICO'S [NEW YORK],"NEW YORK, NY",BOOKLET; O;;IS; COL; 9.5 X 9.75;,ANNIVERSARY;,WINES WITH EACH COURSE; MAROON SEAL; TOASTS;,1907-061,,,1907-01-10,Fordham University Alumni Association,,,,complete,12,21,1907-01-10,1900
21671,Unknown Menu,ALUMNI ASSOCIATION OF THE HOMEOPATHIC MEDICAL COLLEGE & HOSPITAL,12TH ANNUAL MEETING & BANQUET,PROF;,"DELMONICO'S,NY","NEW YORK, NY",BOOKLET;ILLUS;4.25X6.5;,ANNIVERSARYERSARY,LIST OF SPEAKERS & OFFICERS;,1894-050,,,1894-05-03,Alumni Association Of The Homeopathic Medical College & Hospital,,,,complete,8,22,1894-05-03,1890
21686,Unknown Menu,HOTEL KNICKERBOCKER,"DAILY MENU, SUPPER",COMMERCIAL,"NEW YORK, NY","NEW YORK, NY",CARD; ILLUS; COL; 7.75X12;,,SWEET DRAWING OF COUPLE ENTERING CARRIAGE;,1906-937,,,1906-12-13,Hotel Knickerbocker,,Dollars,$,complete,2,84,1906-12-13,1900
21692,Unknown Menu,NATIONAL HORSE SHOW ASSOCIATION OF AMERICA,COMPLIMENTARY LUNCHEON,OTHER (SPORT);,MADISON SQUARE GARDEN [NY],"NEW YORK, NY",FOLDER; ILLUS; 3.25 X 5.75;,COMPLIMENTARY/TESTIMONIAL,CREST OF ASSOCIATION;,1899-706,,,1899-11-12,National Horse Show Association Of America,,,,complete,4,12,1899-11-12,1890
21700,Unknown Menu,ATTACHES OFFICE OF COMMISSIONERS OF ACCOUNTS,ANNUAL BANQUET,PROF;,"PARK AVENUE HOTEL, NEW YORK, NY","NEW YORK, NY",BOOKLET; COL; 5.6X7.75;,ANNIVERSARY;,"INCLUDES WINES SERVED WITH INDIVIDUAL COURSES; TOASTS; LISTS COMMISSIONERS, TOASTMASTER, ENSEMBLE;",1906-199,,,1906-02-20,Attaches Office Of Commissioners Of Accounts,,,,complete,4,22,1906-02-20,1900
21706,Unknown Menu,THE NEW YORK FARMERS,DINNER,[SOC?];,METROPOLITAN CLUB,"NEW YORK, NY",FOLDER; ILLUS; 5.25X7.5;,,"WINES LISTED; MEMBERS LISTED, INCLUDING VANDERBILT, J.P. MORGAN, ETC.;",1907-085,,,1907-01-15,The New York Farmers,,,,complete,4,27,1907-01-15,1900
21716,Unknown Menu,ST. GEORGE'S SOCIETY OF NEW YORK,ONE HUNDRED AND TWENTY-FIRST ANNIVERSARY,SOC;,"WALDORF-ASTORIA HOTEL, THE, NEW YORK, NY","NEW YORK, NY",BOOKLET; ILLUS; COL; 6.75X9;,ANNIVERSARY;,"INCLUDES TOASTS, PHOTOGRAPH OF PRESIDENT OF SOCIETY, LIST OF OFFICERS AND COMMITTEES; SONGS; DESCRIPTION OF SOCIETY'S FUNCTION ON BACK COVER; ELABORATE SEAL ON FRONT COVER; RIBBON ATTACHMENT;",1907-433,,,1907-04-23,St. George's Society Of New York,,,,complete,10,22,1907-04-23,1900
21720,Unknown Menu,MAJESTIC HOTEL,CHRISTMAS DINNER,COMMERCIAL,"NEW YORK, NY","NEW YORK, NY",BOOKLET; ILLUS; COL; 5.75X9;,RELIGIOUS HOLIDAY,ENTIRE 1899 CALENDAR FASTENED TO COVER WITH METAL CLIPS; HOTEL SEAL ON FRONT; SILK CORD ATTACHMENT;,1898-427,,,1898-12-25,Majestic Hotel,,,,complete,4,55,1898-12-25,1890
21721,Unknown Menu,FRIENDS OF S.S. PACKARD?,DINNER IN HONOR OF S.S. PACKARD'S 70TH BITHDAY,SOC;,DELMONICO'S [NYC],"NEW YORK, NY",BOOKLET; ILLUS; 6 X 8;,COMPLIMENTARY/TESTIMONIAL,FRENCH; PORTRAIT OF S.S. PACKARD ON COVER; NAME CHARLES F. WINGATE WRITTEN ON BACK; BLUE RIBBONS;,1896-095,,,1896-04-28,Friends Of S.S. Packard?,,,,complete,6,22,1896-04-28,1890
21730,Unknown Menu,HOTEL ASSOCIATION OF NEW YORK CITY,22ND ANNUAL BANQUET,COMMERCIAL,"DELMONICO'S,NY","NEW YORK, NY",BOOKLET;ILLUS;COL;5X8/25;,ANNIVERSARY;,LEATHER FASTENING AT LEFT;EMBLEM;FRENCH MENU;WINES;MANY ILLUSTRATIONS;NAMES;SPEAKERS;,1901-079,,,1901-01-10,Hotel Association Of New York City,,,,complete,12,41,1901-01-10,1900
21737,Unknown Menu,THE HARDWARE CLUB OF NEW YORK,FIFTH DINNER OF THE HARDWARE AND METAL TRADES,COMMERCIAL,SHERRY'S [NY],"NEW YORK, NY",BOOKLET; 5.5X7.5; COL;,ANNIVERSARY;,"LEATHER COVER, GOLD EMBOSSED; GUEST'S NAME (W.E.PECK) 0N COVER; GUEST LIST; AUTOGRAPHS; FRENCH;",1893-023,,,1893-02-21,The Hardware Club Of New York,,,,complete,20,20,1893-02-21,1890
21740,Unknown Menu,SWEDISH SOCIETY,70TH ANNIVESARY BANQUET AND BALL,SOC;,TEUTONIA ASSEMBLY ROOMS,"NEW YORK, NY",BROADSIDE; ILLUS; COL; 6X9;,ANNIVERSARY;,"MENU PRINTED ON CHAMPAGNE MOET & CHANDON INSIGNIA FORMAT WITH COSTUMED LADY HOILDING A TRAY OF GRAPES, ART DECO MOTIF;",1906-217,,,1906-02-21,Swedish Society,,,,complete,2,26,1906-02-21,1900
21749,Unknown Menu,MARINE SOCIETY OF NEW YORK,112TH ANNIVERSARY,NAVAL,NEW YORK CITY,"NEW YORK, NY",FOLDER; ILLUS; COL; 4 X 6;,(ANNIV CELEBRATION),FRENCH; PALE BLUE; GOLD BORDERS AND SEAL;,1882-012,,,1882-01-09,Marine Society Of New York,,,,complete,3,23,1882-01-09,1880
21756,Unknown Menu,MILLS HOTEL RESTAURANT,BILL OF FARE,COMMERCIAL,"NEW YORK, NY","NEW YORK, NY",BROADSHEET; 3.5X6;,OTHER (DAILY MENU);,"""REGULAR DINNER - 15 CENTS; 21 MEAL TICKETS - $3.00; SPECIAL BREAKFAST - 10 CENTS;""",1900-635,,,1900-01-30,Mills Hotel Restaurant,,Dollars,$,complete,2,45,1900-01-30,1900
21762,Unknown Menu,TONK'S RESTAURANT,DAILY MENU,COMMERCIAL,"6 PARK PLACE, NEW YORK","NEW YORK, NY",FOLDER; 6.25 X 10;,,PRICED MENU; (1905-850 IN UNUSUAL FOLDER);,1905-851,,,1905-11-14,Tonk's Restaurant,,Dollars,$,complete,4,210,1905-11-14,1900
21767,Unknown Menu,NEW ENGLAND SOCIETY,ANNUAL DINNER,SOCIAL,"NEW YORK CITY,NY","NEW YORK, NY",CARD;ILLUS;COL;5.5 X 8;,[HISTORICAL],MENU IN FRENCH,1883-14,,,1883-12-22,New England Society In The City Of New York,,,,complete,2,29,1883-12-22,1880
21775,Unknown Menu,ENGINEERS' CLUB,THIRD ANNUAL SUBSCRIPTION DINNER,PROF;,"374 FIFTH AVENUE, NEW YORK, NY","NEW YORK, NY",FOLDER; LLUS; 4.25 X 6.25;,ANNIVERSARY;,SCOTTISH MENU; ILLUSTRATION OF THISTLE AND MAN IN CLAN DRESS;,1905-292,,,1905-04-20,Engineers' Club,,,,complete,4,21,1905-04-20,1900
21785,Unknown Menu,PHILLIPS EXETER ACADEMY,SEVENTEENTH ANNUAL DINNER OF THE NEW YORK ASSOCIATION OF ALUMNI,EDUC;,"HOTEL MANHATTAN, NY","NEW YORK, NY",FOLDER; COL; ILLUS; 5 X 8;,ANNIVERSARY;,RED PRINT; CREST OF SCHOOL; LIST OF OFFICERS;,1899-358,,,1899-04-11,Phillips Exeter Academy,,,,complete,4,17,1899-04-11,1890
21786,Unknown Menu,ST. REGIS HOTEL,DINNER/DINER,COMMERCIAL,"NEW YORK, NY","NEW YORK, NY",CARD; 5X8;,,FRENCH AND ENGLISH;,1906-294,,,1906-03-10,St. Regis Hotel,,Dollars,$,complete,2,165,1906-03-10,1900
21799,Unknown Menu,W.J.FILBERT,BIRTHDAY DINNER,SOC;,"CENTRAL RESTAURANT,LIBERTY ST.NY","NEW YORK, NY",FOLDER; ILLUS; COL; RIBBON TRIM; 4.5 X 6.75;,COMPLIMENTARY/TESTIMONIAL,WINES LISTED;,1899-665,,,1899-11-04,W.J.Filbert,,,,complete,4,12,1899-11-04,1890
21802,Unknown Menu,SAINT NICHOLAS SOCIETY,SAINT NICHOLAS DAY [DINNER],SOC,"DELMONICO'S, [NEW YORK]","NEW YORK, NY",FOLDER;COL;4.5X7,"ETHNIC HOLIDAY,SAINT NICHOLAS DAY","TWO CARDS TIED AT THE TOP WITH TWO RIBBONS,ORANGE,FRENCH,WINE LIST WITH PRICES,",1887-037,,,1887-12-06,Saint Nicholas Society,,,,complete,2,22,1887-12-06,1880
21804,Unknown Menu,FIFTH AVENUE HOTEL,DINNER,COMMERCIAL,"MADISON SQUARE, NEW YORK, [NY]","NEW YORK, NY",CARD; 5.5X8.5;,,UNPRICED MENU;,1900-608,,,1900-01-29,Fifth Avenue Hotel,,,,complete,3,76,1900-01-29,1900
21805,Unknown Menu,ST. REGIS HOTEL,MENU,COMMERCIAL,"NEW YORK, NY","NEW YORK, NY",FOLDER; 5.6X8;,,A LA CARTE MENU; HOTEL MONOGRAM ON COVER;,1905-486,,,1905-06-20,St. Regis Hotel,,Dollars,$,complete,4,210,1905-06-20,1900
21806,Unknown Menu,FRAUNCES' TAVERN,DAILY MENU,COMMERCIAL,"NEW YORK, NY","NEW YORK, NY",FOLDER; ILLUS; 7X9;,,WINE LIST; PICTURE OF BUILDING; SHORT HISTORY TEXT;,1907-587,,,1907-06-09,Fraunces' Tavern,,Dollars,$,complete,4,300,1907-06-09,1900
21820,Unknown Menu,ST. REGIS HOTEL,DINNER/DINER,COMMERCIAL,"NEW YORK, NY","NEW YORK, NY",CARD; 5X8;,,FRENCH AND ENGLISH;,1906-096,,,1906-01-26,St. Regis Hotel,,Dollars,$,complete,2,171,1906-01-26,1900
21826,Unknown Menu,ST. REGIS HOTEL,DINNER/DINER,COMMERCIAL,"NEW YORK, NY","NEW YORK, NY",CARD; 5X8;,,FRENCH AND ENGLISH;,1906-280,,,1906-03-08,St. Regis Hotel,,Dollars,$,complete,2,161,1906-03-08,1900
21835,Unknown Menu,JOHN DOSCHER'S RESTAURANT,BILL OF FARE,COMMERCIAL,"25 BARCLAY ST., NEW YORK, NY","NEW YORK, NY",FOLDER; ILLUS; 6.25X10;,,DECORATIVE BORDER; [DATE INFO SUPPLIED BY FEB]; SPECIALS HANDWRITTEN IN LAVENDAR INK; PRICED WINE LIST;,1900-780,,,1900-02-07,John Doscher's Restaurant,,Dollars,$,complete,4,101,1900-02-07,1900
21840,Unknown Menu,U.S. CRUISER BROOKLYN,DINNER,MIL (?);,DELMONICO'S NY,"NEW YORK, NY",BROADSIDE; ILLUS; 4.25 C 6.25;,,FRENCH; DRAWING OF CRUISER; WINES; LIQUEURS;,1898-284,,,1898-10-11,U.S. Cruiser Brooklyn,,,,complete,2,26,1898-10-11,1890
21847,Unknown Menu,PRESIDENT & VICE PRESIDENT OF THE AMERICAN BOARD,BANQUET TO THE FOREIGN MISSIONARY BOARDS OF US & CANADA,PROF;,"HOTEL MANHATTAN,NY","NEW YORK, NY",BROADSIDE; ILLUS; 3.5 X 7;,COMPLIMENTARY/TESTIMONIAL,,1899-124,,,1899-01-11,President & Vice President Of The American Board,,,,complete,2,19,1899-01-11,1890
21855,Unknown Menu,NEW YORK SOUTHERN SOCIETY,12TH ANNUAL DINNER,SOCIAL,HOTEL SAVOY NY,"NEW YORK, NY",BOOKLET; ILLUS; COL; 6.5 X 9.5;,PATRIOTIC HOLIDAY;,MENU IN FRENCH;LIST OF OFFICERS & SPEAKERS; WORDS FOR FOUR SONGS INCLUDED;,1898-102,,,1898-02-22,New York Southern Society,,,,complete,16,19,1898-02-22,1890
21856,Unknown Menu,U.S.NATIONAL LAWN TENNIS ASSOCIATION,DINNER,SOC;,"WALDORF ASTORIA,THE, NEW YORK, NY","NEW YORK, NY",CARD; ILLUS; 4.25X6.25;,COMPLIMENTARY/TESTIMONIAL,MENU IN FRENCH; DRINKS LIST; GOLD LAUREL WREATH OF HOTEL IN CORNER;,1907-280,,,1907-03-01,U.S.National Lawn Tennis Association,,,,complete,2,15,1907-03-01,1900
21865,Unknown Menu,CARLTON HOTEL COMPANY,DAILY MENU,COMMERCIAL,"738 SIXTH AVENUE,NEW YORK,NY","NEW YORK, NY",FOLDER;7X11;,,OPEN ALL NIGHT;,1900-724,,,1900-02-05,Carlton Hotel Company,,Dollars,$,complete,4,227,1900-02-05,1900
21867,Unknown Menu,SOCIETY OF THE SOCIETY OF COLONIAL WARS IN THE STATE OF NEW YORK,"218TH ANNIVERSARY OF THE ""GREAT SWAMP FIGHT""",PAT;,"THE WALDORF, NEW YORK, NY","NEW YORK, NY",BROADSIDE; ILLUS; COL; 5X6.25;,ANNIVERSARY;,INCLUDES WINES SERVED WITH EACH COURSE; EMBOSSED MEDAL AND RIBBON ON COVER;,1893-135,,,1893-12-19,Society Of The Society Of Colonial Wars In The State Of New York,,,,complete,2,17,1893-12-19,1890
21872,Unknown Menu,CRANE RE-UNION,DINNER,SOC;,"MARTINELLI'S, NEW YORK, NY.","NEW YORK, NY",BROADSIDE; 5.5 x 8.5;,COMPLIMENTARY/TESTIMONIAL,BLACK BORDER; FRENCH & ENGLISH,1881-019,,,1881-10-05,Crane Re Union,,,,complete,2,16,1881-10-05,1880
21873,Unknown Menu,CAZENOVIa ALUMNI ASSOCIATION,FIFTH ANNUAL BANQUET,EDUC;,"ST. DENIS HOTEL, NEW YORK","NEW YORK, NY",CARD; 4.5 X 7;,ANNIVERSARY;,TOASTS;,1907-307,,,1907-03-16,Cazenovia Alumni Association,,,,complete,2,19,1907-03-16,1900
21876,Unknown Menu,SAINT NICHOLAS SOCIETY,DINNER,SOC;,"[DELMONICO'S], NEW YORK, NY","NEW YORK, NY",FOLDER; ILLUS; COL; 4.5X7;,,FRENCH; INCLUDES PRICED WINE LIST; SOCIETY SEAL AT TOP OF MENU; [PLACE INFO SUPPLIED BY FNB]; SILK RIBBON ATTACHMENT;,1898-381,,,1898-12-06,Saint Nicholas Society,,Dollars,$,complete,4,49,1898-12-06,1890
21877,Unknown Menu,TRANSPORTATION CLUB,DAILY MENU,COMMERCIAL,"NEW YORK, NY","NEW YORK, NY",FOLDER; ILLUS; 6.5X11;,,PRICED BILL OF FARE; CLUB SEAL ON COVER; DATE INFO SUPPLIED BY FNB;,1900-627,,,1900-01-01,Transportation Club,,Dollars,$,complete,4,346,1900-01-01,1900
21878,Unknown Menu,?,DINNER,?,"DELMONICOS,[NY]","NEW YORK, NY",CARD;ILL;COL;5X7.25;,?,FRENCH MENU;HANDPAINTED CROSSED FLAGS WITH INITIAL B AT CROSSING;,1899-259,,,1899-03-16,Delmonicos,,,,complete,2,11,1899-03-16,1890
21879,Unknown Menu,MUSEUM OF ART RESTAURANT,DAILY,COMMERCIAL,"CENTRAL PARK,NY","NEW YORK, NY",FOLDER;5.25X9.5;,DAILY;,NO DATE EXCEPT FOR ONE ENTERED LATER BY HAND;,1900-361,,,1900-01-17,Museum Of Art Restaurant,,Dollars,$,complete,4,101,1900-01-17,1900
21880,Unknown Menu,22ND REGIMENT A.G.S.A.Y.,DINNER,?,METROPOLITAN OPERA HOUSE,"NEW YORK, NY",BROADSHEET;4.5 X 7;,RECEPTION,WINE LIST ON BACK;,1888-002,,,1888-01-10,22nd Regiment A.G.S.A.Y.,,Dollars,$,complete,2,24,1888-01-10,1880
21885,Unknown Menu,(NDCITIZENS OF NEW YORK?),THE DE LESSEPS DINNER,GOV'T;,DELMONICO'S,"NEW YORK, NY",FOLDED SHEET; 12X8;,IN HONOR OF FEDINAND DE LESSEPS;,GUEST LIST ONLY;,1880-005,,,1880-03-01,Delmonico's,,,,complete,2,32,1880-03-01,1880
21887,Unknown Menu,BRAGUGLIA & CARRENO'S,DAILY MENU,COM,"NEW YORK, NY","NEW YORK, NY",FOLDER; 8.5X11,OTHER,PRINTED AND HANDWRITTEN ITEMS; WINE LIST,1892-083,,,1892-06-14,Braguglia & Carreno's,,Dollars,$,complete,4,264,1892-06-14,1890
21890,Unknown Menu,ASSOCIATES OF THE ENGINER CORPS AND COMPANY K,32ND ANNUAL DINNER,MIL;,"DELMONICO'S,[NY]","NEW YORK, NY",FOLDER;ILL;COL;5X7.5;,ANNIVERSARY;,WINES SERVED;MENU IN FRENCH;NAMES LISTED;,1899-380,,,1899-04-21,Associates Of The Enginer Corps And Company K,,,,complete,4,24,1899-04-21,1890
21893,Unknown Menu,THE CAMP-FIRE CLUB,DINNER,SOC;,"ARKWRIGHT CLUB. 320 BROADWAY, [NEW YORK]","NEW YORK, NY",FOLDER; COL; ILLUS;8.75 X 12.25;,ANNIVERSARY(?);,COCKTAILS; BUFF STOCK; ILLUSTRATION OF MOOSE;,1907-027,,,1907-01-05,The Camp Fire Club,,,,complete,4,15,1907-01-05,1900
21901,Unknown Menu,THE PLACE,BILL OF FARE,COMMERCIAL,127 FOURTH AVE. NY,"NEW YORK, NY",FOLDER; ILLUS; 7 X 11;,DAILY,NAME OF PROPRIETORS LISTED J.& H.GRUBER;,1900-378,,,1900-01-18,The Place,,Dollars,$,complete,4,164,1900-01-18,1900
21903,Unknown Menu,MANHATTAN COMPANY,BANQUET IN CELEBRATION OF 100TH ANNIVERSARY OF FOUNDING,COMMERCIAL,"SHERRY'S, [NEW YORK, NY]","NEW YORK, NY",BOOKLET; ILLUS; COL; 8X10.25;,ANNIVERSARY;,FRENCH; NYC COMMERCIAL SCENES ON COVER; DECORATIVE WREATHS; SILK RIBBON ATTACHMENTS;,1899-306,,,1899-04-03,Manhattan Company,,,,complete,4,21,1899-04-03,1890
21920,Unknown Menu,WAREHOUSEMENS' ASSOCIATION OF THE PORT OFNEW YORK AND THE NEW YORK FURNITURE WAREHOUSEMENS' ASSOCIATION,SUPPER TO AMERCICAN WAREHOUSEMENS' ASSOCIATION,COMMERCIAL,"HOTEL MANHATTAN; MADISON AVE. AND 42ND ST., NY","NEW YORK, NY",FOLDER; COL; ILLUS; 5 X 7;,COMPLIMENTARY/TESTIMONIAL,GREEN ILLUS. ON COVER;,1898-294,,,1898-10-20,Warehousemens' Association Of The Port Ofnew York And The New York Furniture Warehousemens' Association,,,,complete,4,20,1898-10-20,1890
21926,Unknown Menu,ST. REGIS HOTEL,LUNCHEON/DEJEUNER FOURCHETTE,COMMERCIAL,"NEW YORK, NY","NEW YORK, NY",CARD; 5X8;,,FRENCH AND ENGLISH;,1906-293,,,1906-03-10,St. Regis Hotel,,Dollars,$,complete,2,189,1906-03-10,1900
21927,Unknown Menu,REPUBLICANS,JUBILEE BANQUET,[POL?],"METROPOLITAN HOTEL, NEW YORK, NY","NEW YORK, NY",BROADSIDE; 4.50 x 6.50;,,FRENCH & ENGLISH,1888-077,,,1888-12-01,Republicans,,Dollars,$,complete,4,50,1888-12-01,1880
21934,Unknown Menu,THE HOLLAND SOCIETY OF NEW YORK,22ND ANNUAL DINNER,SOC;,WALDORF-ASTORIA,"NEW YORK, NY",FOLDER; ILLUS; COL; 7X11;,ANNIVERSARY;,"MENU IN BOTH FRENCH AND DUTCH; TOASTS LISTED; COMMITTEE LISTED, INCLUDING GEORGE DEWITT; PRINTED ON GREEN STOCK; GROUP'S BANNER AND MEDAL ILLUSTRATED;",1907-095,,,1907-01-17,The Holland Society Of New York,,,,complete,4,42,1907-01-17,1900
21958,Unknown Menu,A. LUCHOW'S RESTAURANT,RELIG;,COMMERCIAL,"NEW YORK, NY","NEW YORK, NY",FOLDER; ILLUS; COL; 5.5X7;,RELIG (EASTER SUNDAY DINNER);,PRICE OF DINNER IS $1.25; LILY EMBOSSED ON COVER;,1899-285,,,1899-04-02,A. Luchow's Restaurant,,Dollars,$,complete,4,21,1899-04-02,1890
21964,Unknown Menu,PARK AVENUE HOTEL,LUNCHEON,COMMERCIAL,"NEW YORK, NY","NEW YORK, NY",CARD; ILLUS; COL; 4.5X7;,,TABLE D'HOTE MENU; HOTEL SEAL AT TOP;,1901-005,,,1901-01-01,Park Avenue Hotel,,,,complete,2,51,1901-01-01,1900
21966,Unknown Menu,MARIE ANTOINETTE HOTEL,DINNER MENU,COMMERCIAL,"NEW YORK, NY","NEW YORK, NY",BROADSIDE; ILLUS; COL; 6.5X8.5;,OTHER (DAILY MENU);,PRICED A LA CARTE MENU; HOTEL SEAL AT TOP OF MENU; TWO COPIES;,1900-559,,,1900-01-27,Marie Antoinette Hotel,,Dollars,$,complete,2,122,1900-01-27,1900
21976,Unknown Menu,ST. REGIS HOTEL,DINNER/DINER,COMMERCIAL,"NEW YORK, NY","NEW YORK, NY",CARD; 5X8;,,FRENCH AND ENGLISH;,1906-185,,,1906-02-17,St. Regis Hotel,,Dollars,$,complete,2,173,1906-02-17,1900
21987,Unknown Menu,NEW YORK STATE HOTEL ASSOCIATION,19TH ANNUAL MEETING,PROF;,"WALDORF-ASTORIA, NEW YORK CITY","NEW YORK, NY",FOLDER; 4.5X6.75;,ANNIVERSARY;,WINES LISTED; MENU IN FRENCH;,1905-942,,,1905-12-05,New York State Hotel Association,,,,complete,4,29,1905-12-05,1900
21988,Unknown Menu,NEW YORK JOURNAL,RECEPTION TO MISS COSSIO Y. CISNEROS ON THE OCCASION OF HER RESTORATION TO FREEDOM,PROF;,"DELMONICO'S, NEW YORK, NY","NEW YORK, NY",BROADSIDE; ILLUS; COL; 5.5X8.5;,COMPLIMENTARY/TESTIMONIAL,"FRENCH; ONLY G.H. MUMM'S EXTRA DRY SERVED; DECORATED WITH FLAGS & MOTTO: ""TYRANNY IS RESISTANCE TO OBEDIENCE TO GOD;""",1897-284,,,1897-10-16,New York Journal,,,,complete,2,25,1897-10-16,1890
21989,Unknown Menu,AMERICAN SPOOL COTTON MANUFACTURERS' ASSOCIATION,FIRST MEETING,PROF;,"HOTEL MANHATTAN,NY","NEW YORK, NY",BROADSIDE; 3.75 X 6;,LUNCHEON,,1897-089,,,1897-03-09,American Spool Cotton Manufacturers' Association,,,,complete,2,21,1897-03-09,1890
21994,Unknown Menu,RAIMONDO BRAGUGLIA'S CAFE AND RESTAURANT,GENERAL MENU,COMMERCIAL,"13 BROADWAY, NY","NEW YORK, NY",FOLDER; 10.25 X 8.25;,,PRICED MENU; MANY DISHES SOME ITALIAN OR SPANISH; MUCH OF MENU MAY BE HANDWRITTEN; PRICED WINE LIST ON BACK;,1899-443,,,1899-05-29,Raimondo Braguglia's Cafe And Restaurant,,Dollars,$,complete,4,357,1899-05-29,1890
22006,Unknown Menu,ALBEMARLE HOTEL,DINNER;,COMMERCIAL,"MADISON SQUARE WEST, NYC [NY]","NEW YORK, NY",BOOKLET; ILLUS; COL; 7 X 9.75;,,PRICED MENU; PARCHMENT COVER; FLAG; PORTRAIT OF ADMIRAL DEWEY;,1899-589,,,1899-09-29,Albemarle Hotel,,Dollars,$,complete,8,240,1899-09-29,1890
22007,Unknown Menu,(FIFTH AVE. HOTEL),DINNER,COMMERCIAL,"[NEW YORK,NY]","NEW YORK, NY",BROADSIDE;5.5X8.5;,,"HANDWRITTEN ON BOTTOM ""FIFTH AVE.HOTEL,23.St.New York City""",1897-196,,,1897-06-20,Fifth Ave. Hotel,,,,complete,2,72,1897-06-20,1890
22009,Unknown Menu,GOLD LEAF MANUFACTURERS,ANNUAL DINNER,COMMERCIAL,"HOTEL MARLBOROUGH, [NEW YORK, NY]","NEW YORK, NY",FOLDER; 3.5X5.0; ILLUS; COL;,,COVER ILLUS CHERUB STANDING ON BACK ON SOARING EAGLE IN GOLD LEAF; CARRYING AMERICAN FLAG IN LEFT HAND; OFFICERS AND COMMITTEE OF ARRANGEMENTS LISTED; WINES LISTED;,1900-614,,,1900-01-31,Gold Leaf Manufacturers,,,,complete,4,24,1900-01-31,1900
22016,Unknown Menu,PARK AVENUE HOTEL,DINNER,COMMERCIAL,"NEW YORK, NY","NEW YORK, NY",CARD; ILLUS; COL; 7.75X10;,,TABLE D'HOTE MENU; HOTEL SEAL AT TOP & SKETCH OF GREMLIN STIRRING PUNCH BOWL;,1901-006,,,1901-01-01,Park Avenue Hotel,,,,complete,2,57,1901-01-01,1900
22017,Unknown Menu,MRS. CORNELIUS VANDERBILT,BALL,SOCIAL,1 WEST 57 ST.NY,"NEW YORK, NY",CARD;3.5 X 4.75;,COMPL.,,1888-009,,,1888-01-23,Mrs. Cornelius Vanderbilt,,,,complete,1,22,1888-01-23,1880
22020,Unknown Menu,ALUMNI ASSOCIATION OF NEW YORK UNIVERSITY LAW SCHOOL,TWENTY-SECOND ANNUAL BANQUET,EDUC;,"ASTOR HOTEL, NEW YORK, NY","NEW YORK, NY",FOLDER; ILLUS; 5X7;,ANNIVERSARY;,MENU IN FRENCH; TOASTS; UNIVERSITY SEAL ON COVER;,1906-397,,,1906-04-21,Alumni Association Of New York University Law School,,,,complete,4,20,1906-04-21,1900
22024,Unknown Menu,SALVATOR CLUB,DINNER TO MR. B.F.MARTIN,SOCIAL,"PALACE HOTEL,NY","NEW YORK, NY",2 CARDS JOINED BY RIBBON;ILLUS;PLACE CARD ATTACHED;4.25X6.5;,COMPLIMENTARY/TESTIMONIAL,LIST OF MEMBERS INCLUDED;,1891-070,,,1891-06-18,Salvator Club,,,,complete,5,29,1891-06-18,1890
22025,Unknown Menu,(HOTEL ASSOCIATION OF NEW YORK CITY),(DINNER),,"DELMONICOS, (NY)","NEW YORK, NY",CARD; 3X5,,"HANDWRITTEN ON BOTTOM OF CARD ""HOTEL ASSOCIATION OF NEW YORK CITY"",CITY WRITTEN IN A DIFFERENT HAND; HANDWRITTEN ON BACK ""HOTEL MENS'DINNER DELMONICOS JAN 14TH /91; MENU IN FRENCH",1891-005,,,1891-01-14,Hotel Association Of New York City,,,,complete,2,33,1891-01-14,1890
22039,Unknown Menu,MCDONALD'S OYSTER HOUSE,DAILY MENU,COMMERCIAL,"300 BOWERY, NEW YORK","NEW YORK, NY",BROADSHEET; 5.75 X 9.75;,,PRICED MENU; HANDWRITTEN;,1907-849,,,1907-09-28,Mcdonald's Oyster House,,Dollars,$,complete,2,57,1907-09-28,1900
22047,Unknown Menu,ALUMNI OF RUTGES COLLEGE,ANNUAL DINNER,EDUC;,DELMONICO'S [NY],"NEW YORK, NY",BOOKLET; 4.5 X 7; COL;,OTHER  (REUNION);,TEN; RED BODER; TOASTS; RED RIBBON,1894--16,,,1894-01-29,Alumni Of Rutgers College,,,,complete,4,20,1894-01-29,1890
22054,Unknown Menu,HALLORAN'S RESTAURNT,BILL OF FARE,COMMERCIAL,213 SIXTH AVE. NY,"NEW YORK, NY",FOLDER; ILLUS. BORDER;6.75 X 11;,DAILY MENU;,COMPLETE LIST INCLUDING ALL PRICES; SEPARATE PAGE FOR WINES;,1900-098,,,1900-01-10,Halloran's Restaurnt,,Dollars,$,complete,4,351,1900-01-10,1900
22060,Unknown Menu,ROBERT E. PEARY,DINNER TO ABOVE,PTHER (INDIVIDUAL?);,"833 FIFTH AVENUE, NEW YORK","NEW YORK, NY",CARD; ILLUS; COL; 5.5 X 7.25;,COMPLIMENTARY/TESTIMONIAL,WINES LISTED; MENU IN FRENCH; SMALL ILLLUSTRTION OF POLAR BEAR AND LATITUDE(?); EVENT NETED BY FEB;,1907-395,,,1907-04-16,Robert E. Peary,,,,complete,2,21,1907-04-16,1900
22069,Unknown Menu,AMHERST ALUMNI ASSOCIATION,[?REUNION?],EDUC;,"SHERRY'S, NEW YORK, NY","NEW YORK, NY",CARD; 3X6.5;,OTHER (REUNION);,FRENCH;,1901-168,,,1901-01-24,Amherst Alumni Association,,,,complete,2,18,1901-01-24,1900
22073,Unknown Menu,SHANLEY'S,"DAILY MENU, BUSINESS LUNCH",COMMERCIAL,"NEW YORK, NY","NEW YORK, NY",CARD; ILLUS; COL; 5.6X11;,,A LA CARTE MENU; RESTAURANT LOGO AT TOP OF MENU;,1905-473,,,1905-06-15,Shanley's,,Dollars,$,complete,2,118,1905-06-15,1900
22074,Unknown Menu,MANHATTAN SINGLE TAX CLUB,FAREWELL DINNER TO MR. HENRY GEORGE ON THE OCCASION OF HIS DEPARTURE FOR AUSTRALIA,PROF;,"METROPOLITAN HOTEL, NEW YORK, NY","NEW YORK, NY",FOLDER; 5 x 6.5;,COMPLIMENTARY/TESTIMONIAL,VERY DETAILED PROGRAM OF TOASTS AND NOTES,1890-022,,,1890-01-20,Manhattan Single Tax Club,,,,complete,4,18,1890-01-20,1890
22077,Unknown Menu,ST. REGIS HOTEL,LUNCHEON/DEJEUNER FOURCHETTE,COMMERCIAL,"NEW YORK, NY","NEW YORK, NY",CARD; 5X8;,,FRENCH AND ENGLISH;,1906-329,,,1906-03-22,St. Regis Hotel,,Dollars,$,complete,2,192,1906-03-22,1900
22083,Unknown Menu,ST. REGIS HOTEL,LUNCHEON/DEJEUNER FOURCHETTE,COMMERCIAL,"NEW YORK, NY","NEW YORK, NY",CARD; 5X8;,,FRENCH AND ENGLISH;,1906-214,,,1906-02-21,St. Regis Hotel,,Dollars,$,complete,2,198,1906-02-21,1900
22085,Unknown Menu,HOTEL MARIE ANTOINETTE,BREAKFAST,COMMERCIAL,"SIXTY-SIXTH STREET & BROADWAY, NEW YORK, [NY]","NEW YORK, NY",CARD; 5.5X7.5;,,CAFE MENU; PRICED A LA CARTE;,1900-594,,,1900-01-29,Hotel Marie Antoinette,,Dollars,$,complete,2,71,1900-01-29,1900
22106,Unknown Menu,CONFEDERATE VETERAN CAMP OF NEW YORK,FIRST ANNUAL DINNER,PATR,"NEW YORK HOTEL,N.Y.","NEW YORK, NY",BOOKLET; ILL; 7.5X9,ANNUAL DINNER,FRONT AND BACK COVERS COVERED IN SILK LIKE FABRIC; MENU IN FRENCH; TOASTS LISTED; SONG PROGRAM LISTED; OFFICERS AND COMMITTEE MEMBERS LISTED; FASTENED AT LEFT WITH VELVET RIBBON,1891-007,,,1891-01-19,Confederate Veteran Camp Of New York,,,,complete,12,24,1891-01-19,1890
22113,Unknown Menu,SONS OF THE REVOLUTION,WASHINGTON'S BIRTHDAY REPAST,PATR;,"DELMONICOS, [NEW YORK, N.Y.]","NEW YORK, NY",FOLDER; ILL; 6X9;,PATRIOTIC HOLIDAY;,MENU IN FRENCH; EQUESTRIAN STATUE OF WASHINGTON ON FRONT COVER; FASTENED AT TOP IN TWO PLACES WITH RED WHITE AND BLUE RIBBON; TOASTS LISTED; WORDS TO AMERICA IN FOUR VERSES;,1894-027,,,1894-02-22,Sons Of The Revolution,,,,complete,4,17,1894-02-22,1890
22130,Unknown Menu,SAVINGS BANKS PRESIDENTS OF STATE OF NEW YORK,ANNUAL MEETING,COMMERCIAL,"DELMONICO'S. NEW YORK, NY","NEW YORK, NY",CARD; 4X6.25;,ANNIVERSARY;,HOT AND COLD MENU;,1907-516,,,1907-05-17,Savings Banks Presidents Of State Of New York,,,,complete,2,14,1907-05-17,1900
22140,Unknown Menu,BELVEDERE HOUSE;,DAILY BILL OF FARE;,COMMERCIAL,NEW YORK [NY],"NEW YORK, NY",FOLDER; ILLUS; 7.5X11.25;,,ILLUS. PICTURE OF HOTEL ON COVER; PRICED A LA CARTE BILL OF FARE; PRICED WINE LIST;,1900-408,,,1900-01-19,Belvedere,,Dollars,$,complete,4,473,1900-01-19,1900
22143,Unknown Menu,?,FIRST ANNIVERSARY DINNER OF THE INAUGURATION OF GEORGE WASHINGTON,,"DELMONICO'S, NEW YORK","NEW YORK, NY",FOLDER; ILL; 5.25X8,ANNIVERSARYERSARY DINNER,NO SPONSOR LISTED; TOASTS LISTED; MENU IN FRENCH,1890-062,,,1890-04-30,?,,,,complete,4,24,1890-04-30,1890
22148,Unknown Menu,CANADIAN CLUB OF NEW YORK,BANQUEST O THE BRITISH FISHERIES COMMISSION,SOC;,BRUNSWICK HOTEL [NY?],"NEW YORK, NY",FOLDER; ILLUS; COLOR; 3.5X8.25;,COMPLIMENTARY/TESTIMONIAL,"PALE BLUE; PRINTED IN RED; DRAWING OF FISH, CREST AND FLAGS; TOASTS; WINES LISTED; FRENCH;",1888-116,,,1888-03-02,Canadian Club Of New York,,,,complete,2,24,1888-03-02,1880
22151,Unknown Menu,NEW YORK PRODUCE EXCHANGE,OPENING CELEBRATION FOR STEAMER SAM SLOAN,COM,"[HOFFMAN HOUSE,MADISON SQUARE,NY]","NEW YORK, NY",CARD;4.5X7;,"OTHER,COMMERCIAL OPENING",NAMES OF COMMITTEE MEMBERS LISTED,1884-010,,,1884-05-06,New York Produce Exchange,,,,complete,2,55,1884-05-06,1880
22159,Unknown Menu,TRUSTEES OF WASHINGTON SAVINGS BANK,"BANQUET TENDERED TO HON. SAMUEL MC MILLAN, CONGRESSMAN ELECT, 21ST CONGRESSIONAL DISTRICT, NEW YORK",PROF;,"LOTOS CLUB, NEW YORK CITY","NEW YORK, NY",FOLDER; ILLUS; 5.5X8.25;,COMPLIMENTARY/TESTIMONIAL,WINES LISTED; PHOTO OF HON. MC MILLAN; OFFICERS AND TRUSTEES OF THE WASHINGTON SAVINGS BANK LISTED;,1907-198,,,1907-02-09,Trustees Of Washington Savings Bank,,,,complete,8,19,1907-02-09,1900
22163,Unknown Menu,(DEMOCRATIC CLUB),DINNER FOR THE DEMOCRATIC MEMBERS ELECT FROM NEW YORK TO THE 56TH CONGRESS,POL;,"DEMOCRATIC CLUB,NEW YORK","NEW YORK, NY",BOOKLET;ILL;COL;5X7.5;,COMPLIMENTARY/TESTIMONIAL,WINES SERVED;NAMES;,1899-730,,,1899-11-16,Democratic Club,,,,complete,8,28,1899-11-16,1890
22184,Unknown Menu,OHIO SOCIETY OF NEW YORK,CENTENNIAL CELEBRATION OF THE FIRST SETTLEMENT IN OHIO VALLEY,PATR;,"DELMONICO'S, NY","NEW YORK, NY",CARD; ILLUS; 4.5X7.25;,COMPLIMENTARY/TESTIMONIAL,ILLUS. OF FRONTIERSMAN; GEORGE WASHINGTON; FRENCH; PRICED WINELIST; GUEST LIST INCLUDED;,1888-034,,,1888-04-07,Ohio Society Of New York,,Dollars,$,complete,6,24,1888-04-07,1880
22200,Unknown Menu,THE NEW YORK QUICK LUNCH RESTAURANT,SPECIAL BREAKFAST,COMMERCIAL,"1515 BROADWAY, [NEW YORK, NY]","NEW YORK, NY",BROADSIDE; 5.5X9.0;,,"""QUICK LUNCH RESTAURANT"" AND ADDRESS HAND-WRITTEN [FEB];",1900-585,,,1900-01-29,The New York Quick Lunch Restaurant,,Dollars,$,complete,2,36,1900-01-29,1900
22202,Unknown Menu,EMPIRE HOTEL,LUNCHEON,COMMERCIAL,B'WAY & 63RD ST. NY,"NEW YORK, NY",BROADSHEET; ILLUS; COL; 5.5 X 8;,DAILY,COMPLETE WINE LIST ON BACK;,1900-825,,,1900-02-08,Empire Hotel,,Dollars,$,complete,2,253,1900-02-08,1900
22215,Unknown Menu,CAFE DE BORDEAUX,DAY DINNER,COMMERCIAL,"454-456-458 SIXTH AVENUE, NEAR 28TH STREET, NEW YORK, NY [?]","NEW YORK, NY",FOLDER; 7.0X11.125;,,MENU PARTIALLY HAND WRITTEN; WHOLESALE WINE LIST;,1900-137,,,1900-01-10,Cafe De Bordeaux,,Dollars,$,complete,4,466,1900-01-10,1900
22225,Unknown Menu,TRAINOR'S HOTEL RESTAURANT,BILL OF FARE,COMMERCIAL,1289-1291 B'WAY  NY,"NEW YORK, NY",FOLDER; COL; 7.5 X 12.75;,DAILY,COMPLETE LIST OF FOOD WITH PRICES & COMPLETE WINE LIST;POOR CONDITION;,1900-824,,,1900-02-08,Trainor's Hotel Restaurant,,Dollars,$,complete,2,127,1900-02-08,1900
22233,Unknown Menu,THE CANTON SOCIETY OF NEW YORK,SIXTH ANNUAL DINNER,PATR;,"HOTEL MANHATTAN, [NEW YORK]","NEW YORK, NY",BOOKLET; ILLUS; 5 X 8;,ANNIVERSARY;,ILLUSTRATION OF MCKINLEY MONUMENT  AND STATE SEALS;,1907-450,,,1907-04-27,The Canton Society Of New York,,,,complete,8,15,1907-04-27,1900
22236,Unknown Menu,HOTEL MARIE ANTOINETTE,DINNER,COMMERCIAL,"SIXTY-SIXTH STREET & BROADWAY, NEW YORK, [NY]","NEW YORK, NY",BROADSHEET; 6.5X8.75; ILLUS; COL;,,"ILLUS IN GOLD, CREST; PRICED A LA CARTE MENU;",1900-869,,,1900-02-11,Hotel Marie Antoinette,,Dollars,$,complete,2,166,1900-02-11,1900
22248,Unknown Menu,R.H. MACY & CO.,"DAILY MENU, FIVE O'CLOCK TEA",COMMERCIAL,"NEW YORK,NY","NEW YORK, NY",CARD; 3.5X4.25;,,DATE NOTED BY FEB;,1905-954,,,1905-12-07,R.H. Macy & Co.,,,,complete,2,8,1905-12-07,1900
22251,Unknown Menu,AMERICAN ASIATIC ASSOCIATION,LUNCHEON IN HONOR OF SIR CHENTUNG LIANGCHENG,SOC;,"MERCHANT'S CLUB, NEW YROK","NEW YORK, NY",FOLDER; ILLUS; 4.5 X 8;,COMPLIMENTARY/TESTIMONIAL,WINES WITH EACH COURSE; PHOTO OF SIR CHENTUNG LIANGCHENG;,1907-622,,,1907-06-22,American Asiatic Association,,,,complete,4,15,1907-06-22,1900
22267,Unknown Menu,COMMONWEALTH CLUB,?,SOC,METROPOLITAN HOTEL,"NEW YORK, NY",CARD; 4.5X7,,"NOTED ON MENU ""SUBJECT: ""THE SURPLUS"",WINE LIST WITH PRICES LISTED ON BACK",1887-039,,,1887-12-19,Commonwealth Club,,Dollars,$,complete,2,25,1887-12-19,1880
22268,Unknown Menu,CHAMBER OF COMMERCE OF STATE OF NEW YORK,127TH ANNUAL MEETING,COMMERCIAL,"DELMONICO'S, NEW YORK, NY","NEW YORK, NY",BOOKLET; 5X7;,OTHER (ANNIVERSARY);,FRENCH,1895-085,,,1895-05-02,Chamber Of Commerce Of State Of New York,,,,complete,4,25,1895-05-02,1890
22271,Unknown Menu,TIMOTHY L. WOODRUFF,"DINNER TO NEWSPAPER MEN WHO PARTICIPATED IN THE RECENT ""RIOT""",PROF;,"REPUBLICAN CLUB, NEW YORK","NEW YORK, NY",BOOKLET; COL; ILLUS; 6 X 10;,COMPLIMENTARY/TESTIMONIAL,"COCKTAILS, WHISKEY, CHAMPAGNE LISTED; BROWN STOCK; ILLUSTTRATION OF ELEVEN NEW YORK NEWSPAPERS; COMMENT ABOUT PIPES; NOTE BY FEB THAT THE PIPE BELONGS TO THIS MENU, HOWEVER THERE DOES NOT PPEAR TO BE A PIPE;",1906-858,,,1906-11-05,Timothy L. Woodruff,,,,complete,4,23,1906-11-05,1900
22275,Unknown Menu,GLEN ISLAND HOTEL,DAILY MENU,COMMERCIAL,"88 CORTLANDT STREET, [NEW YORK, NY]","NEW YORK, NY",FOLDER; 7.25X10.75;,,"""ON THE EUROPEAN PLAN""; PRICED WINE LIST;",1900-768,,,1900-02-06,Glen Island Hotel,,Dollars,$,complete,4,146,1900-02-06,1900
22276,Unknown Menu,M.F.LYONS DINING ROOM,NEW YEAR'S DAY DINNER,COMMERCIAL,"259 BOWERY, NEW YORK","NEW YORK, NY",FOLDER; ILLUS; COL; 5.5 X 7;,SECULAR HOLIDAY;,PRICED MENU; CHERUBS AND DOVES ILLUSTRATION;,1906-001,,,1906-01-01,M.F.Lyons Dining Room,,Dollars,$,complete,4,27,1906-01-01,1900
22278,Unknown Menu,THE HOFFMAN HOUSE,NEW YEAR BUFFET,COM,"HOFFMAN CAFE, NEW YORK","NEW YORK, NY",FOLDER; ILL; 4.5X6.5,SECULAR HOLIDAYL,MENU IN FRENCH,1891-001,,,1891-01-01,The Hoffman House,,,,complete,4,25,1891-01-01,1890
22287,Unknown Menu,ANCIENT LODGE NO. 724 F. & A.M.,EIGHTH ANNUAL DINNER,SOC;,FIFTH AVENUE HOTEL [NY],"NEW YORK, NY",FOLDER; ILLUS; 4 X 5;,ANNIVERSARY;,MASONIC LOGO; SPEECHES;,1901-392,,,1901-02-16,Ancient Lodge No. 724 F. & A.M.,,,,complete,4,21,1901-02-16,1900
22292,Unknown Menu,PATRIARCH'S,MENU,,DELMONICO'S,"NEW YORK, NY",BROADSIDE; 3X4.5;,,FRENCH; INCLUDES CHAMPAGNE LIST; APPEARS TO BE A PRIVATE DINNER,1895-008,,,1895-01-14,Patriarch's,,,,complete,2,31,1895-01-14,1890
22304,Unknown Menu,ST. REGIS HOTEL,LUNCHEON/DEJEUNER FOURCHETTE,COMMERCIAL,"NEW YORK, NY","NEW YORK, NY",CARD; 5X8;,,FRENCH AND ENGLISH;,1906-298,,,1906-03-13,St. Regis Hotel,,Dollars,$,complete,2,188,1906-03-13,1900
22314,Unknown Menu,SIG. GIOVANNI CAVAGNARO E SIGNORA,FAUSTE NOZZE DELLA CARO FIGLIA COLOMBA ROSA COL SIG. LUIGI PROFUMO,OTHER (PRIVATE HOSTS);,"HOTEL DEL CAMPIDOGLIO, NEW YORK, NY","NEW YORK, NY",FOLDER; ILLUS; 4.5X6.5;,RITE;,"MENU IN FRENCH, OTHER INFO IN ITALIAN; INCLUDES WINES SERVED WITH INDIVIDUAL COURSES; DECORATIVE BORDER;",1898-191,,,1898-06-01,Sig. Giovanni Cavagnaro E Signora,,,,complete,4,27,1898-06-01,1890
22328,Unknown Menu,ONCE A YEAR CLUB OF INSURANCE JOURNALISTS,FIRST MEETING AND BANQUET,PROF;,"NEW YORK PRESS CLUB, 34 WEST 23RD ST. NY","NEW YORK, NY",FOLDER; COL; ILLUS; 4.5 X 6;,ANNIVERSARY;,FRENCH; WINES; PROGRAM; TAN; HUMOROUS ILLUSTRATION AND COMMENTS;,1899-162,,,1899-02-02,Once A Year Club Of Insurance Journalists,,,,complete,4,26,1899-02-02,1890
22334,Unknown Menu,"MITCHELL,KINZLER,& SOUTHGATE",BREAKFAST,COMM,"HOTEL BRUNSWICK,NY","NEW YORK, NY",FOLDER; ILL; 4.5X7.25,,HOTEL MONOGRAM ON BACK COVER,1885-029,,,1885-12-05,St. Nicholas Society Of Nassau Island,,,,complete,4,32,1885-12-05,1880
22335,Unknown Menu,THE WELLESLY CLUB OF  NY,DINNER,EDUC;,WINDSOR HOTEL[NY],"NEW YORK, NY",BOOKLET;COL. PRINTING; RIBBON TRIM;4.5 X 6;,[ANNUAL],MENU IN FRENCH;PROGRAM & SPEAKERS LISTED;,1896-014,,,1896-01-18,The Wellesly Club Of  Ny,,,,complete,4,13,1896-01-18,1890
22336,Unknown Menu,R.G.(?),DINNER,PRIVATE PARTY,"HOFFMAN HOUSE, MADISON SQUARE, NY","NEW YORK, NY",CARD; 4.25 X 6.25;,OTHER (SOC?),INITIALS R.G. 8 EAST 81ST STREET APPEAR ON MENU; FRENCH;,1896-210,,,1896-11-12,R.G.(?),,,,complete,2,22,1896-11-12,1890
22356,Unknown Menu,CLAREMONT HOTEL,DAILY MENU,COMMERCIAL,"NEW YORK, NY","NEW YORK, NY",BOOKLET; ILLUS; 6.25X11;,OTHER (DAILY DATED MENU);,"PRICED MENU; PRICED WINE LIST; ""BREAKFAST SOUVENIRS, MENU, FAVOR (PROJECTILE), ETC. SPOONS, BUTTONS, PINS, ETC. AT STAND IN OFFICE;"" MANILLA SCENE ON FRONT COVER, NYC SCENE ON BACK COVER; TWO COPIES;",1898-161,,,1898-05-01,Claremont Hotel,,Dollars,$,complete,4,202,1898-05-01,1890
22360,Unknown Menu,METROPOLITAN HOTEL,BREAKFAST MENU,,"[NEW YORK,NY]","NEW YORK, NY",BROADSIDE,,INCLUDES BREAKFAST WINES,1859-001,,,1859-07-01,Metropolitan Hotel,,Dollars,$,complete,2,63,1859-07-01,1850
22362,Unknown Menu,UNION LEAGUE CLUB,TWENTY-FIFTH ANNIVERSARY,SOC;,"UNION LEAGUE CLUB, [NEW YORK, NY?]","NEW YORK, NY",FOL; 3.75 X 5;,RITE (ANNIVERSARY);,FRENCH; SEPARATE ITEM INCLUDES PRICED CHAMPAGNE LIST ATTACHED TO INVITATION REFERRED TO AS la,1888-015,,,1888-02-06,Union League Club,,Dollars,$,complete,3,4,1888-02-06,1880
22366,Unknown Menu,H. WINTERFELDT,DINNER,OTHER (INDIVIDUAL);,"WALDORF-ASTORIA, NEW YORK","NEW YORK, NY",FOLDER; 4.5 X 9.75,OTHER (SOCIAL);,WINES LISTED; MENU IN FRENCH;,1905-820,,,1905-11-10,H. Winterfeldt,,,,complete,4,22,1905-11-10,1900
22370,Unknown Menu,SOCIETY OF COLONIAL WARS IN THE STATE OF NEW YORK,8TH ANNUAL DINNER ON OCCASION OF THE TWO HUNDRED AND EIGHTY-SIXTH ANNIVERSARY OF THE FOUNDING OF NEW AMSTERDAM,PAT;,"DELMONICO'S, NEW YORK, NY","NEW YORK, NY",BOOKLET; ILLUS; COL; 7X7;,ANNIVERSARY;,FRENCH; COLONAL FLAG & SEAL FORM COVER OF MENU; SILK RIBBON ATTACHMENT;,1900-641,,,1900-01-30,Society Of Colonial Wars In The State Of New York,,,,complete,8,16,1900-01-30,1900
22372,Unknown Menu,THE RENSSELAER COUNTY SOCIETY IN THE CITY OF NEW YORK,FIRST ANNUAL DINNER,POLIT;,"WALDORF-ASTORIA, [NEW YORK]","NEW YORK, NY",BOOKLET; COL; ILLUS; 6.5 X 9;,ANNIVERSARY;,MENU IN FRENCH; ILLUSTRATION OF TROY [NY]; GREEN STOCK;,1907-219,,,1907-02-14,The Rensselaer County Society In The City Of New York,,,,complete,8,21,1907-02-14,1900
22374,Unknown Menu,MARTINIQUE HOTEL,TABLE D'HOTE DINNER MENU,COMMERCIAL,"[NEW YORK, NY]","NEW YORK, NY",CARD; ILLUS; COL; 4.6X7;,,PRICE: $1.50; HOTEL SEAL AT TOP OF MENU; [PLACE INFO SUPPLIED BY FEB];,1907-418,,,1907-04-19,Martinique Hotel,,,,complete,2,28,1907-04-19,1900
22385,Unknown Menu,YALE ALUMNI ASSOCIATION,DINNER,EDUC;,"SHERRY'S, NEW YORK, NY","NEW YORK, NY",FOLDER; ILLUS; COL; 4.25X6.25;,OTHER (REUNION);,FRENCH; INCLUDES WINE LIST; TOASTS; DECORATIVE FLOWER ON COVER;,1898-087,,,1898-02-14,Yale Alumni Association,,,,complete,4,21,1898-02-14,1890
22386,Unknown Menu,YE NEW YORK CHAPTER OF YE COLONIAL ORDER,ANNUAL FESTIVAL,PAT;,"METROPOLITAN CLUB, NEW YORK, NY","NEW YORK, NY",BOOKLET; ILLUS; 6X9;,RITE,"COLONIAL FIGURES ON COVER, SEAL ON BACK; SILK RIBBON ATTACHMENTS;",1895-206,,,1895-12-04,Ye New York Chapter Of Ye Colonial Order,,,,complete,4,23,1895-12-04,1890
22387,Unknown Menu,COLUMBIA UNIVERSITY DEBATING UNION,BANQUET OF CORNELL AND COLUMBIA DEBATING TEAMS,EDUC;,"HOTEL SAVOY, NY","NEW YORK, NY","FOLDER; 5,5 X 7;",SOC;,TOASTS;,1901-590,,,1901-03-07,Columbia University Debating Union,,,,complete,4,12,1901-03-07,1900
22388,Unknown Menu,DELTA KAPPA EPSILON FRATERNITY,59TH CONVENTION,GREEK LETTER (FRATERNITY OR SORORITY),"WALDORF-ASTORIA, NEW YORK","NEW YORK, NY",BOOKLRY; ILLUS; COL; 4.75 X 6;,ANNIVERSARY;,"CHAMPAGNE, MENU IN FRENCH, ILLUSTRATIONOF FRATERNITY FLAG(?); TOASTS;",1905-821,,,1905-11-10,Delta Kappa Epsilon Fraternity,,Dollars,$,complete,6,22,1905-11-10,1900
22401,Unknown Menu,GRAND UNION HOTEL,DINNER,COMMERCIAL,"NEW YORK, NY","NEW YORK, NY",FOLDER; 5.5X8.0;,,PRICED A LA CARTE MENU; DATE HAND WRITTEN [FEB];,1900-146,,,1900-01-14,Grand Union Hotel,,Dollars,$,complete,4,81,1900-01-14,1900
22404,Unknown Menu,THE SPHINX CLUB,DINNER,SOC;,"WALDORF-ASTORIA, NEW YORK","NEW YORK, NY",CARD; ILLUS; 5.5 X 8.5;,ANNIVERSARY;,EGYPTIAN MOTIF;,1905-856,,,1905-11-14,Southern Railway Inspection Trip,,,,complete,2,13,1905-11-14,1900
22407,Unknown Menu,ST. GEORGE'S SOCIETY OF NEW YORK,ONE HUNDRED AND TWENTIETH ANNIVERSARY,SOC;,"WALDORF-ASTORIA, NEW YORK","NEW YORK, NY",BOOKLET; ILLUS; 6.5 X 9;,ANNIVERSARY;,DECORATIVE CREST; PATRIOTIC SONG LYRICS; SPEECHES;,1906-402,,,1906-04-23,St. George's Society Of New York,,,,complete,8,21,1906-04-23,1900
22409,Unknown Menu,MUSICAL MUTUAL PROTECTIVE UNION OF N.Y. (LOCAL NO. 1),DINNER TO THE DELEGATES OF THE NATIONAL LEAGUE OF MUSICIANS,PROF;,"DELMONICO'S, NEW YORK, NY","NEW YORK, NY",PAMPHLET; ILLUS; 7.50 X 5.75;,COMPLIMENTARY/TESTIMONIAL,"INCLUDES WINES SERVED WITH INDIVIDUAL COURSES; SILK RIBBON ATTACHMENTS; MUSICAL NOTES ON COVER, NATIONAL LEAGUE OF MUSICIANS OF U.S. EMBLEM ON BACK COVER;",1892-045,,,1892-03-18,Musical Mutual Protective Union Of N.Y. (Local No. 1),,,,complete,4,26,1892-03-18,1890
22411,Unknown Menu,MANHATTAN HOTEL,MENU,COMMERCIAL,"NEW YORK, NY","NEW YORK, NY",BROADSIDE; ILLUS; COL; 3.5X7;,,DECORATIVE BORDER; POSSIBLY A PRIVATE DINNER PARTY;,1899-307,,,1899-04-04,Hotel Manhattan,,,,complete,2,19,1899-04-04,1890
22412,Unknown Menu,PUTNAM HOUSE,TABLE D'HOTE DINNER,COMMERCIAL,"NEW YORK, [NY]","NEW YORK, NY",BROADSHEET; 4.5X7.25;,,AMERICAN PLAN DINNER; WITH WINE 50 CENTS; A LA CARTE ITEMS LISTED;,1900-601,,,1900-01-29,Putnam House,,Dollars,$,complete,2,33,1900-01-29,1900
22415,Unknown Menu,CITY HALL CELLAR,THE GREAT SURPRISE BILL OF FARE,COMMERCIAL,"NEW YORK, NY","NEW YORK, NY",FOLDER; ILLUS; 5.75X7.5;,,"""CITY HALL CELLAR LUNCH - 40 CENTS;"" PHOTO OF PROPRIETOR, G. ZITZLER, ON COVER; PHOTO OF BROADWAY-CHAMBERS BUILDING ON BACK COVER; [DATE HANDWRITTEN];",1901-932,,,1901-04-15,City Hall Cellar,,Dollars,$,complete,4,40,1901-04-15,1900
22454,Unknown Menu,EVERETT HOUSE,DINNER,COMMERCIAL,"UNION SQUARE, NEW YORK, NY","NEW YORK, NY",FOLDER; 7.0X11.0;,,FULLY PRICED BILL OF FARE; HALF PORTION PRICES QUOTED; PRICED WINE LIST;,1900-130,,,1900-01-10,Everett House,,Dollars,$,complete,4,165,1900-01-10,1900
22459,Unknown Menu,ST. REGIS HOTEL,DINNER/DINER,COMMERCIAL,"NEW YORK, NY","NEW YORK, NY",CARD; 5X8;,,FRENCH AND ENGLISH;,1906-191,,,1906-02-18,St. Regis Hotel,,Dollars,$,complete,2,176,1906-02-18,1900
22464,Unknown Menu,ARTHUR L. MERRIAM,DINNER GIVEN TO THE OFFICERS AND REPRESENTATIVES OF THE AMES IRON WORKS,COMMERCIAL,"REPUBLICAN CLUB, NEW YORK, NY","NEW YORK, NY",BOOKLET; ILLUS; COL; 5X8;,COMPLIMENTARY/TESTIMONIAL,INCLUDES WINE LIST PLUS MANHATTAN COCKTAILS; GUEST LIST INCLUDED; REPLUBLICAN CLUB INITIALS ON COVER; CORD AND TASSLE ATTACHMENT;,1905-863,,,1905-11-16,Arthur L. Merriam,,,,complete,2,22,1905-11-16,1900
22491,Unknown Menu,BELVEDERE HOUSE;,BREAKFAST;,COMMERCIAL,NEW YORK [NY],"NEW YORK, NY",FOLDER; ILLUS; 7.5X11.5;,,ILLUS. OF HOTEL ON COVER; PRICED A LA CARTE MENU; DATE HAND WRITTEN;,1900-406,,,1900-01-19,Belvedere,,Dollars,$,complete,4,122,1900-01-19,1900
22496,Unknown Menu,STEVENS INSTITUTE OF TECHNOLOGY CLASS OF '93,FIRST ANNUAL BANQUET,EDUC;,HOTEL MARLBOROUGH [HOBOKEN NY?],"NEW YORK, NY",FOLDER; COL; 6 X 5;,OTHER (S0C?),PRINTED IN RED; TIED WITH MAROON AND WHITE RIBBON; TOASTS; MUSIC;,1890-046,,,1890-03-13,Stevens Institute Of Technology Class Of '93,,,,complete,4,24,1890-03-13,1890
22509,Unknown Menu,U.S.M.A. (UNITED STATES MILITARY ACADEMY?),GRADUATION BANQUET,MIL;,MURRAY HILL HOTEL [NYC],"NEW YORK, NY",BOOKLET; ILLUS; 5 X 6.5;,RITE;,"ILLUS. OF HELMET, SHIELD, PALM, PEACE PIPE; WINES;",1895-111,,,1895-06-12,U.S.M.A. (United States Military Academy?),,,,complete,8,28,1895-06-12,1890
22544,Unknown Menu,ST. LAWRENCE CLUB,SIXTEENTH ANNUAL DINNER,OTHER (CLUB);,"ASTOR HOTEL, NEW YORK, NY","NEW YORK, NY",CARD; COL; 4.25X6;,ANNIVERSARY;,FRENCH;,1906-394,,,1906-04-21,St. Lawrence Club,,,,complete,2,20,1906-04-21,1900
22553,Unknown Menu,FREE TRADE CLUB,[DINNER ?],SOCIAL,"DELMONICO,NEW YORK NY;","NEW YORK, NY",CARD;4.25X6;,,PRINTED IN FRENCH,1884-029,,,1884-03-15,Free Trade Club,,,,complete,2,25,1884-03-15,1880
22554,Unknown Menu,CHI PHI ASSOCIATION IN THE CITY OF NEW YORK,DINNER- VAUDEVILLE,GREEK LETTER (FRATERNITY OR SORORITY),CAFE BOULEVARD (NEW YORK?);,"NEW YORK, NY",FOLDER; ILLUS; COL; 5.5 X 8;,ANNIVERSARY (?);,CHAMPAGNE; ENTERTAINMENT; GREEK LETTERS; RED AND BLUE PRINT;,1907-228,,,1907-02-16,Chi Phi Association In The City Of New York,,,,complete,4,18,1907-02-16,1900
22557,Unknown Menu,ASSOCIAZIONE FRATERNA DI MUTUO SOCCORSO IN NEW YORK,GRAN BANCHETTO D'ONORE AL PRESIDENTE SIG. VITO CONTESSA,SOC;,"HOTEL DEL CAMPIDOGLIO, NEW YORK, NY","NEW YORK, NY",BROADSHEET; ILLUS; 4.25X7;,COMPLIMENTARY/TESTIMONIAL,ITALIAN; INCLUDES WINES SERVED WITH INDIVIDUAL COURSES; PHOTO OF GUEST OF HONOR; SEAL ON FRONT;,1899-218,,,1899-03-02,Associazione Fraterna Di Mutuo Soccorso In New York,,,,complete,2,33,1899-03-02,1890
22559,Unknown Menu,THIRTEEN CLUB,175TH REGULAR & ANNUAL LADIES ROOF GARDEN DINNER,PROF;,"CENTRAL RESTAURANT & ROOF GARDEN,143 LIBERTY ST.NY","NEW YORK, NY",BOOKLET; ILLUS; COL; 5 25 X 7.5;,ANNUAL;,SPEAKERS LISTED; 13 SIGNATURES OF TABLE 2;,1899-473,,,1899-06-13,Thirteen Club,,,,complete,4,18,1899-06-13,1890
22562,Unknown Menu,RG,DINNER,?,DELMONICO'S NY,"NEW YORK, NY",BROADSIDE; GOLD TRIM; 3.5 X 5.25;,?,MENU IN FRENCH; WINES LISTED;,1898-314,,,1898-10-17,Rg,,,,complete,2,30,1898-10-17,1890
22586,Unknown Menu,KENSINGTON HOTEL,BREAKFAST,COMMERCIAL,5TH AVE. & 15TH ST. NY,"NEW YORK, NY",BROADSIDE; 6.5 X 10.25;,DAILY,SOME ITEM HANDWRITTEN; ALL PRICES LISTED;,1900-391,,,1900-01-18,Kensington Hotel,,Dollars,$,complete,2,145,1900-01-18,1900
22595,Unknown Menu,ST. REGIS HOTEL,DINNER/DINER,COMMERCIAL,"NEW YORK, NY","NEW YORK, NY",CARD; 5X8;,,FRENCH AND ENGLISH;,1906-088,,,1906-01-25,St. Regis Hotel,,Dollars,$,complete,2,169,1906-01-25,1900
22605,Unknown Menu,HAAN'S,DINNER(?),COMMERCIAL,PARK ROW BUILDING [NY],"NEW YORK, NY",FOLDER; 7 X 11;,,PRICED MENU; PRICED WINE LIST ON BACK COVER; NOTE ABOUT SAFETY OF THE WATER; A LA CARTE MENU;,1900-430,,,1900-01-22,Haan's,,Dollars,$,complete,4,497,1900-01-22,1900
22606,Unknown Menu,MARINE SOCIETY OF NEW YORK,125TH ANNIVERARY DINNER,PROF;,"HOFFMAN HOUSE CAFE, NEW YORK, NY","NEW YORK, NY",BROADSHEET; ILLUS; 5X7;,ANN;,SOCIETY SEAL & MOTTO ON COVER,1895-011,,,1895-01-14,Marine Society Of New York,,,,complete,2,19,1895-01-14,1890
22607,Unknown Menu,SAINT NICHOLAS SOCIETY OF CITY OF NEW YORK,PAAS FESTIVAL,RELIG;,"DELMONICO'S, NEW YORK, NY","NEW YORK, NY",FOLDER; ILLUS; 6 x 7.50;,ETH;,FRENCH; INCLUDES PRICED WINE LIST; SOCIETY SEAL ON COVER,1889-035,,,1889-04-22,Saint Nicholas Society Of City Of New York,,Dollars,$,complete,4,38,1889-04-22,1880
22619,Unknown Menu,DOLAN'S RESTAURANT,DAILY MENU,COMMERCIAL,"33 PARK ROW, NEW YORK CITY","NEW YORK, NY",CARD; 7 X 12;,,PRICED MENU; MENU IN FEB'S HANDWRITING WITH NOTE THAT IT WAS COPIED FROM A BILL OF FARE FRAMED ON THE WALL;,1906-011,,,1906-01-01,Dolan's Restaurant,,Dollars,$,complete,2,19,1906-01-01,1900
22622,Unknown Menu,NEW YORK PRESS,DINNER FOR VISITING MEMBERS OF THE GOVERNING BOARD OF THE INTERNATIONAL LEAGUE OF PRESS CLUBS,PROF,"HOTEL MARLBOROUGH, NEW YORK","NEW YORK, NY",BOOKLET; ILL; 5.25X7,OTHER,FRENCH MENU; FASTENED AT LEFT BY CORD; SEATING PLAN; JOKING NOTICE ON PENULTIMATE PAGE,1891-101,,,1891-09-23,New York Press,,,,complete,8,34,1891-09-23,1890
22630,Unknown Menu,EVERETT HOUSE,BREAKFAST,COMMERCIAL,"UNION SQUARE, NEW YORK, NY","NEW YORK, NY",FOLDER; 7.0X11.0;,,FULLY PRICED MENU; HALF PORTION PRICES QUOTED; PRICED WINE LIST;,1900-129,,,1900-01-10,Everett House,,Dollars,$,complete,4,29,1900-01-10,1900
22631,Unknown Menu,HOTEL SAVOY,DINNER,COMMERCIAL,"FIFTH AVENUE AND 59TH ST., NY","NEW YORK, NY",CARD; 6.25 X 9.25;,,CREST; NOTE THAT WATER IS DISTILLED FOR PURITY;,1900-186,,,1900-01-12,Hotel Savoy,,,,complete,2,58,1900-01-12,1900
22637,Unknown Menu,RESTAURANT BREVOORT,LUNCH,COMMERCIAL,"NEW YORK, NY [?]","NEW YORK, NY",BROADSIDE; ILLUS; COL; 8.75X12.625;,,"ILLUS IN RED; PEOPLE IN RENAISSANCE COSTUMES; MEDIEVAL HOUSES IN BACKGROUND, ONE WITH SIGN ""BREVOORT HOUSE""; MENU HAND WRITTEN; NOTED ""AMERICAN PLAN""; NO PRICES;",1900-138,,,1900-01-10,Restaurant Brevoort,,,,complete,2,15,1900-01-10,1900
22655,Unknown Menu,GRANT BIRTHDAY ASSOCIATION,NINTH ANNUAL DINNER,PAT;,"WALDORF ASTORIA, NY","NEW YORK, NY",BOOKLET; ILLUS; COL; 7X11;,ANNIVERSARY;,INCLUDES WINES SERVED WITH INDIVIDUAL COURSES; QUOTATIONS BY GRANT & PHOTOGRAPHS OF HIM; COMMITTEE LISTED;,1899-393,,,1899-04-27,Grant Birthday Association,,,,complete,4,31,1899-04-27,1890
22667,Unknown Menu,SCHULZ RESTAURANT AND SUMMER GARDEN,DINNER,COMMERCIAL,45 SECOND AVENUE; NY,"NEW YORK, NY",CARD; 5.5 X 10;,,"PRICED MENU, PRIX FIXE AND A LA CARTE; PRIX FIXE MENU HANDWRITTEN; A LA CARTE MENU PRINTED;",1900-088,,,1900-01-08,Schulz Restaurant And Summer Garden,,Dollars,$,complete,2,67,1900-01-08,1900
22676,Unknown Menu,DORLON'S OYSTER HOUSE,[DINNER],COMMERCIAL,6 EAST 23 ST. NY,"NEW YORK, NY",FOLDER; 5.5 X 11.5;,,SEPARATE PAGE HANDWRITTEN DINNER ITEMS; EVERYTHING ELSE PRINTED & PRICED INCLUDING WINES;,1900-111,,,1900-01-10,Dorlon's Oyster House,,Dollars,$,complete,6,290,1900-01-10,1900
22679,Unknown Menu,UNION LEAGUE CLUB,DINNER TO HON. WILLIAM RUMSEY,POL.;,"UNION LEAGUE CLUB, NY","NEW YORK, NY",BOOKLET; COLORED ILLUS;4.5 X 7;,TESTIMONIAL,MENU IN FRENCH; INCLUDES WINES;2 IDENTICAL COPIES',1888-0610,,,1888-09-27,Union League Club,,,,complete,8,29,1888-09-27,1880
22680,Unknown Menu,WILLIAM S. HAWK,TO VICTOR S. HERBERT & THE PITTSBURGH ORCHESTRA,OTHER (PRIVATE PARTY),"MANHATTAN HOTEL, NEW YORK, NY","NEW YORK, NY",CARD; ILLUS; COL; 6X9;,COMPLIMENTARY/TESTIMONIAL,"WINE LIST; ILLUSTRATIONS OF AMERICAN FLAG, AMERICAN INDIAN, EAGLE, STATUE OF LIBERTY, ETC;",1901-0329,,,1901-02-12,William S. Hawk,,,,complete,2,22,1901-02-12,1900
22686,Unknown Menu,CHAMBER OF COMMERCE OF THE STATE OF NEW YORK,139TH ANNUAL MEETING LUNCHEON,PROF;,"DELMONICO'S, NEW YORK CITY","NEW YORK, NY",CARD; 4X6.25;,ANNIVERSARY;,MENU IN FRENCH;,1907-989,,,1907-05-02,Chamber Of Commerce Of The State Of New York,,,,complete,2,16,1907-05-02,1900
22699,Unknown Menu,BELVEDERE HOUSE;,LUNCHEON;,COMMERCIAL,"4TH AVE. & 18TH ST, NEW YORK [NY]","NEW YORK, NY",CARD; ILLUS; 4.5X6.25;,,"ILLUS. INITIAL B WITHIN LAUREL WREATH; STREAMERS; TABLE D'HOTE MENU, UNPRICED;",1900-407,,,1900-01-19,Belvedere House;,,,,complete,2,15,1900-01-19,1900
22702,Unknown Menu,RESTAURANT GRIFFOU,DAILY DINNER MENU,COM,"NEW YORK,[NY]","NEW YORK, NY",CARD; 5.5X8.75,,HANDWRITTEN; FRENCH MENU,1892-086,,,1892-06-17,Restaurant Griffou,,,,complete,2,12,1892-06-17,1890
22704,Unknown Menu,CENTRAL DINING ROOM AND RESTAURANT,MENU,COMMERCIAL,"NEW YORK, NY","NEW YORK, NY",FOLDER; 7X10;,,"A LA CARTE MENU; ""WHOLE BROILED LOBSER- 50 C;"" ""SMOKING ALLOWED AFTER 3 PM;""",1901-999,,,1901-04-26,Central Dining Room And Restaurant,,Dollars,$,complete,4,83,1901-04-26,1900
22706,Unknown Menu,S.S.B. COUNSEL OF SPELLING SIMPLIFICATION,BANQUET,SOC;,"WALDORF-ASTORIA, NEW YORK CITY","NEW YORK, NY",BROADSIDE; 7X10.75;,,MENU WRITTEN IN FRENCH AND LATIN; SEEMS TO BE DONE IN HUMOROUS VAIN;,1907-345,,,1907-04-03,S.S.B. Counsel Of Spelling Simplification,,,,complete,4,23,1907-04-03,1900
22722,Unknown Menu,FLAT IRON RESTAURANT AND CAFE,LUNCH READY,COMMERCIAL,"NEW YORK, NY","NEW YORK, NY",CARD; ILLUS; COL; 6.6X12;,,A LA CARTE LUNCH MENU; DECORATIVE SKETCHES ON MENU; LIMITED WINE LIST ON BACK OF MENU;,1907-141,,,1907-01-28,Flat Iron Restaurant And Cafe,,Dollars,$,complete,2,121,1907-01-28,1900
22727,Unknown Menu,SONS OF THE REVOLUTION,CELEBRATION OF THE EVACUATION OF THE CITY OF NEW YORK,PATR,DELMONICO'S [NEW YORK],"NEW YORK, NY",CARD; 4.25X6.75,OTHER,"FRENCH MENU; COMPLETE VERSES OF THE SONGS AMERICA AND COLUMBIA, THE GEM OF THE OCEAN PRINTED ON THE BACK COVER",1891-119,,,1891-11-25,Sons Of The Revolution,,,,complete,2,17,1891-11-25,1890
22728,Unknown Menu,RUDOLPH M. HAAN,DINNER GIVEN TO MUNICIPAL OFFICERS & HEADS OF DEPARTMENTS OF THE CITY OF NEW YORK,OTHER (PRIVATE HOST);,"PARK ROW BUILDING, NEW YORK, NY","NEW YORK, NY",FOLDER; ILLUS; COL; 4.75X7.75;,COMPLIMENTARY/TESTIMONIAL,LISTS WINES SERVED WITH INDIVIDUAL COURSES;,1899-746,,,1899-11-21,Rudolph M. Haan,,,,complete,4,25,1899-11-21,1890
22732,Unknown Menu,DIRECTORS OF THE NATIONAL HORSE SHOW ASSOCIATION,COMPLIMENTARY DINNER TO THE OFFICERS AND CADETS OF WEST POINT MILITARY ACADEMY,PROF;,MADISON SQUARE GARDEN,"NEW YORK, NY",CARD; 5X7.25;,COMPLIMENTARY/TESTIMONIAL,WINE LISTED;,1907-999,,,1907-11-23,Directors Of The National Horse Show Association,,,,complete,2,17,1907-11-23,1900
22735,Unknown Menu,OUT-OF-TOWN CLUB,SEMI-ANNUAL DINNER,SOC;,"NEW YORK ATHLETIC CLUB, [NEW YORK]","NEW YORK, NY",CARD; 4.5 X 6.5;,ANNIVERSARY;,APPROPRIATE WINES WITH EACH COURSE;,1901-705,,,1901-03-20,Out Of Town Club,,,,complete,2,29,1901-03-20,1900
22736,Unknown Menu,VETERANS OF THE NEW YORK ATHLETIC CLUB,NINTH ANNUAL DINNER,SOC;,NEW YORK ATHLETIC CLUB,"NEW YORK, NY",CARD; ILLUS; COL; 4.6X6.6;,ANNIVERSARY;,INCLUDES WINE LIST; CLUB INSIGNIA AT TOP OF MENU; SEVERAL AUTOGRAPHS ON BACK OF CARD;,1907-132,,,1907-01-26,Veterans Of The New York Athletic Club,,,,complete,2,23,1907-01-26,1900
22739,Unknown Menu,NEW YORK SONS OF THE REVOLUTION,WASHINGT0N'S BIRTHDAY,PATR;,DELMONICO'S NY,"NEW YORK, NY",FOLDER; ILLUS; COL;7.5 X 5.5;,(COMMEMOATIVE?),FRENCH; CONTINENTAL FLAGS IN COLOR; TIED WITH RED WHITE BLUE RIBBON;TOASTS; 2 COPIES;,1891-027,,,1891-02-01,New York Sons Of The Revolution,,,,complete,4,22,1891-02-01,1890
22745,Unknown Menu,DARTMOUTH COLLEGE ASSOCIATION OF NEW YORK,34TH ANNUAL DINNER,EDUC;,"DELMONICO'S, NEW YORK, NY","NEW YORK, NY",BOOKLET; ILLUS; COL; 5.25X6.75;,ANNIVERSARY;,BOOKLET; INCLUDES PRICED WINE LIST; TOASTS; COLLEGE SEAL ON COVER; SILK RIBBON ATTCHMENTS;,1898-056,,,1898-01-21,Dartmouth College Association Of New York,,Dollars,$,complete,6,34,1898-01-21,1890
22748,Unknown Menu,HOLLAND SOCIETY,DINNER,PATR;,"HOTEL BRUNSWICK, NY","NEW YORK, NY",CARD; ILLUS; COL; 5.75X9.5;,[SOC?],RED WHITE AND BLUE FLAG; WINES; LIQUERS; CIGARS;,1889-003,,,1889-01-08,Holland Society,,,,complete,2,47,1889-01-08,1880
22758,Unknown Menu,FLATIRON RESTAURANT & CAFE,MENU,,"NEW YORK, NY","NEW YORK, NY",FOLDER; ILLUS; COL; 10X14;,,A LA CARTE MENU; INCLUDES PRICED WINE LIST; ILLUSTRATION OF FLATIRON BUILDING ON COVER AND INTERSECTION OF BROADWAY AND 23RD ST. DECORATIVE BORDERS;,1905-797,,,1905-11-03,Flatiron Restaurant & Cafe,,Dollars,$,complete,4,645,1905-11-03,1900
22761,Unknown Menu,THIRTEEN CLUB,DINNER,SOC;,"CAFE BOULEVARD,[NEW YORK,NY]","NEW YORK, NY",CARD;ILL;6.75X4.25;,OTHER (AUSTRIAN DINNER);,MENU IN GERMAN;PRICED WINE LIST,1896-238,,,1896-12-13,Thirteen Club,,Dollars,$,complete,2,16,1896-12-13,1890
22770,Unknown Menu,A COMMITTEE OF THE CITIZENS OF NEW YORK,DINNER TO THE MEMBERS OF THE REPUBLICAN EDITORIAL ASSOCIATION OF THE STATE OF NEW YORK,POL;,"DELMONICO'S, NEW YORK, NY","NEW YORK, NY",FOLDER; ILLUS; 6X9.5;,COMPLIMENTARY/TESTIMONIAL,"INCLUDES WINES SERVED WITH EACH COURSE; ILLUSTRATED WITH ACTUAL PORTRAITS OVER MINIATURE CARTOON BODIES; LITERARY SKETCHES; DRAWING  ON BACK COVER OF SHEARS: ""THE SHEARS ARE MIGHTIER THAN THE PEN.""",1895-022,,,1895-01-25,A Committee Of The Citizens Of New York,,,,complete,3,27,1895-01-25,1890
22771,Unknown Menu,FIFTH AVENUE HOTEL,BREAKFAST,COMMERCIAL,"MADISON SQUARE, NEW YORK","NEW YORK, NY",FOLDER; ILLUS; 5.5 X 4.5;,,ILLUSTRATION OF SITE OF HOTEL;,1907-051,,,1907-01-09,Fifth Avenue Hotel,,,,complete,3,128,1907-01-09,1900
22781,Unknown Menu,HOTEL ST. REGIS,"DAILY MENU, LUNCHEON",COMMERCIAL,"NEW YORK, NY","NEW YORK, NY",CARD; 5X8;,,MENU PRINTED IN ENGLISH AND IN FRENCH;,1905-465,,,1905-06-15,Hotel St. Regis,,Dollars,$,complete,2,187,1905-06-15,1900
22784,Unknown Menu,CALMAN VARNISH CO.,DINNER,COMMERCIAL,"HOTEL ASTOR, NEW YORK","NEW YORK, NY",FOLDER; ILLUS; 5.5 X 7;,ANNIVERSARY (?);,MENU IN FRENCH; EMBOSSED BORDER; HUMOROUS COMMENTS AND VERSES; SPONSOR NOTED BY FEB;,1905-992,,,1905-12-22,Calman Varnish Co.,,,,complete,4,19,1905-12-22,1900
22787,Unknown Menu,HAAN'S,LUNCH,COMMERCIAL,"PARK ROW BLDG., [NY, NY]","NEW YORK, NY",CARD; 7 X 11;,,PRINTED MENU AND WINE LIST;,1900-511,,,1900-01-25,Haan's,,Dollars,$,complete,2,357,1900-01-25,1900
22804,Unknown Menu,CONFERENCES FOR EDUCATION IN THE SOUTH,DINNER TO ROBERT C. OGDEN GIVEN BY THOSE WHO WORKED UNDER HIS LEADERSHIP,EDUC;,"WALDORF-ASTORIA, NEW YORK","NEW YORK, NY",FOLDER; 5 X 8;,COMPLIMENTARY/TESTIMONIAL,WINES WITH EACH OURSE; TOASTS;,1906-895,,,1906-12-03,Conferences For Education In The South,,,,complete,4,14,1906-12-03,1900
22809,Unknown Menu,NEW YORK PRESS CLUB,25TH ANNIVERSARY,PROF;,"WALDORF ASTORIA HOTEL, NEW YORK, NY","NEW YORK, NY",FOLDER;COL;5.25X7;,ANNIVERSARY;,"INCLUDES WINES SERVED WTH INDIVIDUAL COURSES;LISTS COMMITTEES (ARRANGEMENTS, SUB, ENTERTAINMENT, RECEPTION);",1897-337,,,1897-12-04,New York Press Club,,,,complete,4,19,1897-12-04,1890
22815,Unknown Menu,UNI8VERSITY OF VERMONT,ANNUAL DINNER,EDUC;,"HOTEL MANHATTAN, NY","NEW YORK, NY",FOLDER; 4 X 5.5;,ANNIVERSARY;,SEAL;,1901-380,,,1901-02-15,Alumni Association University of Vermont,,,,complete,4,18,1901-02-15,1900
22816,Unknown Menu,NINETEENTH ARMY CORPS,20TH ANNUAL MEETING DINNER,MIL;,"ST.DENIS HOTEL,NY","NEW YORK, NY",FOLDER;PHOTOGRAPHS;7X9.5;,ANNUAL;,OFFICERS & COMMITTEE MEMBERS LISTED;,1906-773,,,1906-10-20,Nineteenth Army Corps,,,,complete,4,18,1906-10-20,1900
22818,Unknown Menu,CAFETERIA,LUNCH,COMMERCIAL,"57 BROAD STREET, NY","NEW YORK, NY",FOLDER; ILLUS; 6 X 9.75;,SATURDAY LUNCH,HALF MENU HANDWRITTEN; ALL PRICES INCLUDED;,1899-127,,,1899-01-13,Cafeteria,,Dollars,$,complete,4,111,1899-01-13,1890
22826,Unknown Menu,BRITISH SCHOOLS AND UNIVERSITIES CLUB,DINNER,SOC;,"ARKWRIGHT CLUB, NEW YORK CITY","NEW YORK, NY",BROADSIDE; ILLUS; COL; 5.5X10;,[ANNIV?];,PL NOTED BY FEB; SCOTTISH QUOTE;,1908-119,,,1908-02-05,British Schools And Universities Club,,,,complete,4,18,1908-02-05,1900
22832,Unknown Menu,MRS. BRADLEY MARTIN,RECEPTION AND BALL,OTHER (PRIVATE PARTY),22 WEST 20TH ST. NYC,"NEW YORK, NY",CARD,OTHER (SOC);,"FRENCH, CHAMPAGNE;",1892-017,,,1892-01-22,Mrs. Bradley Martin,,,,complete,2,11,1892-01-22,1890
22835,Unknown Menu,ALUMNI OF COLUMBIA COLLEGE,ANNUAL DINNER,EDUC;,"HOTEL BRUNSWICK, NEW YORK, NY","NEW YORK, NY",BROADSIDE; 5 x 7.75;,OTHER (ANNIVERSARY);,LIST OF WINES WITH INDIVIDUAL COURSES,1890-028,,,1890-02-03,Alumni Of Columbia College,,,,complete,2,34,1890-02-03,1890
22837,Unknown Menu,ST. REGIS HOTEL,"DINNER, DINER",COMMERCIAL,"NEW YORK, NY","NEW YORK, NY",CARD; 5X8;,,FRENCH AND ENGLISH A LA CARTE MENU;,1905-788,,,1905-10-25,St. Regis Hotel,,Dollars,$,complete,2,176,1905-10-25,1900
22840,Unknown Menu,FOGG'S HOTEL AND DINING ROOM,BILL OF FARE,COMMERCIAL,"96 & 98 BARCLAY ST., NEW YORK, NY","NEW YORK, NY",FOLDER; ILLUS; 6.25X11;,,"DESIGN ON COVER; DINNER MENU; SPECIALS WRITTEN IN PENCIL; ""ROOMS, 50C, 75C, AND $1.00 PER DAY;""",1900-781,,,1900-02-07,Fogg's Hotel And Dining Room,,Dollars,$,complete,4,307,1900-02-07,1900
22857,Unknown Menu,SONS OF THE REVOLUTION,EVACUATION DAY DINNER,PAT;,"DELMONICOS, (NEW YORK, NY?)","NEW YORK, NY",FOLDER; ILLUS; COL; 5.5X8;,OTHER (ANNIVERARY);,"FRENCH; DRAWING OF REVOLUTIONARY SOLDIER, AMERICAN FLAG, GUNS, EAGLES; ""AMERICA"" ON BACK COVER",1892-037,,,1892-02-26,Sons Of The Revolution,,,,complete,4,31,1892-02-26,1890
22858,Unknown Menu,HARLEM REPUBLIC CLUB,9TH ANNUAL BANQUET IN HONOR OF 76TH BIRTHDAY OF ULYSSES S. GRANT,POL;,"MANHATTAN HOTEL, NEW YORK, NY","NEW YORK, NY",BOOKLET; ILLUS; COL; 5.5X7;,ANNIVERSARY;,"LISTS WINES SERVED WITH INDIVIDUAL COURSES; CLUB SEAL ON COVER, AMERICAN FLAG ON BACK; COMMITTEES;",1898-160,,,1898-04-24,Planters Hotel,,,,complete,2,66,1898-04-24,1890
22859,Unknown Menu,UNION LEAGUE CLUB FRIENDS,DINNER GIVEN TO MR. JOHN L. HILL,SOC;,"UNION LEAGUE CLUB, NEW YORK, NY","NEW YORK, NY",BOOKLET; ILLUS; COL; 6.6X8;,COMPLIMENTARY/TESTIMONIAL,INCLUDES WINE LIST; PHOTOGRAPH OF MR. HILL INCLUDED; PAGE OF MEMBERS' AUTOGRAPH; DECORATIVE WREATH ON COVER; CORD ATTACHMENT;,1906-969,,,1906-12-19,Union League Club Friends,,,,complete,10,19,1906-12-19,1900
22871,Unknown Menu,ST. REGIS HOTEL,LUNCHEON/DEJEUNER FOURCHETTE,COMMERCIAL,"NEW YORK, NY","NEW YORK, NY",CARD; 5X8;,,FRENCH AND ENGLISH;,1906-101,,,1906-01-27,St. Regis Hotel,,Dollars,$,complete,2,196,1906-01-27,1900
22885,Unknown Menu,MR.T.N.JARVIS,DINNER,SOC;,"RECTOR'S,NY","NEW YORK, NY","BROADSIDE ON SILK,ILLUS; COL;3.25X11;",COMPLIMENTARY/TESTIMONIAL,MENU COMPLETELY PRINTED ON SILK FABRIC;,1906-441,,,1906-05-03,Mr.T.N.Jarvis,,,,complete,2,22,1906-05-03,1900
22886,Unknown Menu,ST. REGIS HOTEL,DEJEUNER FOURCHETTE/LUNCHEON,COMMERCIAL,"NEW YORK, NY","NEW YORK, NY",CARD; 5X8;,,MENU IN FRENCH AND ENGLISH;,1905-504,,,1905-06-23,St. Regis Hotel,,Dollars,$,complete,2,191,1905-06-23,1900
22895,Unknown Menu,ST. ANDREW'S SOCIETY OF NY,140TH ANNIVERSARY,RELIG;,DELMONICO'S NY,"NEW YORK, NY",FOLDER; ILLUS; COL; 5.25 X 8;,ANNIVERSARYERSARY,MENU IN FRENCH; LIST OF WINES WITH PRICES LISTED ON SEPARATE PAGE; TOASTS & SONGS LISTED;,1896-226,,,1896-11-30,St. Andrew's Society Of The State Of New York,,Dollars,$,complete,4,45,1896-11-30,1890
22902,Unknown Menu,?,[DINNER],,DELMONICO'S NY,"NEW YORK, NY",CARD; ILLUS; COL; 4.5 X 7;,,MENU IN FRENCH;,1898-302,,,1898-11-04,Delmonicos,,,,complete,2,22,1898-11-04,1890
22936,Unknown Menu,THIRD PANEL SHERIFF'S JURY,ANNUAL DINNER,POL;,DELMONICO'S NY,"NEW YORK, NY",BOOKLET; RIBBON TRIM; ILLUS; GOLD TRIM;4.75 X 6.75;,ANNUAL,WINES LISTED FOR EACH COURSE; DINNER COMMITTEE & ALL MEMBERS INCLUDED;,1898-094,,,1898-02-17,Third Panel Sheriff's Jury,,,,complete,6,33,1898-02-17,1890
22937,Unknown Menu,THE WALDORF,BREAKFAST,COMMERCIAL,[NYC],"NEW YORK, NY",CARD; 6 X 8.25;,,PRICED MENU; 9 FLOOR MARKED ON REAR;,1896-088,,,1896-04-22,The Waldorf,,Dollars,$,complete,2,120,1896-04-22,1890
22962,Unknown Menu,GERMAN UNION LOGE,75TH ANNIVERSARY BANQUET AND BALL,SOC;,"TEUTONIA ASSEMBLY ROOMS, [NEW YORK, N.Y.]","NEW YORK, NY",FOLDER; ILL; 4.75X7.5;,ANNIVERSARY;,TOASTS IN GERMAN; ALL OTHER MATERIAL EXCEPT MENU IN GERMAN; NAMES LISTED;FRONT COVER WITH MASONIC LODGE INSIGNIA AND SPARKLED SPATTERED LETTERING;,1894-038,,,1894-04-14,German Union Loge,,,,complete,8,25,1894-04-14,1890
22965,Unknown Menu,RUBINSTEIN CLUB,FOURTH ANNUAL WHITE BREAKFAST,SOC;,"WALDORF-ASTORIA, NEW YORK CITY","NEW YORK, NY",FOLDER; ILLUS; COL;4.25X6.5;,ANNIVERSARY;,"MENU IN FRENCH; OFFICERS, COMMITTEES, USHERS AND PROGRAM LISTED;",1907-476,,,1907-05-04,Rubinstein Club,,,,complete,2,15,1907-05-04,1900
22966,Unknown Menu,CHAMBER OF COMMERCE,115TH ANNIVERSARY,PROF.,"DELMONICO, [NEW YORK, NY?]","NEW YORK, NY",FOLDER; 5 x 7.25;,OTHER - ANNIVERSARY,FRENCH,1883-023,,,1883-05-08,Chamber Of Commerce,,,,complete,4,29,1883-05-08,1880
22978,Unknown Menu,M.F. LOYNS DINING ROOMS,DAILY MENU,COMMERCIAL,"259 & 261 BOWERY, NEW YORK CITY","NEW YORK, NY",FOLDER; ILLUS; COL; 5.5X7;,RELIGIOUS HOLIDAY,,1906-998,,,1906-12-25,M.F. Loyns Dining Rooms,,Dollars,$,complete,4,29,1906-12-25,1900
22985,Unknown Menu,EMPIRE STATE SOCIETY SONS OF THE AMERICAN REVOLUTION,FOURTH ANNUAL BANQUET,PATR;,DELMONICO'S [NY],"NEW YORK, NY",BOOKLET; COL; 5.25 X 7.25;,OTHER (ANNIVERSARY),BLUE AND GOLD COVER; CALLIGRAPHY; HISTORICAL INFORMATION; CHAMPAGNE; SPEECHES; SEPARATE SEATING LIST;,1896-003,,,1896-01-03,Empire State Society Sons Of The American Revolution,,,,complete,16,24,1896-01-03,1890
22989,Unknown Menu,AUDITORIUM,DINNER,COMMERCIAL,"236 WEST 116TH STREET, NEW YORK","NEW YORK, NY",CARD; COL; 7 X 11;,,PRICED MENU; TAN STOCK;,1905-987,,,1905-12-21,Auditorium,,Dollars,$,complete,2,177,1905-12-21,1900
23010,Unknown Menu,COLLEGE OF PHARMACY OF THE CITY OF NY,63RD ANNUAL DINNER,EDUC;,"DELMOMICO'S,NY","NEW YORK, NY",BOOKLET;COL;5X8;,ANNUAL DINNER,MENU IN FRENCH;PROGRAM LISTED;,1892-035,,,1892-02-25,College Of Pharmacy Of The City Of Ny,,,,complete,4,22,1892-02-25,1890
23016,Unknown Menu,GEORGE THOMSON WILSON,DINNER TO PATRICK FRANCIS MURPHY,SOC;,DELMONICO'S [NEW YORK],"NEW YORK, NY",BOOKLET; COL; ILLUS; 7.5 X  9.75;,COMPLIMENTARY/TESTIMONIAL,"WINES LISTED; MENU IN FRENCH; MENU SERED AS PLACE CARD, THIS ONE FOR FEB; PHOT OF PATRICK MURPHY WITH ORNAMENTAL BORDER;",1906-014,,,1906-01-03,George Thomson Wilson,,,,complete,8,22,1906-01-03,1900
23017,Unknown Menu,HOLLAND SOCIETY OF NEW YORK,14NTH ANNUAL DINNER,SOC;,SHERRY'S NY,"NEW YORK, NY",BOOKLET; ILLUS; COL; 7 X 11;,ANNUAL,MENU IN DUTCH & ENGLISH; PROGRAM & SPEAKERS LISTED;,1899-122,,,1899-01-11,Holland Society Of New York,,,,complete,4,41,1899-01-11,1890
23018,Unknown Menu,IMPERIAL RESTAURANT,DINNER,COMMERCIAL,"83 SECOND AVENUE, NY","NEW YORK, NY",BROADSIDE; 6.5 X 10;,,HANDWRITTEN; PRIXE FIXE DINNER WITH POULTRY; OTHER ITEMS PRICED TO ORDER;,1900-077,,,1900-01-08,Imperial Restaurant,,Dollars,$,complete,2,24,1900-01-08,1900
23019,Unknown Menu,FRIENDLY SONS OF ST PATRICK,107TH ANNIVESARY DINNER,REL;,DELMONICO'S NY,"NEW YORK, NY",BOOKLE; ILLUS; COL; 5 X 6.5,ETH;,"FRENCH; GREEN PRINT; LANDSCAPE, IRISH AND AMERICAN FLAGS, MOORE ON COVER; TOASTS;",1891-033,,,1891-03-17,Friendly Sons Of St Patrick,,,,complete,12,32,1891-03-17,1890
23031,Unknown Menu,ST. GEORGE'S SOCIETY,94TH ANNIV.,SOCIAL CLUB?,NEW YORK CITY; DELMONICO'S,"NEW YORK, NY",FOLDER;5X8; ILLUS.,ANNIVERSARYESARY,"QUOTES FROM SHAKESPEARE, GOD SAVE THE QUEEN",1880-016,,,1880-04-23,St. George's Society,,,,complete,4,22,1880-04-23,1880
23050,Unknown Menu,PHILLIPS EXETER ACADEMY,SIXTEENTH ANNUAL DINNER OF NEW YORK ASSN OF ALUMNI,EDUC;,"HOTEL MANHATTAN, NY","NEW YORK, NY",FOLDER; ILLUS; 5 X 8.75;,ANNIVERSARY;,CREST; RED PRINT; WINE; OFFICERS;,1898-129,,,1898-03-25,Phillips Exeter Academy,,,,complete,4,21,1898-03-25,1890
23052,Unknown Menu,TRINITY COLLEGE,ANNUAL DINNER OF THE NEW YORK ALUMNI,EDUC;,"DELMONICO'S, NEW YORK, NY","NEW YORK, NY",BOOKLET; ILLUS; 4.5 x 6;,OTHER (ANNIVERSARY);,FRENCH; SILK RIBBON ATTACHMENT; DRAWING OF COLLEGE BUILDING ON COVER; INCLUDES COMMITTEE NAMES,1890-032,,,1890-02-10,Trinity College,,,,complete,8,21,1890-02-10,1890
23060,Unknown Menu,ST. GEORGE'S SOCIETY OF THE CITY OF NEW YORK,HUNDRD & SIXTH ANNIVERSARY,PAT;,"DELMONICO'S, NEW YORK, NY","NEW YORK, NY",BOOKLET; ILLUS; 4.25 X 6.25;,RITE (ANNIVERSARY);,"FRENCH; EMBLEM OF SOCIETY ON COVER, ALSO DECORATIVE BORDERS; ITEMS ON TOASTS PROGRAM FOLLOWED BY SHAKESPERIAN PLAY QUOTATIONS; ""GOD SAVE THE QUEEN ON BACK COVER;",1892-056,,,1892-04-23,St. George's Society Of The City Of New York,,,,complete,4,18,1892-04-23,1890
23068,Unknown Menu,EMPLOYING BOOKBINDERS ASSOCIATION OF NEW YORK,NINTH ANNUAL DINNER,COMMERCIAL,"SAVOY HOTEL, NEW YORK, NY","NEW YORK, NY",BOOKLET; ILLUS; COL; 3X5;,ANNIVERSARY;,"MENU IN FRENCH, EACH MENU ITEM FOLLOWED BY LITERARY QUOTATION; PHOTOGRAPHS OF PREVIOUS PRESIDENTS INCLUDED; OFFICERS AND COMMITTEES LISTED; SPEAKERS AND LIST OF MEMBERS INCLUDED; SONGS; THIS IS A PERFECT  MINIATURE BOOK PRINTED ON BEAUTIFUL PAPER;",1906-098,,,1906-01-27,Employing Bookbinders Association Of New York,,,,complete,46,16,1906-01-27,1900
23069,Unknown Menu,COMMISSIONER OF VENEZUELA NAPOLEON DOMINICI,BANQUET FOR JOHN ROONEY AND FRIENDS,GOVT;,"DELMONICO'S, NY;","NEW YORK, NY",BOOKLET; ILLUS; 4.4 X 6.25;,COMPLIMENTARY/TESTIMONIAL,U.S. AND VENEZUELAN FLAGS; WINES; CIGARETTES; SPEECHES; MAROON TASSELS; FRENCH;,1892-014,,,1892-01-19,Commissioner Of Venezuela Napoleon Dominici,,,,complete,8,29,1892-01-19,1890
23077,Unknown Menu,AU CHAT NOIR HOTEL AND RESTAURANT,TABLE D'HOTE,COMMERCIAL,"32 WEST 28TH STREET AND 551 WEST BROADWAY, HALF BLOCK FROM BLEECKER L STATION, NEW YORK, [NY]","NEW YORK, NY",BROADSHEET; 5.5X7.0; ILLUS;,,"ILLUS, BLACK CAT IN CHEF'S APRON AND HAT HOLDING PEN AND NOTICE BOARD; MENU HAND WRITTEN ON PRINTED MENU CARD;",1900-873,,,1900-02-11,Au Chat Noir Hotel And Restaurant,,Dollars,$,complete,2,17,1900-02-11,1900
23078,Unknown Menu,CHILDS',DAILY MENU,COMMERCIAL,"90 FULTON STREET, NEW YORK","NEW YORK, NY",CARD; 6X10;,,PRICED MENU;,1907-560,,,1907-06-01,Childs',,Dollars,$,complete,2,105,1907-06-01,1900
23082,Unknown Menu,NEW YORK POST-GRADUATE MEDICAL SCHOOL,FOURTH ANNUAL DINNER,PROF;,HOTEL BRUNSWICK NY,"NEW YORK, NY",FOLDER; 4.5X7.25;,OTHER (SOCIAL?),SEAL OF SCHOOL ON BACK OF COVER; TOASTS; MUSIC;,1889-053,,,1889-05-23,New York Post Graduate Medical School,,,,complete,4,24,1889-05-23,1880
23087,Unknown Menu,WALDORF-ASTORIA,A LA CARTE MENU,COMMERCIAL,NYC,"NEW YORK, NY",FOLDER;ILLUS;6.25X9.5;,DAILY,MENU IN BOTH FRENCH & ENGLISH; ALL ITEMS PRICED SEPARATELY;,1907-876,,,1905-10-12,Waldorf Astoria,,Dollars,$,complete,4,316,1905-10-12,1900
23094,Unknown Menu,(NOT NOTED),NO. IV OF FIVE SUBSCRIPTION COTILLIONS,SOC?;,SHERRY'S [NY],"NEW YORK, NY",CARD;3.5 X 5.25;,OTHER (SOC?);,FRENCH; EVENT NOTED BY FEB;,1901-378,,,1901-02-15,Sherry's,,,,complete,2,19,1901-02-15,1900
23097,Unknown Menu,SHERIFF'S JURY SECOND PANEL,DINNER,POL;,"DELMONICO'S,[NY]","NEW YORK, NY",BOOKLET;ILL;COL;4.25X6.5;,BANQUET;,MENU IN FRENCH;WINES SERVED;EACH COURSE ON A SEPERATE PAGE WITH QUOTATIONS;MEMBERS LISTED;SEATING PLAN ATTACHED;,1899-151,,,1899-01-26,Sheriff's Jury Second Panel,,,,complete,36,30,1899-01-26,1890
23098,Unknown Menu,AMERICAN ASSOCIATION OF FREIGHT TAFFIC OFFICERS,SECOND ANNUAL BANQUET,PROF;,"WALDORF-ASTORIA, [NEW YORK]","NEW YORK, NY",BOOKLET; ILLUS; COL; 8.5 X 11;,ANNIVERSARY;,CHAMPAGNE; MENU IN FRENCH;  HUMOROUS MENU IN FORM OF SHIPPING NOTES; MOCK CARBON PAPER; ILLUSTRATION OF DOOR OF FREIGHT CAR;,1906-766,,,1906-10-17,American Association Of Freight Taffic Officers,,,,complete,10,25,1906-10-17,1900
23112,Unknown Menu,NINTH REGIMENT ARMORY,DINNER,MIL;,"RECTOR'S ,NY","NEW YORK, NY",BROADSIDE; ILLUS; 5X8;,?,PHOTO OF ARMORY;,1905-322,,,1905-04-29,Ninth Regiment Armory,,,,complete,2,21,1905-04-29,1900
23113,Unknown Menu,ADELPHIC COUNCIL NO.7,DINNER IN HONOR OF GEORGE MCGOWN OF PALMYRA NY,SOC;,MASONIC HALL NY,"NEW YORK, NY",CARD; ILLUS; 4.5X7.75,COMPLIMENTARY/TESTIMONIAL,"SEAL OF ORGANIZATION (MASONIC?), WINES;",1895-106,,,1895-06-01,Adelphic Council No.7,,,,complete,2,17,1895-06-01,1890
23136,Unknown Menu,H.D. BRISTOL'S OYSTER & CHOP HOUSE,BILL OF FARE,COMMERCIAL,362 SIXTH AVE. NY,"NEW YORK, NY",FOLDER; COL; 6.5 X 9.5;,DAILY;,FOOD ITEMS ALL PRICED; WINE LIST ON BACK;,1900-107,,,1900-01-10,H.D. Bristol's Oyster & Chop House,,Dollars,$,complete,4,389,1900-01-10,1900
23140,Unknown Menu,UNION LEAGUE CLUB,SPECIAL DEWEY LUNCH,SOC;,NEW YORK [NY],"NEW YORK, NY",CARD; 4.25 X 6.25;,COMPLIMENTARY/TESTIMONIAL,PRICED MENU; NOTE OF PLACE HANDWRITTEN BY FNB;,1899-590,,,1899-09-30,Union League Club,,Dollars,$,complete,2,33,1899-09-30,1890
23143,Unknown Menu,ST. DAVID'S SOCIETY OF THE STATE OF NY,DINNER FOR HON. ANTHONY HOWELLS,SOC;,CLARK'S [NYC?],"NEW YORK, NY",CARD; 3.5 X 6;,COMPLIMENTARY/TESTIMONIAL,FRENCH;,1893-081,,,1893-06-29,St. David's Society Of The State Of Ny,,,,complete,2,16,1893-06-29,1890
23144,Unknown Menu,PETER TIVNAN LUNCH CO.,DAILY MENU,COMMERCIAL,"GRAND CENTRAL LUNCH ROOMS, NEW YORK,NY","NEW YORK, NY",CARD;5X9.25;,,RUBBER STAMPED ITEMS INSERTED WITH NO APPARENT SYSTEM;ALWAYS OPEN;TRAIN LUNCHES A SPECIALTY;,1900-728,,,1900-02-05,Peter Tivnan Lunch Co.,,Dollars,$,complete,2,271,1900-02-05,1900
23151,Unknown Menu,LEON FLOURET CAFE & HOTEL,BREAKFAST & LUNCHEON,COMMERCIAL,"NEW YORK, NY","NEW YORK, NY",FOLDER; 7X10.75;,OTHER (DAILY MENU);,"FRENCH & ENGLISH; DINNER, $1.25; VERY, VERY EXTENSIVE PRICED WINE LIST;",1900-171,,,1900-01-11,Leon Flouret Cafe & Hotel,,Dollars,$,complete,4,281,1900-01-11,1900
23158,Unknown Menu,PARK AVENUE HOTEL,HALF PORTION BREAKFAST,COMMERCIAL,"NEW YORK, NY","NEW YORK, NY",CARD; ILLUS; COL; 4.25X7.75;,,A LA CARTE MENU; [DATE INFO SUPPLIED BY FEB]; HOTEL MONOGRAM AT TOP OF MENU;,1900-5010,,,1900-12-12,Park Avenue Hotel,,Dollars,$,complete,2,95,1900-12-12,1900
23167,Unknown Menu,HOTEL ST. ANDREW,SPECIAL DISHES OF TO-DAY,COMMERCIAL,"[NEW YORK, NY]","NEW YORK, NY",CARD; 4.25X6.75;,,HAND WRITTEN PRICED MENU;,1900-593,,,1900-01-29,Hotel St. Andrew,,Dollars,$,complete,2,21,1900-01-29,1900
23175,Unknown Menu,THE ANNEX,DAILY MENU,COMMERCIAL,"114 WEST FOURTEENTH STREET, NEW YORK","NEW YORK, NY",FOLDER; 6.25 X 9.5;,,PRICED MENU; MENU HANDWRITTEN;,1906-421,,,1906-04-27,The Annex,,Dollars,$,complete,4,69,1906-04-27,1900
23176,Unknown Menu,THE WALDORF,SUPPER MENU,COMMERCIAL,"[NEW YORK, NY?]","NEW YORK, NY",BROADSHEET; 6X8.5;,,DAILY MENU;,1896-075,,,1896-04-09,The Waldorf,,Dollars,$,complete,2,134,1896-04-09,1890
23181,Unknown Menu,CIRCULO COLON-CERVANTES,GALA BALL IN HONOR OF THEIR ROYAL HIGHNESSES INFANTA DONA EULALIA AND INFANTE DON ANTONIO,SOC;,"MADISON SQUARE CONCET HALL, NEW YORK, NY","NEW YORK, NY",BOOKLET; ILLUS; 6.5X9;,COMPLIMENTARY/TESTIMONIAL,INCLUDES WINES SERVED WITH EACH COURSE; ILLUSTRATION OF SEAL OF SPAIN AND ALSO THE CLUB; SILK RIBBON ATTACHMENTS,1893-071,,,1893-05-23,Circulo Colon Cervantes,,,,complete,4,28,1893-05-23,1890
23185,Unknown Menu,FLAT IRON RESTAURANT AND CAFE,DINNER SPECIALS,COMMERCIAL,"NEW YORK, NY","NEW YORK, NY",CARD; ILLUS; COL; 6.6X12;,,A LA CARTE DINNER MENU; DECORATIVE SKETCHES ON MENU;,1907-142,,,1907-01-28,Flat Iron Restaurant And Cafe,,Dollars,$,complete,2,49,1907-01-28,1900
23191,Unknown Menu,NAIONAL HOSE SHOW ASSOCIATION OF AMERICA,COMPLIMENTARY LUNCHEON,PROF;,MADISON SQUARE GARDEN,"NEW YORK, NY",FOLDER; 3.25 X 5.5;,COMPLIMENTARY/TESTIMONIAL,CREST;,1905-835,,,1905-11-12,National Horse Show Association Of America,,,,complete,4,17,1905-11-12,1900
23198,Unknown Menu,REPUBLICAN CLUB OF THE CITY OF NEW YORK,78TH ANNIVERSARY OF LINCOLN'S BIRTHDAY,POL,DELMONICO'S,"NEW YORK, NY",FOLDER; ILLUS; 7.25 x 10;,PAT,FRENCH; PORTRAIT OF LINCOLN ON COVER; PROGRAM INCLUDES TOASTS AND SPEECHES; ALSO INCLUDES SEATING PLAN AND COMMITTEE NAMES,1887-009,,,1887-02-12,Republican Club Of The City Of New York,,,,complete,3,22,1887-02-12,1880
23221,Unknown Menu,HOTEL ST. ANDREW,DINNER,COMMERCIAL,"NEW YORK,[NY]","NEW YORK, NY",FOLDER; 6.75X11.25;,,PRICED A LA CARTE MENU;,1900-588,,,1900-01-29,Hotel St. Andrew,,Dollars,$,complete,4,334,1900-01-29,1900
23229,Unknown Menu,TRAINOR'S HOTEL RESTAURANT,BREAKFAST,COMMERCIAL,1289 B'WAY  NY,"NEW YORK, NY",FOLDER; ILLUS; COL; 6.5 X 11;,DAILY,COMPLETE WINE LIST ON BACK;,1900-811,,,1900-02-08,Trainor's Hotel Restaurant,,Dollars,$,complete,4,426,1900-02-08,1900
23234,Unknown Menu,VIRGINIA HOTEL,TABLE D'HOTE,COMMERCIAL,"59TH STREET AND BROADWAY, NEW YORK [NY];","NEW YORK, NY",CARD; 6.0X9.25;,,"PARTIALLY PRINTED MENU ON FRONT; HAND WRITTEN ITEMS ON REVERSE IDENTIFIED AS ""TABLE D'HOTE WITH CLARET - 50CENTS - SERVED 5:30 TO 9:00""; SIGNED ON BOTTOM ""THEODORE THE CATERER"";",1900-473,,,1900-01-23,Virginia Hotel,,Dollars,$,complete,2,40,1900-01-23,1900
23237,Unknown Menu,AU LION D'OR HOTEL AND RESTAURANT;,DAILY MENU;,COMMERCIAL,"59-61 WEST 24TH STREET, NEW YORK [NY];","NEW YORK, NY",CARD; 7.25X9.25;,,PRICED WINE LIST PRINTED; UNPRICED HAND WRITTEN MENU;,1900-415,,,1900-01-19,Au Lion D'or Hotel And Restaurant;,,Dollars,$,complete,2,94,1900-01-19,1900
23241,Unknown Menu,HOTEL CLAREMONT,DAILY MENU,COMMERCIAL,"RIVERSIDE DRIVE, NEW YORK CITY, [NY]","NEW YORK, NY",BROADSHEET; 6.0X10.75;,,PRICED A LA CARTE MENU; PRICED WINE LIST;,1900-878,,,1900-02-12,Hotel Claremont,,Dollars,$,complete,2,226,1900-02-12,1900
23244,Unknown Menu,QUILL CLUB,DINNER,SOC;,"HOTEL MANHATTAN,NY","NEW YORK, NY",BROADSIDE; 3 X 6;,[ANNUAL],,1901-419,,,1901-02-19,Quill Club,,,,complete,2,16,1901-02-19,1900
23248,Unknown Menu,NY FRIENDS OF HON. CHRISTOPHER A. BUCKLEY,DINNER,SOCIAL,"DELMONICO'S,NY","NEW YORK, NY",3 CARDS JOINED BY RED RIBBON;ILLUS.COVER;5 X 7.75;,TESTIMONIAL DINNER TO HON. BUCKLEY,MENU IN FRENCH;INCLUDES WINES & PROGRAM;,1890-074,,,1890-06-24,Ny Friends Of Hon. Christopher A. Buckley,,,,complete,6,26,1890-06-24,1890
23253,Unknown Menu,2nd PANEL SHERIFFS JULY(?),DINNER,PROF;,"DELMONICO'S, NEW YORK, NY","NEW YORK, NY",CARD; ILLUS; 5X8;,COMPLIMENTARY/TESTIMONIAL,MENU HEADINGS IN FRENCH; BEVERAGE LIST; LOGO OF GROUP; SEE 1907-070;,1908-068,,,1908-01-23,2nd Panel Sheriffs July(?),,,,complete,2,30,1908-01-23,1900
23259,Unknown Menu,RESTAURANT MARTIN,DINNER,COMMERCIAL,"UNIVERSITY PLACE, NEW YORK, NY","NEW YORK, NY",FOLDER; 7.0X10.75,,PRICED A LA CARTE MENU; PARTIALLY HAND WRITTEN; PRICED WINE LIST;,1900-140,,,1900-01-10,Restaurant Martin,,Dollars,$,complete,4,388,1900-01-10,1900
23260,Unknown Menu,SHANLEY'S,DAILY MENU,COMMERCIAL,"NEW YORK, NY","NEW YORK, NY",FOLDER; ILLUS; COL; 7X11;,,A LA CARTE MENU; RESTAURANT LOGO ON COVER; PRICED WINE LIST ON BACK COVER; [DATE INFO SUPPLIED BY FEB];,1905-474,,,1905-06-15,Shanley's,,Dollars,$,complete,4,442,1905-06-15,1900
23261,Unknown Menu,CAFETERIA LUNCH,DAILY MENU,COMMERCIAL,"57 BROAD STREET, NEW YORK, [NY]","NEW YORK, NY",FOLDER; ILLUS; 6 X 9.5;,,PARTIALLY HANDWRITTEN INCLUDING DRAWING; DRAWING OF MMOSE ON BACK COVER;,1900-482,,,1900-01-24,Cafeteria Lunch,,Dollars,$,complete,4,122,1900-01-24,1900
23267,Unknown Menu,COLLEGE OF THE CITY OF NEW YORK ALUMNI,ANNUAL DINNER,EDUC;,"HOTEL SAVOY, [NY]","NEW YORK, NY",BOOKLET; ILLUS; 6 X 8.5;,ANNIVERSARY;,"MENU IN FRENCH WITH LITERARY QUOTES IN ENGLISH; PRICED WINE LIST; PHOTOGRAPHS ON FRONT AND REAR COVERS TITLED RESPICE AND PROSPICE; RED, WHITE AND BLUE CORD; TOASTS;",1901-192,,,1901-01-26,College Of The City Of New York Alumni,,,,complete,8,30,1901-01-26,1900
23309,Unknown Menu,MR.J. KENNEDY TOD-11 EAST 9TH ST.,[DINNER],,"DELMONICO'S,NY","NEW YORK, NY",CARD;3.5 X4.5;,,MENU ALL IN FRENCH;WINES NOTED;,1895-187,,,1895-11-21,Mr.J. Kennedy Tod 11 East 9th St.,,,,complete,2,24,1895-11-21,1890
23316,Unknown Menu,ST.ANDREWS SOCIETY OF THE STATE OF NEW YORK,BANQUET,RELIG;,"DELMONICO'S,NY","NEW YORK, NY",FOLDER;ILLUS;COL;5.25X8.25;,ANNIVERSARY;141ST;,PRICED WINE LIST;TOASTS;SONGS;,1897-316,,,1897-11-30,St.Andrews Society Of The State Of New York,,Dollars,$,complete,4,42,1897-11-30,1890
23320,Unknown Menu,RECTOR'S,DAILY MENU,COMMERCIAL,"BROADWAY AND 44TH STREET, NY, NY","NEW YORK, NY",FOLDER; ILLUS; 7 X 9.5;,,PRICED MENU; SPECIAL DISHES; GOLD EMBOSSED GRIFFON;,1900-653,,,1900-01-31,Rector's,,Dollars,$,complete,4,313,1900-01-31,1900
23339,Unknown Menu,PAWNBROKERS' ASSOCIATION OF THE CITY OF NEW YORK,NINTH ANNUAL DINNER,PROF;,"HOTEL SAVOY, 5TH AVENUE AND 59TH STREET; NEW YORK","NEW YORK, NY",CARD; 4.5 X 6.75;,ANNIVERSARY;,COCKTAILS AND WINES; BLUE PRINT;,1906-465,,,1906-05-15,Pawnbrokers' Association Of The City Of New York,,,,complete,2,22,1906-05-15,1900
23342,Unknown Menu,(FIFTH AVENUE HOTEL?},DINNER MENU,[COM?];,"[NEW YORK, NY?]","NEW YORK, NY",BROADSIDE; 5.5X8.25;,,IDENTICAL FORMAT FOR NEW YEAR'S DAY MENU IDENTIFIED BY FNB AS FIFTH AVENUE HOTEL (1894-007 MISSING) HOTEL;,1897-008,,,1897-01-05,(Fifth Avenue Hotel?},,,,complete,2,72,1897-01-05,1890
23357,Unknown Menu,DUTCHESS COUNTY SOCIETY OF CITY OF NEW YORK,ANNUAL DINNER,SOC;,"DELMONICO'S, NEW YORK, NY","NEW YORK, NY",BOOKLET; ILLUS; COL; 5.25X6.5;,ANNIVERSARY;,"FRENCH; VINS A LA CARTE; TOASTS; OFFICERS, BANQUET COMMITTEE LISTED; GOLD & WHITE SATIN RIBBON ATTACHMENTS; SEAL ON COVER;",1901-522,,,1901-03-01,Dutchess County Society In The City Of New York,,,,complete,6,17,1901-03-01,1900
23362,Unknown Menu,HARDWARE AND METAL TRADES,SEVENTH DINNER,COMMERCIAL,"HOTEL SAVOY, NEW YORK, NY","NEW YORK, NY",BOOKLET; 5.25X7.5;,OTHER (ANNIVERSARY);,"INCLUDES PRICED WINE LIST; DETAILED SEATING PLAN INCLUDED, AS WELL AS MEMBERSHIP LIST; TOASTS; 2 COPIES",1896-044,,,1896-02-20,Hardware And Metal Trades,,,,complete,16,23,1896-02-20,1890
23371,Unknown Menu,FRIENDS OF HON. PHILIP BLOCH,"BANQUET TENDERED TO HON. PHILIP BLOCH, IN CELEBRATION OF HIS ELECTION AS SECRETARY OF THE BOARD OF POLICE MAGISTRATES",OTHER (PRIVATE GROUP OF FRIENDS);,"NEW YORK, NY","NEW YORK, NY",FOLDER; ILLUS; COL; 5.5X8.5;,COMPLIMENTARY/TESTIMONIAL,FRENCH; INCLUDES WINES SERVED WITH INDIVIDUAL COURSES; THIS IS FIRST TIME I HAVE SEEN COCKTAILS LISTED WITH FIRST COURSE-OYSTERS; USA SEAL ON COVER; TRIBUTE WRITTEN TO GUEST OF HONOR ON FIRST PAGE;,1900-046,,,1900-01-05,Friends Of Hon. Philip Bloch,,,,complete,4,29,1900-01-05,1900
23391,Unknown Menu,ILLINOIS SOCIETY OF NEW YORK,DINNER IN HONOR OF LYMAN F. GAGE,PATR;,"WALDORF- ASTORIA, NEW YORK","NEW YORK, NY",FOLDER; ILLUS; COL; 10 X 14;,COMPLIMENTARY/TESTIMONIAL,WINES WITH EACH COURSE; MENU IN FRENCH; BLACK STOCK WITH GOLD LETTERING U.S. TREASURY; SEAL OF SOCIETY; PICTURE OF LYMAN GAGE AND BUILDINGS IN GREEN BANKNOTE STOCK;,1906-122,,,1906-02-03,Illinois Society Of New York,,,,complete,4,27,1906-02-03,1900
23393,Unknown Menu,HARDWARE AND METAL TRADES,SIXTH DINNER,COMMERCIAL,"SHERRY'S, NY","NEW YORK, NY",BOOKLET; COL; ILLUS; 5.5 X 7;,OTHER (ANNIV),"SILVER COVER EMBOSSED WITH DESIGNS AND NAME OF GUEST (W.E.PECK); AUTOGRAPHS, SEATING PLAN; NAMES OF COMPANIES; SOME FRENCH;",1895-028,,,1895-01-31,Hardware And Metal Trades,,,,complete,18,15,1895-01-31,1890
23402,Unknown Menu,DENNETT'S,DAILY MENU,COMMERCIAL,"25 PARK ROW, [NY]","NEW YORK, NY",CARD; 5.25 X 9.75;,,PRICED MENU; NOTE ABOUT PURITY OF WATER;,1900-453,,,1900-01-22,Dennett's,,Dollars,$,complete,2,116,1900-01-22,1900
23418,Unknown Menu,COLUMBIA DAIRY KITCHEN;,DAILY MENU,COMMERCIAL,"48 EAST 14TH STREET, UNION SQUARE, NY","NEW YORK, NY",FOLDER; 6 X 10;,,PRICED MENU; DAILY SPECIALS; TRANSPORTATION DIRECTIONS; LIST OF THEATRES AND PROGRAMS IN THE AREA; BOXED CANDY AND CIGARS AVAILABLE; DIRECTIONS TO TOILETS;,1900-792,,,1900-02-07,Columbia Dairy Kitchen;,,Dollars,$,complete,4,357,1900-02-07,1900
23420,Unknown Menu,RENS.POLY.INST.,ALUMNI REUNION,EDUC;,DELMONICO'S NY,"NEW YORK, NY",BROADSIDE; ILLUS; COL; 4.5 X 7;,[REUNION],MENU IN FRENCH,1898-067,,,1898-02-04,Rens.Poly.Inst.,,,,complete,2,19,1898-02-04,1890
23427,Unknown Menu,JERUSALEM CHAPTER NO 8 R.A.M.,CENTENIAL ANNIVERSARY DINNER,SOC;,"HOTEL SAVOY,[NY]","NEW YORK, NY",BOOKLET;ILL;COL;4X7.25;,ANNIVERSARY;,MASONIC ORGANIZATION;FRENCH MENU;NAMES LISTED;,1899-382,,,1899-04-22,Jerusalem Chapter No 8 R.A.M.,,,,complete,8,24,1899-04-22,1890
23432,Unknown Menu,EASTERN HOTEL,BILL OF FARE,COMMERCIAL,"NEW YORK, NY","NEW YORK, NY",BOOKLET; ILLUS; 5.5X8.5;,OTHER (DAILY MENU);,SPECIAL ITEMS HANDWRITTEN IN FADED VIOLET INK; INCLUDES PRICED WINE LIST; DECORATIVE BORDER;,1900-167,,,1900-01-11,Eastern Hotel,,Dollars,$,complete,3,257,1900-01-11,1900
23438,Unknown Menu,ST. REGIS HOTEL,LUNCHEON/DEJEUNER FOURCHETTE,COMMERCIAL,"NEW YORK, NY","NEW YORK, NY",CARD; 5X8;,,FRENCH AND ENGLISH;,1906-286,,,1906-03-09,St. Regis Hotel,,Dollars,$,complete,2,190,1906-03-09,1900
23450,Unknown Menu,PHI ALPHA SIGMA FRATERNITY  ALPHA AND GAMMA CHAPTERS,ANNUAL DINNER,SOC;,HOTEL MANHATTAN [NY],"NEW YORK, NY",BOOKLET; 4.5 X 6.5;,ANNIVERSARY;,WINES; LIST OF MEMBERS; TOASTS; FROM LIST OF MEMBERS THIS APPEARS TO BE A MEDICAL FRATERNITY;,1899-356,,,1899-04-14,Phi Alpha Sigma Fraternity  Alpha And Gamma Chapters,,,,complete,8,21,1899-04-14,1890
23457,Unknown Menu,ST. REGIS HOTEL,LUNCHEON/DEJEUNER FOURCHETTE,COMMERCIAL,"NEW YORK, NY","NEW YORK, NY",CARD; 5X8;,,FRENCH AND ENGLISH;,1906-296,,,1906-03-12,Hotel St. Regis,,Dollars,$,complete,2,188,1906-03-12,1900
23458,Unknown Menu,PENATAQUIT CORINTHIAN YACHT CLUB,THIRD ANNUAL DINNER,SOC;,"HOTEL MANHATTAN, [NY]","NEW YORK, NY",FOLDER; ILLUS; COL; 5 X 7;,ANNIVERSARY;,ORNAMENTAL BORDER; RED AND BLUE CLUB CREST;,1899-161,,,1899-02-01,Penataquit Corinthian Yacht Club,,,,complete,4,20,1899-02-01,1890
23469,Unknown Menu,MURO HOTEL,[LUNCH],COMMERCIAL,116 WEST 14 ST. NY,"NEW YORK, NY",BROADSIDE; 4.5 X 7.25;,DAILY,MENU ALL IN SPANISH;,1900-372,,,1900-01-17,Muro Hotel,,,,complete,2,19,1900-01-17,1900
23474,Unknown Menu,CAFETERIA LUNCH,DAILY MENU,COMMERCIAL,"57 BROAD STREET, NY","NEW YORK, NY",FOLDER; ILLUS; 6 X 9.75;,,PRICED MENU PARTIALLY HANDWRITTEN;LITHOGRAPH OF MOOSE ON BACK COVER;,1900-425,,,1900-01-20,Cafeteria Lunch,,Dollars,$,complete,4,99,1900-01-20,1900
23479,Unknown Menu,LOWELL LUNCH,MENU,COMMERCIAL,"NEW YORK, NY","NEW YORK, NY",CARD; ILLUS; 5.6X7;,,A LA CARTE MENU; DECORATIVE BORDER; [DATE INFO SUPPLIED BY FEB];,1907-512,,,1907-05-16,Lowell Lunch,,Dollars,$,complete,2,95,1907-05-16,1900
23488,Unknown Menu,CAZENOVIA ALUMNI ASSOCIATION OF NEW YORK AND VICINITY,DINNER,EDUC;,"FRAUNCES TAVERN, NY(?)","NEW YORK, NY",CARD; ILLUS; 3.5 X 5.5;,ANNIVERSARY(?);,ILLUSTRATION OF BUILDING PLAQUE OF FRAUNCES TAVERN;,1906-237,,,1906-02-23,Cazenovia Alumni Association Of New York And Vicinity,,,,complete,2,13,1906-02-23,1900
23491,Unknown Menu,AMHERST ALUMNI,DINNER,EDUC;,"DELMONICO'S, NEW YORK, NY","NEW YORK, NY",BOOKLET; ILLUS; COL; 4.5X5.5;,OTHER (REUNION);,INCLUDES PRICED WINE LIST; DRAWING ON COVER;,1898-053,,,1898-01-20,Amherst Alumni,,Dollars,$,complete,4,39,1898-01-20,1890
23492,Unknown Menu,NEW YORK ASSOCIATION OF THE ALUMNI OF PHILIPS EXETER ACADEMY,14TH ANNUAL DINNER,EDUC;,"THE WINDSOR HOTEL, NEW YORK, NY","NEW YORK, NY",FOLDER; ILLUS; 5X8;,OTHER (REUNION);,INCLUDES WINES SERVED WITH EACH COURSE; OFFICERS & EXECUTIVE COMMITTE LISTED; SEALS ON COVER & BACK PAGE;,1896-077,,,1896-04-10,New York Association Of The Alumni Of Philips Exeter Academy,,,,complete,4,20,1896-04-10,1890
23500,Unknown Menu,COMRADES OF THE ARMY OF THE POTOMAC,"DINNER TO CAPT. LOUIS PHILIPPE D'ORLEANS, COMTE DE PARIS",MIL;,"PLAZA HOTEL, NY","NEW YORK, NY",CARD FOLDER; COL; ILLUS; 4.5 X 7;,COMPLIMENTARY/TESTIMONIAL,"EMBOSSED RED, WHITE, BLUE MEDAL; TIED WITH WHITE RIBBONS; MENU ALSO A PLACE CARD FOR LT. S.H. ROBBINS; FRENCH;",1890-093,,,1890-10-20,Comrades Of The Army Of The Potomac,,,,complete,6,40,1890-10-20,1890
23516,Unknown Menu,ST. REGIS HOTEL,DEJEUNER/FOURCHETTE,COMMERCIAL,"NEW YORK, NY","NEW YORK, NY",CARD; 5X8;,,FRENCH AND ENGLISH A LA CARTE MENU;,1905-787,,,1905-10-25,Hotel St. Regis,,Dollars,$,complete,2,202,1905-10-25,1900
23520,Unknown Menu,(MRS.W.D.SLOANE),(DINNER DANCE),OTHER;(PRIVATE);,"642 FIFTH AVE,(NY)","NEW YORK, NY",CARD;3.5X5.25;,OTHER;(DINNER DANCE);,"HANDWRITTEN NOTE ON BACK,MRS.W.D.SLOANE'S DINNER DANCE.640FIFTH AVE;MENU IN FRENCH;CHAMPAGNE;",1899-141,,,1899-01-20,Mrs.W.D.Sloane,,,,complete,2,13,1899-01-20,1890
23521,Unknown Menu,ST. REGIS HOTEL,DINER/DINNER,COMMERCIAL,"(NEW YORK, NY?)","NEW YORK, NY",CARD; 5X8;,,"MENU IN FRENCH ON ONE SIDE, ENGLISH ON THE OTHER; A LA CARTE MENU;",1905-485,,,1905-06-20,St. Regis Hotel,,Dollars,$,complete,2,150,1905-06-20,1900
23522,Unknown Menu,FRIENDLY SONS OF ST. PATRICK,98TH ANNIVERSARY DINNER,RELIG;,DELMONICO'S NEW YOK CITY,"NEW YORK, NY","FOLDER, 6X8",SOCIAL,FRENCH; INCLUDES PROGRAM;,1882-024,,,1882-03-17,Friendly Sons Of St. Patrick,,,,complete,4,28,1882-03-17,1880
23530,Unknown Menu,SOUTH FERRY HOTEL,BREAKFAST AND SUPPER BILL OF FARE,COMMERCIAL,"NEW YORK, NY","NEW YORK, NY",FOLDER; ILLUS; 8X11;,,"[DATE INFO SUPPLIED BY FEB]; ILLUSTRATION OF HOTEL ON COVER; PRICED WINE LIST ON BACK COVER; ""LADIES' AND GENTS' DINING ROOM UP-STAIRS;""",1900-775,,,1900-02-06,South Ferry Hotel,,Dollars,$,complete,4,68,1900-02-06,1900
23533,Unknown Menu,NEW YORK CITY POLICE ENDOWMENT ASSOCIATION,FIRST ANNUAL DINNER,PROF;,"WALDORF ASTORIA,NEW YORK,NY","NEW YORK, NY",BOOKLET;ILL;COL;5.25X8;,ANNIVERSARY;,WINES;TOASTS;BOUND BY MULTIPLE YARNS AT SIDE;DESIGN AND SEAL ON FRONT COVER;NAKED CHILDREN WITH HALF APRONS CARRYING TRAYS OF FOOD;THE YEAR 1900 FRAMED WITH DECORATIONS ON BACK COVER;LIST OF GUESTS WITH SEATING INFORMATION;,1900-721,,,1900-02-05,New York City Police Endowment Association,,,,complete,24,30,1900-02-05,1900
23547,Unknown Menu,AMERICAN ASSOCIATION OF PUBLIC ACCOUNTANTS,18TH ANNIVERSARY BANQUET,PROF;,"HOTEL ASTOR, NEW YORK, NY","NEW YORK, NY",BOOKLET; ILLUS; COL; 6.5X9.5;,ANNIVERSARY;,"WINES LISTED; MENU IN COMBINATION OF FRENCH AND ENGLISH; QUOTES THROUGHOUT; SWEET ILLUSTRATION OF A FLOWER GIRL; HONORARY GUESTS, POST PRANDIAL, MUSIC AND BANQUET AND RECEPTION COMMITTEES LISTED;",1905-758,,,1905-10-17,American Association Of Public Accountants,,,,complete,12,23,1905-10-17,1900
23559,Unknown Menu,DOWNTOWN CLUB,MENU,SOC;,"NEW YORK, NY","NEW YORK, NY",FOLDER; ILLUS; COL; 6X9.5;,OTHER (DAILY MENU);,"EXTRACT FROM HOUSE RULES: ""SERVANTS MUST NOT BE FEED. AN EMPLOYEE OF THE CLUB WHO RECEIVES A FEE OR GRATUITY IN ANY FORM FROM A MEMBER OR VISITOR WILL BE DISMISSED;""",1900-644,,,1900-01-31,Downtown Club,,Dollars,$,complete,4,221,1900-01-31,1900
23565,Unknown Menu,WALDORF-ASTORIA HOTEL,SUPPER MENU,COMMERCIAL,"NEW YORK, NY","NEW YORK, NY",BROADSIDE; 6X9;,OTHER (DAILY HOTEL MENU);,PRICED A LA CARTE MENU; (DATE INFO SUPPLIED BY FLB);,1900-639,,,1900-01-30,Waldorf Astoria Hotel,,Dollars,$,complete,2,154,1900-01-30,1900
23584,Unknown Menu,NEW YORK FREE TRADE CLUB,ANNUAL DINNER,COM,DELMONICO [NY],"NEW YORK, NY",CARD; 4.75X8.25,OTHER,"MENU IN FRENCH,TOASTS LISTED ON BACK",1885-006,,,1885-02-23,New York Free Trade Club,,,,complete,2,25,1885-02-23,1880
23599,Unknown Menu,ST. REGIS HOTEL,LUNCHEON/DEJEUNER FOURCHETTE,COMMERCIAL,"NEW YORK, NY","NEW YORK, NY",CARD; 5X8;,,FRENCH AND ENGLISH;,1906-184,,,1906-02-17,St. Regis Hotel,,Dollars,$,complete,2,188,1906-02-17,1900
23610,Unknown Menu,Louis Sherry,DEJEUNER/LUNCHEON,COMMERCIAL,"[New York, NY]","NEW YORK, NY",BROADSHEET; 5.25X8.0;,,"FRENCH AND ENGLISH MENU; SPECIAL NOTICE:  A ""DINER DE LUXE"" WILL BE SERVED EVERY SUNDAY EVENING AT $3.00.  OPERA SUPPER EVERY EVENING AT $1.50.",1900-735,,,1900-02-04,Louis Sherry,,Dollars,$,complete,2,119,1900-02-04,1900
23613,Unknown Menu,ST. REGIS HOTEL,DINNER/DINER,COMMERCIAL,"NEW YORK, NY","NEW YORK, NY",CARD; 5X8;,,FRENCH AND ENGLISH;,1906-297,,,1906-03-12,Hotel St. Regis,,Dollars,$,complete,2,164,1906-03-12,1900
23616,Unknown Menu,STATIONERS' BOARD OF TRADE,MENU,COMMERCIAL,"DELMONICO'S, NEW YORK, NY","NEW YORK, NY",BROADSIDE; 3.25 x 5.25;,,FRENCH,1890-025,,,1890-01-30,Stationers' Board Of Trade,,,,complete,2,22,1890-01-30,1890
23625,Unknown Menu,NEW GRAND HOTEL,"DAILY MENU, LUNCHEON",COMMERCIAL,"NEW YORK, NY","NEW YORK, NY",CARD; 7X11;,,,1905-468,,,1905-06-15,New Grand Hotel,,Dollars,$,complete,2,175,1905-06-15,1900
23633,Unknown Menu,NATIONAL CARRIAGE & HARNESS DEALERS' ASSOCIATION,JUBILEE BANQUET,COMMERCIAL,"MARLBOROUGH HOTEL, NEW YORK, NY","NEW YORK, NY",FOLDER; ILLUS; COL; 4X5.5;,ANNIVERSARY;,WINES SERVED WITH INDIVIDUAL COURSES; TOASTS; AMERICAN FLAG ON COVER;,1899-629,,,1899-10-18,National Carriage & Harness Dealers' Association,,,,complete,4,25,1899-10-18,1890
23656,Unknown Menu,THE WINDSOR,"""CLIO"" MENU",,"NEW YORK, NY","NEW YORK, NY",BROADSIDE; ILLUS; 4.25X6.5;,,ENGRAVED SEAL,1895-097,,,1895-05-22,The Windsor,,,,complete,2,11,1895-05-22,1890
23669,Unknown Menu,WESTCHESTER POLO TEAM,DINNER,SOC;,"THE WALDORF, [NEW YORK, NY?]","NEW YORK, NY",FOLDER; ILLUS; 6.5X9;,,FRENCH & ENGLISH; PHOTO OF MOUNTED POLO PLAYER ON COVER;,1895-180,,,1895-11-14,Rockaway Polo Team,,Dollars,$,complete,4,155,1895-11-14,1890
23677,Unknown Menu,ST. REGIS HOTEL,DEJEUNER FOURCHETTE/ LUNCHEON,COMMERCIAL,"NEW YORK, NY","NEW YORK, NY",CARD; 5X8;,,MENU IN FRENCH AND ENGLISH;,1905-502,,,1905-06-22,St. Regis Hotel,,Dollars,$,complete,2,184,1905-06-22,1900
23681,Unknown Menu,OHIO SOCIETY OF NEW YORK,TWENTY-FIRST ANNUAL BANQUET,PATR;,"WALDORF-ASTORIA, NEW YORK","NEW YORK, NY",BOOKLET; COL; 6.5 X 9.5;,ANNIVERSARY;,WINES LISTED; MENU IN FRENCH; GUEST LIST;,1907-110,,,1907-01-19,Ohio Society Of New York,,,,complete,24,26,1907-01-19,1900
23687,Unknown Menu,HOTEL GALLATIN,"DAILY MENU, LUNCHEON",COMMERCIAL,"70 AND 72 WEST 46TH STREET, NEW YORK CITY","NEW YORK, NY",CARD; ILLUS; 3.5X6.5;,,PHOTO OF HOTEL; BACK OF CARD CAN BE USED AS A POST CARD;,1907-192,,,1907-02-10,Hotel Gallatin,,Dollars,$,complete,2,17,1907-02-10,1900
23692,Unknown Menu,THE ASSOCIATED PIONEERS OF THE TERRITORIAL DAYS OF CALIFORNIA,DINNER IN HONOR OF GEN. H.G. GIBSON,,"MARTINELLI'S, NEW YORK CITY","NEW YORK, NY",FOLDER; ILLUS; 4.5 X 7,COMPL.,GUEST LIST; WINE LIST; ILLUS.OF FORTY-NINERS;,1882-020,,,1882-09-09,The Associated Pioneers Of The Territorial Days Of California,,,,complete,2,22,1882-09-09,1880
23695,Unknown Menu,SAINT NICHOLAS SOCIETY,DINNER,SOC;,"DELMONICO'S, NEW YORK, NY","NEW YORK, NY",BOOKLET; ILLUS; COL; 4.5X7;,,FRENCH; INCLUDES PRICED WINE LIST; EMBOSSED SEAL OF SOCIETY ON FRONT; SILK RIBBON ATTACHMENTS;,1897-340,,,1897-12-06,Saint Nicholas Society,,,,complete,2,20,1897-12-06,1890
23701,Unknown Menu,GALLATIN HOTEL,DINNER,COMMERCIAL,WEST 46 ST.NYC;,"NEW YORK, NY",BROADIDE;COL;5.5X8.5;,DAILY;,ALL ITEMS PRICED ;,1907-869,,,1907-10-08,Gallatin Hotel,,Dollars,$,complete,2,24,1907-10-08,1900
23725,Unknown Menu,HOTEL MARIE ANTOINETTE,DINNER,COMMERCIAL,"SIXTY-SIXTH STREET & BROADWAY, NEW YORK, [NY]","NEW YORK, NY",CARD; 6.5X8.75; ILLUS; COL;,,"ILLUS, COAT OF ARMS IN GOLD; PRICED A LA CARTE MENU;",1900-862,,,1900-02-10,Hotel Marie Antoinette,,Dollars,$,complete,2,124,1900-02-10,1900
23740,Unknown Menu,THE NATIONAL FEDERATION OF AMERICA,BANQUET TO THE EARL OF ABERDEEN,PATRIOTIC?,DELMONICO'S [NEW YORK],"NEW YORK, NY",FOLDER; 5X7.25;,COMPLIMENTARY/TESTIMONIAL,MENU IN FRENCH; LIST OF VARIOUS TOASTS;,1891-126,,,1891-12-08,The National Federation Of America,,,,complete,4,20,1891-12-08,1890
23742,Unknown Menu,USMA,DINNER,MIL;,"DELMONICO'S,NY","NEW YORK, NY",4 PAGE BOOKLET;ILLUS COVER;RIBBON TRIM;6 X 8;,FAREWELL BANQUET,"MENU IN SPANISH;SEPARATE PAGES FOR OFFICERS,COMMITTEE & PROGRAM;",1890-073,,,1890-06-12,Usma,,,,complete,12,25,1890-06-12,1890
23744,Unknown Menu,BRITISHSCHOOLS AND UNIVERSITIES CLUB OF NEW YORK,KING'S BIRTHDAY DINNER,PATR;,DELMONICO'S [NEW YORK],"NEW YORK, NY",BOOKLET; ILLUS; 4 X 7;,ANNIVERSARY;,MENU IN FRENCH; TOASTS; MUSIC; BRITISH CREST AND FLAG;,1906-805,,,1906-11-09,British Schools And Universities Club Of New York,,,,complete,16,19,1906-11-09,1900
23746,Unknown Menu,AMEN CORNER,SEVENTH ANNUAL DINNER,SOC;,"FIFTH AVENUE HOTEL, NEW YORK CITY","NEW YORK, NY",BOOKLET; 12X16;,ANNIVERSARY;,WINES LISTED; MENU IS IN FORM OF A HUMOROUS NEWSPAPER; MEMBERS LISTED;,1907-197,,,1907-02-09,Amen Corner,,,,complete,8,25,1907-02-09,1900
23754,Unknown Menu,HOLLAND SOCIETY,FOURTH ANNUSL DINNER,PATR;,HOTEL BRUNSWICK [NY?],"NEW YORK, NY",FOLDER; ILLUS; 8.75X12;,[SOC?],DUTCH; TOASTS; WINDMILL AND MILKMAID; SAILINGSHIP AND SEAL; TWO COPIES;,1889-004,,,1889-01-08,Holland Society,,,,complete,4,55,1889-01-08,1880
23765,Unknown Menu,NEW YORK PRESS CLUB,COMPLIMENTARY DINNER TO GEN. FELIX AGNUS OF BALTIMORE,PROF;,NEW YORK PRESS CLUB [NYC?},"NEW YORK, NY",FOLDER; ILLUS; 4.75 X 7;,COMPLIMENTARY/TESTIMONIAL,WINES; PHOTO OF GEN. AGNUS ON COVER;,1895-149,,,1895-09-05,New York Press Club,,,,complete,4,23,1895-09-05,1890
23769,Unknown Menu,FLATIRON RESAURANT AND CAFE,LUNCH,COMMERCIAL,"BROADWAY AND 23RD STREET, NY","NEW YORK, NY",CARD; 3 X 11;,,PRICED MENU; PRICED WINE LIST ON BACK; FACSIMILE OF CHECK;,1906-981,,,1906-12-21,Flat Iron Resaurant And Cafe,,Dollars,$,complete,2,129,1906-12-21,1900
23770,Unknown Menu,NEW YORK PRESS CLUB,"COMPLIMENTARY DINNER TO HON. WILLIAM E.S. FALES, VICE CONSUL TO AMOY ON THE OCCASION OF HIS RETURN FROM CHINA",PROF;,"NEW YORK, NY","NEW YORK, NY",BROADSHEET; ILLUS; 4.5X7;,COMPLIMENTARY/TESTIMONIAL,DESIGN ON MENU; INCLUDES NAME OF CATERER,1894-088,,,1894-09-22,New York Press Club,,,,complete,2,17,1894-09-22,1890
23789,Unknown Menu,INDEPENDENCE LEAGUE COUNTY COMMITTEE OF NEW YORK,BANQUET TO WILLIAM RANDOLF HEARST,POLIT;,"HOTEL SAVOY, NEW YORK","NEW YORK, NY",BOOKLET; ILLUS; 6 X 9;,COMPLIMENTARY/TESTIMONIAL,WINES LISTED; PHOTO OF W.R. HEARST; DINNER ALSO IN CELEBRATION OF JEFFERSON DAY; QUOTES BY THOMAS JEFFERSON; TOASTS;,1907-379,,,1907-04-13,Independence League County Committee Of New York,,,,complete,10,21,1907-04-13,1900
23792,Unknown Menu,EASTERN HOTEL RESTAURANT AND CAFE,BILL OF FARE,COMMERCIAL,"NEW YORK, NY","NEW YORK, NY",FOLDER; ILLLUS; 5.5X8.5;,,[DATE INFO SUPPLIED BY FEB]; SPECIALS HANDWRITTEN IN FADED LAVENDAR INK; PRICED WINE LIST ON BACK OF MENU;,1900-772,,,1900-02-06,Eastern Hotel Restaurant And Cafe,,Dollars,$,complete,4,265,1900-02-06,1900
23793,Unknown Menu,MERCHANTS IN DRY GOODS TRADE,"BANQUET IN HONOR OF WILLIAM L.STRONG,MAYOR-ELECT OF NY CITY",PROF;,DWLMONICO'S NY,"NEW YORK, NY",2 CARDS JOINED BY RIBBONS; ILLUS;6.5X8.75;,COMPLIMENTARY/TESTIMONIAL,SEPARATE PAGE WITH COMPLETE SEATING PLAN;,1894-120,,,1894-12-13,Merchants In Dry Goods Trade,,,,complete,4,21,1894-12-13,1890
23794,Unknown Menu,UNION LEAGUE CLUB,"DINNER TO GEN. HORACE PORTER, AMBASSADOR TO FRANCE;",SOCIAL;,DELMONICO'S,"NEW YORK, NY",BOOKLET; ILLUS; COL; 3 COLOR RIBBON TRIM;5 X 6.75;,BANQUET;,MENU IN FRENCH; WINES LISTED; PROGRAM & SPEAKERS INCLUDED; COMMITTEE MEMBERS LISTED;,1897-159,,,1897-05-03,Union League Club,,,,complete,6,20,1897-05-03,1890
23797,Unknown Menu,CHAMBER OF COMMERCE OF THE STATE OF NEW YORK,126TH ANNUAL MEETING,POL;,"DELMONICO'S,NY","NEW YORK, NY",BOOKLET;5X7;,LUNCHEON,MENU IN FRENCH,1894-051,,,1894-05-03,Chamber Of Commerce Of The State Of New York,,,,complete,4,23,1894-05-03,1890
23802,Unknown Menu,SUPERINTENDENT INSPECTORS AND CAPTAINS OF POLICE OF NEW YORK CITY,TENTH ANNUAL DINNER,PROF,"DELMONICO'S,( NEW YORK)","NEW YORK, NY",FOLDER; ILL; COL; 5X7.5,ANNUAL DINNER,MENU IN FRENCH; MEMBERS LISTED,1891-008,,,1891-01-26,Superintendent Inspectors And Captains Of Police Of New York City,,,,complete,4,24,1891-01-26,1890
23808,Unknown Menu,ADOLPH WALDHEIM'S,DAILY MENU,COMMERCIAL,"408 EAST 34 STREET,NEW YORK,NY","NEW YORK, NY",FOLDER;6X9.25;,DAILY;,DATE HANDWRITTEN;,1900-830,,,1900-02-09,Adolph Waldheim's,,Dollars,$,complete,4,74,1900-02-09,1900
23812,Unknown Menu,HOTEL MAJESTIC,SUPPER,COMMERCIAL,"[NEW YORK, NY]","NEW YORK, NY",BROADSHEET; 6.0X11.0;,,PRICED MENU;,1900-610,,,1900-01-29,Hotel Majestic,,Dollars,$,complete,2,169,1900-01-29,1900
23818,Unknown Menu,SAINT NICHOLAS SOCIETY,DINNER,SOC;,DELMONICO'S NY,"NEW YORK, NY",BOOKLET JOINED BY SILK RIBBON; ILLUS; COL; 4.5 X 7;,?,WINE LIST & PRICES ON SEPARATE PAGE;,1899-799,,,1899-12-06,Saint Nicholas Society,,Dollars,$,complete,4,47,1899-12-06,1890
23819,Unknown Menu,SECOND DISTRICT DENTAL SOCIETY AND PROFESSIONAL FRIENDS,BANQUET TENDERED TO DR. WILLIAM JARVIE,PROF;,"WALDORF-ASTORIA HOTEL, NEW YORK, NY","NEW YORK, NY",FOLDER; COL; 5X9;,COMPLIMENTARY/TESTIMONIAL,"WINE LISTED; MENU IN FRENCH; OFFICERS, COMMITTEES AND TOASTS LISTED;",1906-833,,,1906-11-17,Second District Dental Society And Professional Friends,,,,complete,6,34,1906-11-17,1900
23831,Unknown Menu,CHRYSANTHEMUM CLUB,DINNER FOR FRANK C. BONE,[SOC?];,"MANHATTAN HOTEL, NEW YORK, NY","NEW YORK, NY",BROADSIDE; 4.5X7;,COMPLIMENTARY/TESTIMONIAL,"MENU WRITTEN IN FORM OF PRESCRIPTION: HOTEL LISTED AS ""DISPENSING CHEMIST;""",1898-375,,,1898-12-03,Chrysanthemum Club,,,,complete,2,23,1898-12-03,1890
23833,Unknown Menu,ONCE A YEAR CLUB OF INSURANCE JOURNALISTS,BANQUET AND MEETING,PROF;,NEW YORK PRESS CLUB;MORTON BUILDING;NY,"NEW YORK, NY",FOLDER;ILLUS;4.5X6;,ANNIVERSARY;,"MEN WITH HATCHETS DROPPING THEM INTO A SHALLOW HOLE BEFORE ENTERING THE BUILDING;WINES;THE SUCCESFUL CANDIDATE FOR PRESIDENT OF THE ORGANIZATION MUST AS USUAL ""PUT UP"" A CASE OF CHAMPAGNE;NAMES;TALKS;",1901-281,,,1901-02-05,Once A Year Club Of Insurance Journalists,,,,complete,4,18,1901-02-05,1900
23835,Unknown Menu,"SHOE MANUFACTURERS ASSOCIATION OF NEW YORK CITY, THE",DINNER,PROF;,"DELMONICO'S, [NEW YORK]","NEW YORK, NY",BOOKLET; 6 X 9;,ANNIVERSARY (?);,MENU IN FRENCH; TOASTS;,1906-174,,,1906-02-15,"Shoe Manufacturers Association Of New York City, The",,,,complete,8,29,1906-02-15,1900
23839,Unknown Menu,SAINT NICHOLAS SOCIETY,PAAS FESTIVAL,SOC;,"DELMONICO'S, NEW YORK, NY","NEW YORK, NY",BROADSHEET; ILLUS; 4.5X7;,OTHER (FESTIVAL);,FRENCH; INCLUDES PRICED WINE LIST; DRAWING AT TOP OF MENU;,1899-304,,,1899-04-03,Saint Nicholas Society,,Dollars,$,complete,2,41,1899-04-03,1890
23854,Unknown Menu,UNION SQUARE HOTEL,SUPPER,COMMERCIAL,"NEW YORK, NY","NEW YORK, NY",CARD; 6.75X10.5,,FULLY PRICED MENU; HALF PORTION PRICES LISTED FOR SELECTED ITEMS; PRICED WINE LIST;,1900-128,,,1900-01-10,Union Square Hotel,,Dollars,$,complete,2,145,1900-01-10,1900
23870,Unknown Menu,THE ANSONIA,BREAKFAST,COMMERCIAL,"BROADWAY AND 73RD STREET, NEW YORK","NEW YORK, NY",CARD; 5 X 8.5;,,PRICED MENU; LOGO;,1907-058,,,1907-01-09,The Ansonia,,Dollars,$,complete,2,110,1907-01-09,1900
23871,Unknown Menu,PATRIA CLUB OF NEW YORK,FIFH ANNUAL DINNER,PATR;,HOTEL SAVOY [NEW YORK],"NEW YORK, NY",FOLDER; COL; ILLUS; 5.5 X 7;,ANNIVERSARY;,EMBOSSED AMERICAN FLAG ON COVER;,1905-261,,,1905-04-07,Patria Club Of New York,,,,complete,8,16,1905-04-07,1900
23877,Unknown Menu,BELLECLAIRE CLUB,DINNER,SOC;,"[NEW YORK, NY]","NEW YORK, NY",BOOKLET; ILLUS; COL; 5.6X8.6;,,INCLUDES WINES SERVED WITH INDIVIDUAL COURSES; [PLACE INFO SUPPLIED BY FEB]; PHOTOGRAPH ON COVER OF YOUNG WOMAN WITH ELABORATE HAIRDO; SILVER DECORATION;,1906-350,,,1906-03-31,Belleclaire Club,,,,complete,4,29,1906-03-31,1900
23883,Unknown Menu,HOME MADE LUNCH ROOM,DAILY MENU,COMMERCIAL,"160 SIXTH AVE,NEW YORK,NY","NEW YORK, NY",CARD;7X11;,,,1900-720,,,1900-02-05,Home Made Lunch Room,,Dollars,$,complete,2,71,1900-02-05,1900
23892,Unknown Menu,ST. REGIS HOTEL,LUNCHEON/DEJEUNER FOURCHETTE,COMMERCIAL,"NEW YORK, NY","NEW YORK, NY",CARD; 5X8;,,FRENCH AND ENGLISH;,1906-180,,,1906-02-16,St. Regis Hotel,,Dollars,$,complete,2,201,1906-02-16,1900
23896,Unknown Menu,SHEET METAL WARE MANUFACTURERS,DINNER,PROF;,WALDORF-ASTORIA [NEW YORK],"NEW YORK, NY",CARD; ILLUS; COL; 5.5 X 7.25;,ANNIVERSARY;,"WINES WITH EACH COURSE; MENU IN FRENCH; ILLUSTRATION OF ""BATHING BEAUTY:""",1907-406,,,1907-04-17,Sheet Metal Ware Manufacturers,,,,complete,2,20,1907-04-17,1900
23902,Unknown Menu,CHAMBER OF COMMERCE OF THE STATE OF NEW YORK,122ND ANNUAL MEAL,COM,"DELMONICO'S,[NEW YORK]","NEW YORK, NY",FOLDER; 5X6.75,ANNUAL MEETING,"FRENCH MENU, ONLY HOT ITEMS ARE BEVERAGE,ALL OTHER ITEMS ARE COLD; TWO COPIES",1890-063,,,1890-05-01,Chamber Of Commerce Of The State Of New York,,,,complete,4,23,1890-05-01,1890
23906,Unknown Menu,SQUADRON A,NINTH ANNUAL DINNER,MIL;,DELMONICO'S [NY],"NEW YORK, NY",FOLDER; ILLUS; 4.75 X 7;,ANNIVERSARY;,FRENCH; PHOTO OF OFFICER ON COVER; DRAWING OF ARMORY;,1898137,,,1898-04-02,Squadron A,,,,complete,4,23,1898-04-02,1890
23909,Unknown Menu,CURRY & BURLINGAME,SPECIAL BILL OF FARE,COMMERCIAL,"NEW YORK, NY","NEW YORK, NY",BROADSIDE; 5.5X7;,,NO ITEM MORE THAN 20C;,1901-0997,,,1901-04-26,Curry & Burlingame,,Dollars,$,complete,2,33,1901-04-26,1900
23921,Unknown Menu,LYDIA F. WADLEIGH AAOCIATION,SECOND ANNUAL BREAKFAST,SOC(?);,"HOTEL MANHATTAN, NY","NEW YORK, NY",BOOKLET; 5 X 6.75;,ANNIVERSARY;,FRENCH; ORNAMENTAL LETTER; RED CORD;,1899-165,,,1899-02-04,Lydia F. Wadleigh Aaociation,,,,complete,10,13,1899-02-04,1890
23923,Unknown Menu,CHAMBRE DE COMMERCE FRANCAISE DE NEW YORK,DINNER TO DELEGATES OF THE GRANDES COMPAGNIES FRANCAISES DE CHEMINS DE FER,PROF;,"SHERRYS, NY","NEW YORK, NY",FOLDER;PHOTO OF LOCOMOTIVE;8X10;,COMPLIMENTARY/TESTIMONIAL,INVITATION & MENU ALL IN FRENCH;,1905-325,,,1905-04-30,Chambre De Commerce Francaise De New York,,,,complete,4,19,1905-04-30,1900
23935,Unknown Menu,ST. REGIS HOTEL,LUNCHEON/DEJEUNER FOURCHETTE,COMMERCIAL,"NEW YORK, NY","NEW YORK, NY",CARD; 5X8;,,FRENCH AND ENGLISH;,1906-277,,,1906-03-06,St. Regis Hotel,,Dollars,$,complete,2,190,1906-03-06,1900
23937,Unknown Menu,SAINT DAVID'S SOCIETY OF THE STATE OF NEW YORK,63RD ANNUAL DINNER,PAT;,"SAVOY HOTEL, NEW YORK, NY","NEW YORK, NY",BOOKLET; ILLUS; COL; 6.5X9;,ANNIVERSARY;,"MENU IN WELSH & ENGLISH; MUSICAL PROGRAM, TOASTS, SONG SHEET; INDIVIDUAL PORTRAITS OF ALL OFFICERS & STEWARDS; COMMITTEES LISTED; DRAGON ON COVER;",1898-117,,,1898-03-01,Saint David's Society Of The State Of New York,,,,complete,18,35,1898-03-01,1890
23941,Unknown Menu,SILSBE & SON OYSTER-HOUSE AND RESTAURANT,MENU;,COMMERCIAL,"203-205 SIXTH AVENUE,NEW YORK,NY","NEW YORK, NY",FOLDER;7X14;,DAILY;,OPPOSITE MACY'S;DATE HANDWRITTEN;,1901-902,,,1901-04-12,Silsbe & Son Oyster House And Restaurant,,Dollars,$,complete,4,457,1901-04-12,1900
23948,Unknown Menu,PUTNAM HOUSE,DAILY MENU,COMMERCIAL,"[NEW YORK, NY]","NEW YORK, NY",FOLDER; 6.75X10.0;,,PRICED DAILY BILL OF FARE;,1900-597,,,1900-01-29,Putnam House,,Dollars,$,complete,4,256,1900-01-29,1900
23949,Unknown Menu,AMERICAN ASIATIC ASSOCIATION,"BREAKFAST IN HONOR OF TAI HUNG-TZU,VICE PRES.OF THE IMPERIAL CHINESE BOARD OF REVENUE & TUAN FANG,VICEROY OF MIN-CHE",PATR;,"MERCHANTS CLUB,NY","NEW YORK, NY",BOOKLET; ILLUS; 4.5X7;,COMPLIMENTARY/TESTIMONIAL,WINES INCLUDED; EVENT WAS 1P.M. MENU MORE APPROPIATE FOR LUNCH THAN BREAKFAST;,1906-126,,,1906-02-03,American Asiatic Association,,,,complete,4,22,1906-02-03,1900
23960,Unknown Menu,ST.GEORGE'S SOCIETY OF NEW YORK,DINNER,RELIG;,"DELMONICO'S,[NEW YORK,NY?]","NEW YORK, NY",BOOKLET;ILL;COL;5.5X7.25;,,EMBLEM;TOASTS;SONG WORDS PRINTED;,1901-980,,,1901-04-23,St.George's Society Of New York,,,,complete,12,22,1901-04-23,1900
23982,Unknown Menu,INITIALS L.S AND M.E.S.,DINNER,,DELMONICO'S NY,"NEW YORK, NY",CARD; DECORATED; 4.25X7;,,FRENCH; BORDERED WITH SILK FRINGE; FRENCH; ENCLOSED IN WHITE PAPER;,1888-038,,,1888-04-11,Initials L.S And M.E.S.,,,,complete,1,27,1888-04-11,1880
23984,Unknown Menu,NEW YORK COMMANDERY OF THE MILITARY ORDER OF THE LOYAL LEGION OF THE UNITED STATES,"FAREWELL TO GEN. HORACE PORTER, U.S. AMBASSADOR TO THE REPUBLIC OF FRANCE",MIL;,"DELMONICO'S, NEW YORK, NY","NEW YORK, NY",BOOKLET; ILLUS; COL; 5.5X7.5;,COMPLIMENTARY/TESTIMONIAL,FRENCH; INCLUDES WINES SERVED WITH INDIVIDUAL COURSES; EACH ITEM ON MENU FOLLOWED BY LITERARY QUOTATION; FULL PAGE DESCRIPTION OF GEN. PORTER'S MILITARY CAREER; PHOTOGRAPH ON COVER; USA & FRENCH FLAGS ON COVER; SILK RIBBON ATTACHMENTS;,1897-127,,,1897-04-22,New York Commandery Of The Military Order Of The Loyal Legion Of The United States,,,,complete,10,28,1897-04-22,1890
23993,Unknown Menu,RAFAEL PEON Y LOZA,"DINNER FOR HIS FRIENDS,MEMBERS OF THE NEW YORK COMMITTEE OF THE SOUTH-EASTERN RAILROAD CO. OF YUCATAN",OTHER;(PERSONAL);,"WALDORF-ASTORIA,NY","NEW YORK, NY",FOLDER;ILL;COL;5.5X7;,COMPLIMENTARY/TESTIMONIAL,CROSSED US AND MEXICAN FLAGS;WINES SERVED;FRENCH MENU;,1899-551,,,1899-08-17,Rafael Peon Y Loza,,,,complete,4,30,1899-08-17,1890
24002,Unknown Menu,HOTEL LINCOLN,BREAKFAST,COMMERCIAL,"BROADWAY AND 52ND STREET, NEW YORK","NEW YORK, NY",FOLDER; 6.5 X 9;,,PRICED MENU;,1900-500,,,1900-01-24,Hotel Lincoln,,Dollars,$,complete,4,250,1900-01-24,1900
24009,Unknown Menu,CAFETERIA-LUNCH,DAILY BILL OF FARE,COMMERCIAL,"57 BROAD STREET, NEW YORK, [NY]","NEW YORK, NY",FOLDER; 5.75X9.5; ILLUS;,,PRINED MENU; DAILY SPECIAL DISHES WRITTEN IN PURPLE INK; FIGURE OF GOLFER WITH COMMENT;,1900-863,,,1900-02-10,Cafeteria Lunch,,Dollars,$,complete,4,114,1900-02-10,1900
24015,Unknown Menu,HOTEL KNICKERBOCKER,"DAILY MENU, LUNCH",COMMERCIAL,NEW YORK CITY,"NEW YORK, NY",CARD; ILLUS; COL; 7.75X12;,,PRICED MENU; DRAWING OF FRENCH STREET CARRIAGE AND MAN BUYING FLOWERS;,1907-093,,,1907-01-16,Hotel Knickerbocker,,Dollars,$,complete,2,178,1907-01-16,1900
24017,Unknown Menu,FOURTH DIVISION OF BELLEVUE HOSPITAL,ANNUAL BANQUET,PROF;,"MURRAY HILL HOTEL, NEW YORK CITY","NEW YORK, NY",CARD; 4.25X7;,ANNIVERSARY;,WINES LISTED; PL NOTED BY FEB;,1907-487,,,1907-05-08,Fourth Division Of Bellevue Hospital,,,,complete,2,19,1907-05-08,1900
24020,Unknown Menu,PROFESSOR JOHN W. BURGESS ?,DINNER?,,"323 WEST 57TH STREET, NEW YORK, N.Y.?","NEW YORK, NY",CARD;4.5X6,,"ABOVE INFORMATIN HANDWRITTEN ON BACK OF CARD,ATTCHED CARD WITH NAME MR. FORD WRITTEN MAY BE A PLACE CARD,YEAR HANDWRITTEN",1885-030,,,1885-12-17,Professor John W. Burgess ?,,,,complete,2,24,1885-12-17,1880
24022,Unknown Menu,NATIONAL ARTS CLUB MEMBERS,DINNER TO SPENCER TRASK,SOC;,"NATIONAL ARTS CLUB, (NEW YORK?)","NEW YORK, NY",FOLDER; COL; ILLUS; 6.5X 10.25;,COMPLIMENTARY/TESTIMONIAL,GREEN STOCK COVER; CLASSICALLY DRESSED WOMAN;,1908-064,,,1908-01-22,National Arts Club Members,,,,complete,4,18,1908-01-22,1900
24032,Unknown Menu,PROHIBITIONISTS OF GREATER NEW YORK,BANQUET,HOTEL,GRAND CENTRAL PALACE,"NEW YORK, NY",BOOKLET;ILL;COL;4.25X7;,"COMPLIMENTARY/TESTIMONIAL,ANNIVERSARY","HISTORY OF THE PROHIBITION PARTY;MANY ADVERTISEMENTS;CONFERENCE PROGRAM",1898-197,,,1899-02-22,Prohibitionists Of Greater New York,,,,complete,18,19,1899-02-22,1890
24048,Unknown Menu,HOLLAND SOCIETY OF NEW YORK,15NTH ANNUAL DINNER,SOC;,WALDORF-ASTORIA,"NEW YORK, NY",FOLDER; ILLUS; COL; 5.5 X 7;,ANNUAL,MENU IN DUTCH; PROGRAM & SPEAKERS LISTED;,1900-383,,,1900-01-18,Holland Society Of New York,,,,complete,4,23,1900-01-18,1900
24049,Unknown Menu,EMMA WILLARD ASSOCIATION,FIFTEENTH ANNUAL BANQUET,POL;,"HOTEL MANHATTAN, NEW YORK","NEW YORK, NY",FOLDER; 5 X 6.5;,ANNIVERSARY;,TOASTS;,1905-815,,,1905-11-09,Emma Willard Association,,,,complete,4,14,1905-11-09,1900
24051,Unknown Menu,FRIENDLY SONS OF ST. PATRICK,108TH ANNIVERSARY DINNER,PAT;,"DELMONICO'S, NEW YORK, NY","NEW YORK, NY",BOOKLET; ILLUS; COL; 5.25 X 7;,ETH;,"FRENCH; INCLUDES WINES SERVED WITH EACH COURSE; SILK RIBBON ATTACHMENTS; ILLUSTRATIONS OF IRISH MYTHICAL FIGURES; PROGRAM ITEMS OF TOASTS, ETC. FOLLOWED BY POETIC QUOTATIONS; ""ERIN GO BRACH"" HARP AND GREEN LEAF CLOVERS IN COLOR",1892-043,,,1892-03-17,Friendly Sons Of St. Patrick,,,,complete,12,32,1892-03-17,1890
24053,Unknown Menu,THE NEW YORK LIBRARY CLUB,DINNER TO THE MEMBERSHIP OF THE NEW YORK LIBRARY ASSOCIATION,PROF;,"CLARK'S, NEW YORK, NY","NEW YORK, NY",FOLDER; ILLUS; 5X8;,COMPLIMENTARY/TESTIMONIAL,"EACH COURSE AND EACH ENTRY FOLLOWED BY MANY LITERARY QUOTATIONS; MENU IN FRENCH; SKETCH OF OWL, BOOK & SCEPTER ON COVER",1895-007,,,1895-01-11,The New York Library Club,,,,complete,4,15,1895-01-11,1890
24063,Unknown Menu,(FIFTH AVENUE HOTEL?),"DAILY MENU, LUNCHEON",COMMERCIAL,"NEW YORK, NY","NEW YORK, NY",CARD; ILLUS; 4.5X7;,,,1905-760,,,1905-10-18,Fifth Avenue Hotel?,,Cents,c,complete,2,61,1905-10-18,1900
24065,Unknown Menu,SOCIETY OF THE ALUMNI OF CITY (CHARITY) HOSPITAL,15TH ANNUAL DINNER,SOC;,"HOTEL ASTOR, NEW YORK, NY","NEW YORK, NY",FOLDER; 6X9;,ANNIVERSARY;,"WINES LISTED WITH COURSE; TOASTS, OFFICERS AND BANQUET COMMITTEE LISTED;",1905-376,,,1905-05-10,Society Of The Alumni Of City (Charity) Hospital,,,,complete,4,21,1905-05-10,1900
24068,Unknown Menu,ALUMNI ASSOCIATION OF THE NY HOMEOPATHIC MEDICAL COLLEGE & HOSPITAL,17NTH ANNUAL DINNER,EDUC;,DELMONICO'S NY,"NEW YORK, NY",FOLDER; ILLUS; COL; 6.25 X 8;,ANNUAL,ALL SPEAKERS LISTED; LIST OF OFFICERS INCLUDED;,1899-414,,,1899-05-04,Alumni Association Of The Ny Homeopathic Medical College & Hospital,,,,complete,4,22,1899-05-04,1890
24081,Unknown Menu,FIFTH AVENUE HOTEL,DAILY MENU,COMMERCIAL,"MADISON SQUARE, NEW YORK","NEW YORK, NY",FOLDER; ILLUS; 6.5 X 10.5;,,SMALL PRICED WINE LIST; ILLUSTRATION OF HOTEL AND SITE; BRIEF HISTORY  OF HOTEL;PRICED MENU;,1907-052,,,1907-01-09,Fifth Avenue Hotel,,Dollars,$,complete,4,427,1907-01-09,1900
24089,Unknown Menu,PRIVATE PARTY(?),DINNER,,SHERRY'S (NY?),"NEW YORK, NY","CARD, ILLUS; COL; 5.5 X 7; COL;",(SOC?),FRENCH; GIRL IN COSTUME OF ITALY(?); SEATING PLAN ON BACK;,1891-029,,,1891-03-01,Private Party(?),,,,complete,2,29,1891-03-01,1890
24092,Unknown Menu,UNION LEAGUE CLUB,COMPL.,SOC;,"NEW YORK, NY","NEW YORK, NY",FOL; ILLUS; 3.75 x 6;,OTHER [TWENTIETH ANNIVERSARY OF CLUB];,"DRAWINGS OF 3 CLUBS; GOLD BORDER; FRENCH; PROGRAM INCLUDES POEM, ORATION, & ADDRESSES; MUSIC BY BERNSTEIN'S ORCHESTRA.",1883-001,,,1883-02-06,Union League Club,,,,complete,6,65,1883-02-06,1880
24106,Unknown Menu,STEAMSHIP & SHIPPING TRADE OF THE NY PRODUCE EXCHANGE,ANNUAL DINNER,PROF;,DELMONICO'S NY,"NEW YORK, NY",BOOKLET; RIBBON TRIM; ILLUS; COL; 5.75 X 7.5;,ANNUAL,WINES LISTED; ALL MEMBERS INCLUDED',1898-069,,,1898-02-05,Steamship & Shipping Trade Of The Ny Produce Exchange,,,,complete,8,29,1898-02-05,1890
24112,Unknown Menu,CITY HALL CENTER,"GREAT SURPRISE, THE",COMMERCIAL,"NEW YORK, NY","NEW YORK, NY",FOLDER; ILLUS; 6X7.5;,,"40c LUNCH; A LA CARTE PRICED MENU; ""ALL OF THE ABOVE DISHES ARE READY & WILL BE SERVED IN TWO MINUTES AFTER ORDER IS GIVEN;"" [DATE HANDWRITTEN]; PHOTO OF GENTLEMAN ON COVER, PRESUMABLY G. ZITZLER, PROP; DECORATIVE BORDER; PHOTO OF BROADWAY-CHAMBERS BUILDI",1901-663,,,1901-03-14,City Hall Center,,Dollars,$,complete,4,40,1901-03-14,1900
24113,Unknown Menu,CHILDS',DAILY LUNCH MENU,COMMERCIAL,"130 BROADWAY, NEW YORK","NEW YORK, NY",CARD; 6.25 X 10.75;,,PRICED MENU; LADIES DINING ROOM; BRANCHES LISTED;,1907-565,,,1907-06-01,Childs',,Dollars,$,complete,2,80,1907-06-01,1900
24120,Unknown Menu,WESTMINSTER KENNEL CLUB,"31ST ANNUAL DOG SHOW, LUNCHEON",SOC;,"MADISON SQUARE GARDEN, NEW YORK CITY","NEW YORK, NY",CARD; ILLUS; 4.25X10;,ANNIVERSARY;,WINES LISTED; SKETCH OF DOG ON TOP;,1907-212,,,1907-02-12,Westminster Kennel Club,,,,complete,2,14,1907-02-12,1900
24134,Unknown Menu,SONS OF THE REVOLUTION,BANQUET TO COMMEMORATE THE EVACUTION OF NY BY THE BRITISH,PATR;,DELMONICO'S NY,"NEW YORK, NY",TWO CARDS JOINED BY RIBBONS; ILLUS; ON COVER; 8.25 X 6.5;,ANNUAL BANQUET,,1896-214,,,1896-11-25,Sons Of The Revolution,,,,complete,4,21,1896-11-25,1890
24137,Unknown Menu,ST. REGIS HOTEL,LUNCHEON/DEJEUNER FOURCHETTE,COMMERCIAL,"NEW YORK, NY","NEW YORK, NY",CARD; 5X8;,,FRENCH AND ENGLISH;,1906-201,,,1906-02-20,Hotel St. Regis,,Dollars,$,complete,2,198,1906-02-20,1900
24138,Unknown Menu,ALPHI PHI,LUNCHEON,EDUC;,"HOTEL  ST. DENIS, NY","NEW YORK, NY",FOLDER; COL;4.25 X 5.25;,,MENU IN FRENCH; EMBLEM INCLUDED WITH NAME OF GUEST & HOTEL;,1900-708,,,1900-02-03,Alpha Phi,,,,complete,4,12,1900-02-03,1900
24139,Unknown Menu,ST. REGIS HOTEL,DINNER/DINER,COMMERCIAL,"NEW YORK, NY","NEW YORK, NY",CARD; 5X8;,,FRENCH AND ENGLISH;,1906-299,,,1906-03-13,Hotel St. Regis,,Cents,c,complete,2,161,1906-03-13,1900
24140,Unknown Menu,SONS OF THE REVOLUTION IN THE STATE OF NEW YORK,ANNUAL BANQUET,PATR;,"DELMONICO'S, NEW YORK CITY","NEW YORK, NY",FOLDER; ILLUS; COL; 5.5X9;,PATRIOTIC HOLIDAY;,TOASTS LISTED; PRINTED ON YELLOW STOCK;,1907-259,,,1907-02-22,Sons Of The Revolution In The State Of New York,,,,complete,4,21,1907-02-22,1900
24149,Unknown Menu,MICHIGAN SOCIETY OF NEW YORK,2ND ANNUAL BANQUET,PATR;,WALDORF-ASTORIA,"NEW YORK, NY",FOLDER; COL; 10X12.5;,ANNIVERSARY;,"WINES LISTED; MENU IN FRENCH; PRINTED ON BEIGE STOCK AND ATTACHED TO LARGER BROWN BACKING; SPEAKERS, OFFICERS AND MUSICAL PROGRAM LISTED;",1906-078,,,1906-01-20,Michigan Society Of New York,,,,complete,10,24,1906-01-20,1900
24155,Unknown Menu,OHIO SOCIETY OF NEW YORK,SIXTH ANNUAL BANQUET,PAT,"DELMONICOS, NEW YORK, NY","NEW YORK, NY",BOOKLET; ILLUS; 3.5 x 6.5;,,"PASTE ON ILLUSTRATIONS, INCLUDING SPECIAL INSERT PHOTO OF GEORGE WASHINGTON; BLUE SILK ATTACHMENT",1886-05,,,1891-02-06,Ohio Society Of New York,,,,complete,6,21,1891-02-06,1890
24163,Unknown Menu,(WALDORF-ASTORIA?),"DAILY MENU, BREAKFAST",COMMERCIAL,"[NEW YORK, NY?]","NEW YORK, NY",CARD; 6X9;,,,1906-068,,,1906-01-18,Waldorf Astoria?,,Dollars,$,complete,2,143,1906-01-18,1900
24168,Unknown Menu,COLLEGE ALUMNI,FOURTH ANNUAL DINNER,EDUC;,"ST. DENIS HOTEL, [NEW YORK CITY?]","NEW YORK, NY",FOLDER; ILLUS; COL; 5.5X8;,ANNIVERSARY;,TOASTS LISTED; PHOTO OF [SCHOOL?];,1907-249,,,1907-02-21,College Alumni,,,,complete,4,21,1907-02-21,1900
24169,Unknown Menu,ST. REGIS HOTEL,DINNER/DINER,COMMERCIAL,"NEW YORK, NY","NEW YORK, NY",CARD; 5X8;,,FRENCH AND ENGLISH;,1906-196,,,1906-02-19,St. Regis Hotel,,Dollars,$,complete,2,176,1906-02-19,1900
24174,Unknown Menu,THE HOLLAND SOCIETY,DINNER,PATR;,HOTEL BRUNSWICK NY,"NEW YORK, NY",FOLDER; 7X5.5;,COMPLIMENTARY/TESTIMONIAL,"IN HONOR OF S.F.THAYER, ENVOY TO THE NETHERLANDS; WINES;",1889-048,,,1889-05-03,The Holland Society,,,,complete,4,36,1889-05-03,1880
24178,Unknown Menu,FRIENDLY SONS OF ST. PATRICK,80TH ANNIVERSARY DINNER,SOCIAL CLUB,"DELMONICO'S NEW YORK,NY","NEW YORK, NY",FOLDER,ETHNIC HOLIDAY,INCLUDES TOASTS,1864-003,,,1864-03-17,Friendly Sons Of St. Patrick,,,,complete,4,32,1864-03-17,1860
24189,Unknown Menu,THE SOUTHERN BERKSHIRE SOCIETY OF NEW YORK,THIRD ANNUAL DINNER,SOC;,"CLARK'S, NEW YORK, NY","NEW YORK, NY",BOOKLET; ILLUS; 5 x 7.25;,OTHER (ANNIVERSARY);,FRENCH; FLORAL SKETCHES ON COVER; BOUND WITH SILK CORD; AFTER DINNER PROGRAM OF SPEECHES AND SINGING,1890-033,,,1890-02-11,The Southern Berkshire Society Of New York,,,,complete,4,18,1890-02-11,1890
24190,Unknown Menu,ST. REGIS HOTEL,LUNCHEON/DEJEUNER FOURCHETTE,COMMERCIAL,"NEW YORK, NY","NEW YORK, NY",CARD; 5X8;,,FRENCH AND ENGLISH;,1906-087,,,1906-01-25,St. Regis Hotel,,Dollars,$,complete,2,196,1906-01-25,1900
24198,Unknown Menu,HOTEL ST. ANDREW,WINE LIST,COMMERCIAL,"NEW YORK, [NY]","NEW YORK, NY",FOLDER; 5.25X8.75;,,,1900-581,,,1900-01-29,Hotel St. Andrew,,Dollars,$,complete,4,116,1900-01-29,1900
24208,Unknown Menu,ST. REGIS HOTEL,LUNCHEON/DEJEUNER FOURCHETTE,COMMERCIAL,"NEW YORK, NY","NEW YORK, NY",CARD; 5X8;,,FRENCH AND ENGLISH;,1906-337,,,1906-03-23,St. Regis Hotel,,Dollars,$,complete,2,187,1906-03-23,1900
24214,Unknown Menu,FIFTH AVENUE HOTEL,MENU,COMMERCIAL,"NEW YORK, NY","NEW YORK, NY",FOLDER; ILLUS; 6.5X9.25;,OTHER (DAILY MENU);,ILLUSTRATION OF PRESENT HOTEL ON FRONT COVER; ILLUSTRATION OF HOTEL IN 1852 ON BACK COVER;,1900-557,,,1900-01-27,Fifth Avenue Hotel,,Dollars,$,complete,4,311,1900-01-27,1900
24223,Unknown Menu,THE COURT SCRIBES,SECOND ANNUAL DINNER,PROF;,"HOTEL ASTOR, [NEW YORK]","NEW YORK, NY",CARD; 4 X 6.6;,ANNIVERSARY;,WINBES LISTED; MENU IN FRENCH;,1906-241,,,1906-02-24,The Court Scribes,,,,complete,2,25,1906-02-24,1900
24247,Unknown Menu,MOUNT PLEASANT ACADEMY ALUMNI ASOCIATION,ANNUAL DINNER,EDUC;,"ASTOR HOTEL, NEW YORK, NY","NEW YORK, NY",FOLDER; ILLUS; COL; 4.6X6.6;,ANNIVERSARY;,MENU IN FRENCH; PROGRAM; COMMITTEE LISTED; ACADEMY MONOGRAM ON COVER; RIBBON ATTACHMENT;,1908-139,,,1908-02-11,Mount Pleasant Academy Alumni Asociation,,,,complete,4,19,1908-02-11,1900
24258,Unknown Menu,NEW YORK SWARTHMORE COLLEGE ASSOCIATION,BANQUET,EDUC;,"ST. DENIS HOTEL, [NEW YORK, NY?]","NEW YORK, NY","BOOKLET; COL; 5,5X8;",OTHER (REUNION);,INCLUDES TOASTS & COMMITTEE ON ARRANGEMENTS; SILK RIBBON ATTACHMENT;,1900-555,,,1900-01-27,New York Swarthmore College Association,,,,complete,12,22,1900-01-27,1900
24263,Unknown Menu,UNION SQUARE HOTEL,BREAKFAST,COMMERCIAL,"NEW YORK, NY","NEW YORK, NY",FOLDER; 7.0X11.0;,,FULLY PRICED A LA CARTE MENU; CORRECTIONS HAND WRITTEN; HALF PORTION PRICES QUOTED;,1900-126,,,1900-01-10,Union Square Hotel,,Dollars,$,complete,4,181,1900-01-10,1900
24269,Unknown Menu,UNITARIAN CLUB OF NEW YORK,DINNER,SOC;,"HOTEL MANHATTAN,[NY]","NEW YORK, NY",CARD;ILL;COL;7X9.5;,?,,1899-249,,,1899-03-15,Unitarian Club Of New York,,,,complete,2,20,1899-03-15,1890
24278,Unknown Menu,THE FRIARS,SUPPER IN HONOR OF AUGUSTUS THOMAS,SOC;,"HOTEL ASTOR, NEW YORK, NY","NEW YORK, NY",BOOKLET; ILLUS; COL; 7X10;,COMPLIMENTARY/TESTIMONIAL,MENU PARTIALLY IN FRENCH; UNUSUAL SKETCHES INSIDE; PICTURE OF AUGUSTUS THOMAS ON COVER; BLUE COVER;,1908-076,,,1908-01-24,The Friars,,,,complete,12,15,1908-01-24,1900
24285,Unknown Menu,MERCHANTS & BUSINESS MENS CLEVELAND AND HENDRICKS CLUBS,EXECUTIVE COMMITTEE DINNER,PROF;,DELMONICOS NY,"NEW YORK, NY",FOLDER;ENGRAVED ILLUS;4.75X7;,?,INCLUDES LIST OF EXEC COMMITTEE; MENU PRINTED IN FRENCH;,1884-021,,,1884-12-12,Merchants & Business Mens Cleveland And Hendricks Clubs,,,,complete,4,23,1884-12-12,1880
24289,Unknown Menu,HOTEL LINCOLN,LUNCHEON,COMMERCIAL,"BROADWAY AND 52ND STREET, NEW YORK","NEW YORK, NY",CARD; COL; 6.75 X 7.5;,,BLUE; PRICED MENU;,1900-499,,,1900-01-24,Hotel Lincoln,,Dollars,$,complete,2,211,1900-01-24,1900
24302,Unknown Menu,KNICKERBOCKER HOTEL RESTAURANT,DAILY MENU,COMMERCIAL,"384 AND 385 WEST STREET [NEWYORK, NY]","NEW YORK, NY",FOLDER; ILLUS; 6 X 9.5,,PRICED MENU; PRICED WINE LIST;  HANDWRITTEN DAILY SPECIALS; HOTEL ROOMS AVAILABLE; DRAWING OF HOTEL;,1900-790,,,1900-02-07,Knickerbocker Hotel Restaurant,,Dollars,$,complete,6,264,1900-02-07,1900
24312,Unknown Menu,PRIVATE HOSTS (GROUP OF 25 MEN LISTED),DINNER GIVEN IN HONOUR OF JUDGE HENRY STEINERT,OTHER (PRIVATE PARTY);,DEMOCRATIC CLUB,"NEW YORK, NY",FOLDER; ILLUS; 6X8;,COMPLIMENTARY/TESTIMONIAL,INCLUDES WINE LIST; PHOTOGRAPH OF GUEST OF HONOUR ON COVER; RIBBON ATTACHMENT;,1906-331,,,1906-03-22,Judge Henry Steinert,,,,complete,8,25,1906-03-22,1900
24323,Unknown Menu,THE PICKANINNY CLUB,DINNER,[?SOC];,"THE WALDORF, [?NEW YORK, NY]","NEW YORK, NY",BOOKLET; ILLUS; COL; 5.5X6.5;,,FRENCH; WATERCOLOR SKETCHES OF SOUTHERN SCENES; SILK RIBBON ATTACHMENT;,1896-061,,,1896-03-07,The Pickaninny Club,,,,complete,6,18,1896-03-07,1890
24328,Unknown Menu,SIEGEL COOPER CO.,LUNCH,COMMERCIAL,"SIXTH AVENUE BETWEEN 18TH AND 19TH STREETS, NEW YORK, NY","NEW YORK, NY",FOLDER; 6.25 X 8.5;,,PRICED MENU; STORE DIRECTORY ON BACK COVER; DATE NOTED BY FEB;,1905-521,,,1905-06-29,Siegel Cooper Co.,,Cents,c,complete,4,173,1905-06-29,1900
24356,Unknown Menu,AUDITORIUM,LUNCHEON,COMMERCIAL,"236 WEST 116TH STREET, NEW YORK","NEW YORK, NY",CARD; COL; 5.25 X 8.25;,,PRICED MENU; TAN STOCK;,1905-990,,,1905-12-22,Auditorium,,Cents,c,complete,2,115,1905-12-22,1900
24357,Unknown Menu,HOLLAND SOCIETY OF NEW YORK,SIXTEENTH ANNUAL DINNER,SOC;,"WALDORF-ASTORIA HOTEL, NEW YORK, NY","NEW YORK, NY",FOLDER; ILLUS; COL; 6.75X11;,ANNIVERSARY;,"DUTCH, FRENCH, & ENGLISH; PROGRAM INCLUDED; PHOTOGRAPHS OF PRESIDENTS KRUEGER & STEYN ON COVER; ON BACK COVER, A REPRODUCTION OF VAN OSTADE'S PAINTING IN GALLERY OF MAURITSHUIS AT THE HAGUE;",1901-110,,,1901-01-17,Holland Society Of New York,,,,complete,4,42,1901-01-17,1900
24358,Unknown Menu,CHAMBER OF COMMERCE OF THE STATE OF NEW YORK,123RD ANNUAL BANQUET,COM,"DELMONICO'S, [NEW YORK]","NEW YORK, NY",FOLDER; ILL; 6.75X9,OTHER,FASTENED AT TOP BY TWO RIBBONS; LARGE GOLD SEAL OF THE CHAMBER OF COMMERCE EMBOSSED ON THE FRONT COVER; FRENCH MENU,1891-116,,,1891-11-17,Chamber Of Commerce Of The State Of New York,,,,complete,4,23,1891-11-17,1890
24361,Unknown Menu,HOTEL SAN REMO,CHRISTMAS DINNER,COMMERCIAL,"NEW YORK, NY","NEW YORK, NY",BROADSHEET; ILLUS; 5.5X7.5;,SECULAR HOLIDAY;,ILLUSTRATION OF WOMAN IN A GARDEN; NAME OF HOTEL PROPRIETOR INCLUDED,1893-141,,,1893-12-25,Hotel San Remo,,,,complete,2,38,1893-12-25,1890
24368,Unknown Menu,SOCIETY OF THE GENESEE,THIRD ANNUAL DINNER,MIL;,WALDORF-ASTORIA [NY?],"NEW YORK, NY",FOLDER;ILLUS;COL;5.58.25;,ANNIVERSARY;,PHOTOGRAPH OF STUART SMITH;VERY HEAVY BOARDS FOR MENU;ADDRESSES;WINES;NAMES;,1901-304,,,1901-01-07,Society Of The Genesee,,,,complete,4,24,1901-01-07,1900
24370,Unknown Menu,NEW YORK AND NEW JERSEY HARDWARE AND IRON ASSOCIATION,SEVENTH ANNUAL BANQUET,COMMERCIAL,"ASTOR HOTEL, NEW YORK, NY","NEW YORK, NY",BOOKLET; ILLUS; COL; 5.6X7;,ANNIVERSARY;,FRENCH; LISTS WINES SERVED WITH INDIVIDUAL COURSES; GOLD WREATH DECORATION ON COVER;,1906-282,,,1906-03-08,New York And New Jersey Hardware And Iron Association,,,,complete,4,19,1906-03-08,1900
24379,Unknown Menu,FIFTH AVENUE HOTEL,BREAKFAST MENU,COMMERCIAL,"NEW YORK, NY","NEW YORK, NY",FOLDER; ILLUS; 5.25X4.25;,OTHER (DAILY HOTEL MENU);,"POSSIBLY A SPECIAL MENU PREPARED FOR ""HITCHCOCK, DARLING & CO.;"" SKETCH OF HOTEL 1852 ON BACK OF MENU;",1900-637,,,1900-01-30,Fifth Avenue Hotel,,,,complete,2,106,1900-01-30,1900
24380,Unknown Menu,ST. REGIS HOTEL,DINNER/DINER,COMMERCIAL,"NEW YORK, NY","NEW YORK, NY",CARD; 5X8;,,FRENCH AND ENGLISH;,1906-181,,,1906-02-16,St. Regis Hotel,,Dollars,$,complete,2,174,1906-02-16,1900
24381,Unknown Menu,FIFTH AVENUE HOTEL,DINNER,COMMERCIAL,"MADISON SQUARE, NY","NEW YORK, NY",FOLDER; ILLUS; COL; 5.5 X 4.25;,,"DRAWING OF HOTEL; TWO COPIES,ONE BLUE ONE ECRU;",1900-079,,,1900-01-09,Fifth Avenue Hotel,,,,complete,3,77,1900-01-09,1900
24387,Unknown Menu,?,[GENERAL] GRANT'S BIRTHDAY,[COM],WALDORF[NY],"NEW YORK, NY",CARD;ILLUS;COL;5.5X8.25;,PATRIOTIC HOLIDAY;,WINES FOR EACH COURSE;SEPARATE PAGE WITH LIST OF GUESTS &SPONSORS FOR EACH TABLE;,1893-055,,,1893-04-27,?,,,,complete,2,26,1893-04-27,1890
24397,Unknown Menu,CHAMBER OF COMMERCE OF THE STATE OF NY,128TH ANNUAL MEETING,POL;,"DWLMONICO'S,NY","NEW YORK, NY",FOLDER;5 X 7;,LUNCHEON,MENU IN FRENCH;,1896-107,,,1896-05-07,Chamber Of Commerce Of The State Of Ny,,,,complete,4,25,1896-05-07,1890
24435,Unknown Menu,MARIE ANTOINETTE HOTEL,DINNER,COMMERCIAL,66 ST. & B'WAY NY,"NEW YORK, NY",BROADSIDE; ILLUS; 6.5 X 8.75;,DAILY,,1900-829,,,1900-02-09,Marie Antoinette Hotel,,Dollars,$,complete,2,123,1900-02-09,1900
24443,Unknown Menu,TRUSTEES OF THE METROPOLITAN MUSEUM OF ART & OTHER FRIENDS,COMPLIMENTARY DINNER TO MR. ROBERT GORDON,PROF;,"UNION LEAGUE CLUB, NEW YORK, NY","NEW YORK, NY",FOL; ILLUS; 5X8;,COMPLIMENTARY/TESTIMONIAL,INCLUDES WINE LIST; FLOWER DRAWING ON COVER; INCLUDES ATTENDANCE LIST,1894-117,,,1894-12-07,Trustees Of The Metropolitan Museum Of Art & Other Friends,,,,complete,4,21,1894-12-07,1890
24463,Unknown Menu,WESTCHESTER COUNTY BAR ASSOCIATION,DECENNIAL DINNER,PROF;,"DELMONICO'S, NEW YORK, NY","NEW YORK, NY",BOOKLET; ILLUS; 6X8.6;,ANNIVERSARY;,"INCLUDES PRICED WINE LIST; INCLUDES: CALENDAR, ENUMERATED MOTIONS, NON-ENUMERATED MOTIONS, NOTES OF ANCIENT CASES, HISTORICAL DATA, OFFICIAL SERIES, ANNOTATED; BAR ASSOCIATION COMMITTEES AND MEMBERSHIP LISTED; SONG SHEET; DECORATIVE BORDER;",1907-424,,,1907-04-20,Westchester County Bar Association,,Dollars,$,complete,26,35,1907-04-20,1900
24468,Unknown Menu,WOMAN'S PRESS CLUB,VALENTINE BREAKFAST,PROF;,"HOTEL ASTOR, NEW YORK","NEW YORK, NY",CARD; ILLUS; COL; 6 X 9.25;,SECULAR HOLIDAY;,VALENTINE MOTIF;,1907-232,,,1907-02-17,Woman's Press Club,,,,complete,2,15,1907-02-17,1900
24469,Unknown Menu,HILDRETH & ALLEN,DAILY MENU,COMMERCIAL,METROPOLITAN HOTEL,"NEW YORK, NY",FOLDER; ILL; COL; 7X11;,DINNER;,"""REPORTS OF INATTENTION OF THE WAITERS WILL BE THANKFULLY RECEIVED AT THE OFFICE""; EXTENSIVE WINE LIST; ""UPSTAIRS RESTAURANT OPEN UNTIL 12 O'CLOCK AT NIGHT"";",1893-101,,,1893-08-22,Hildreth & Allen,,Dollars,$,complete,4,513,1893-08-22,1890
24486,Unknown Menu,CORTLAND COUNTY SOCIETY OF NEW YORK,EIGHTH ANNUAL DINNER,PATR;,"HOTEL ASTOR, [NEW YORK]","NEW YORK, NY",BOOKLET; ILLUS; COL; 5.75 X 8.5;,ANNIVERSARY;,SEPIA PHOTOGRAPH OF SCENE;,1908-096,,,1908-01-30,Cortland County Society Of New York,,,,complete,12,16,1908-01-30,1900
24488,Unknown Menu,NEW ENGLAND SOCIETY IN THE CITY OF NEW YORK,"ANNUAL ""FINES"" DINNER",PAT;,"UNION LEAGUE CLUB, NEW YORK, NY","NEW YORK, NY",BOOKLET; 5.25X7.5;,OTHER (ANNIV);,"INCLUDES WINES SERVED WITH INDIVIDUAL COURSES; LISTING OF OFFICERS, DIRECTORS & COMMITTEE OF ARRANGEMENTS; SILK RIBBON ATTACHMENTS;",1897-126,,,1897-04-21,New England Society In The City Of New York,,,,complete,4,31,1897-04-21,1890
24490,Unknown Menu,THE ANSONIA,LUNCHEON,COMMERCIAL,"BROADWAY AND 73RD STREET, NEW YORK","NEW YORK, NY",CARD; 4.25 X 6.5;,,PRICED MENU; LOGO;,1907-056,,,1907-01-09,The Ansonia,,Dollars,$,complete,2,60,1907-01-09,1900
24494,Unknown Menu,NEW YORK SOCIETY OF THE ORDER OF THE FOUNDERS AND PATRIOTS OF AMERICA,EIGHT ANNUAL DINNER,PATR;,"WALDORF ASTORIA, NEW YORK, NY","NEW YORK, NY",BOOKLET; ILLUS; COL; 7X9;,ANNIVERSARY;,"FRENCH; TOASTS; BANQUET COMMITTEE LISTED; SOCIETY INSIGNIA ON BACK COVER; FRONT COVER ILLUSTRATED WITH AMERICAN FLAGS, AMERICAN INDIAN, COLONIAL SOLDIER, AMERICAN ARMY OFFICER; RED, WHITE AND BLUE WOOL ATTACHMENT;",1905-387,,,1905-05-13,New York Society Of The Order Of The Founders And Patriots Of America,,,,complete,10,19,1905-05-13,1900
24508,Unknown Menu,THE ANSONIA,DAILY MENU,COMMERCIAL,"BROADWAY AND 73RD STREET, NEW YORK","NEW YORK, NY",FOLDER; COL; 5.75 X 9.25;,,PRICED MENU; PINK STOCK; LOGO;,1907-055,,,1907-01-09,The Ansonia,,Dollars,$,complete,4,242,1907-01-09,1900
24517,Unknown Menu,SAINT NICHOLAS SOCIETY,TASTING DINNER OF STEWARDS & OFFICERS,SOC;,"DELMONICO'S,NY","NEW YORK, NY",BROADSIDE;COL;4.5X7;,[TASTING DINNER],MENU ALL IN FRENCH;,1906-892,,,1906-12-01,Saint Nicholas Society,,,,complete,2,18,1906-12-01,1900
24520,Unknown Menu,NEW YORK FARMERS,DINNER,COMMERCIAL,"METROPOLITAN CLUB, [?NEW YORK, NY]","NEW YORK, NY",BOOKLET; ILLUS; 5X7.5;,,ASSOCIATION SEAL ON COVER; INCLUDES MEMBERSHIP LIST;,1901-093,,,1901-01-15,New York Farmers,,,,complete,4,17,1901-01-15,1900
24521,Unknown Menu,FLAT IRON RESTAURANT & CAFE,MENU,COMMERCIAL,"NEW YORK, NY","NEW YORK, NY",FOLDER; ILLUS; COL; 10X14;,,A LA CARTE PRICED MENU; INCLUDES VERY EXTENSIVE WINE AND LIQUOR LIST; [DATE SUPPLIED BY FEB]; ILLUSTRATION OF FLAT IRON BUILDING AND STREET SCENE ON COVER;,1907-140,,,1907-01-28,Flat Iron Restaurant & Cafe,,Dollars,$,complete,4,615,1907-01-28,1900
24522,Unknown Menu,PRUDENTIAL LIFE INSURANCE CO.,DINNER,COMMERCIAL,"WALDORF-ASTORIA HOTEL, NEW YORK, NY","NEW YORK, NY",FOLDER; COL; 5X3.5;,,FRENCH; INCLUDES WINES SERVED WITH INDIVIDUAL COURSES; SILK RIBBON ATTACHMENT;,1901-095,,,1901-01-15,Prudential Life Insurance Co.,,,,complete,8,27,1901-01-15,1900
24523,Unknown Menu,SPHINX CLUB,38TH DINNER,SOC;,"WALDORF-ASTORIA, THE, NEW YORK, NY","NEW YORK, NY",CARD; ILLUS; 4X6;,ANNIVERSARY;,"CLUB INSIGNIA AT TOP; ""OLD FASHIONED WHISKEY COCKTAILS"" & CHAMPAGNE INCLUDED;",1901-653,,,1901-03-13,Sphinx Club,,,,complete,2,14,1901-03-13,1900
24528,Unknown Menu,AMERICAN INSTITUTE OF ELECTRICAL ENGINEERS,PUBLIC SERVICE DINNER,PROF;,"WALDORF-ASTORIA, [NEW YORK]","NEW YORK, NY",BOOKLET; 5.25 X 8.75;,ANNIVERSARY(?);,MENU IN FRENCH; SPEAKERS; MUSIC;,1908-164,,,1908-02-19,American Institute Of Electrical Engineers,,,,complete,12,19,1908-02-19,1900
24529,Unknown Menu,PENATAQUIT CORINTHIAN YACHT CLUB,FOURTH ANNUAL DINNER,SOC;,"MANHATTAN HOTEL, NY","NEW YORK, NY",CARD; ILLUS; 4.5 X 6.75;,ANNIVERSARY;,LOGO OF YACHT CLUB;,1900-059,,,1900-01-06,Penataquit Corinthian Yacht Club,,,,complete,2,20,1900-01-06,1900
24535,Unknown Menu,NEW YORK HOTEL,BREAKFAST MENU,,"NEW YORK, NY","NEW YORK, NY",BROADSIDE,,,1959-002,,,1859-07-01,New York Hotel,,,,complete,2,40,1859-07-01,1850
24541,Unknown Menu,FIRST COMPANY-7NTH REGIMENT,FIRST ANNUAL DINNER,MIL;,CLARK'S [NY],"NEW YORK, NY",FOLDER;4.75X6.5;,ANNUAL DINNER,MENU IN FRENCH,1891-067,,,1891-06-03,First Company 7nth Regiment,,,,complete,4,24,1891-06-03,1890
24544,Unknown Menu,MARINE SOCIETY OF NEW YORK,120TH ANNIVERSARY DINNER,PROF;,DELMONICO'S,"NEW YORK, NY",FOLDER; 3.75 X 5;,OTHER (ANNIVERSARY),CREST IN GOLD; FRENCH;,1890-044,,,1890-03-04,Marine Society Of New York,,,,complete,3,20,1890-03-04,1890
24547,Unknown Menu,CHANCELLOR WALWORTH LODGE NO.271 AND A.M.,ANNUAL DINNER,SOC;,"MURRAY HILL HOTEL,THE,[NY]","NEW YORK, NY",BOOKLET;ILL;COL;5.25X6.50;,ANNIVERSARY;,WINES SERVED;TOASTS;,1899-195,,,1899-02-21,Chancellor Walworth Lodge No.271 And A.M.,,,,complete,8,29,1899-02-21,1890
24551,Unknown Menu,MAJESTIC HOTEL,THANKSGIVING DINNER,COMMERCIAL,"NEW YORK, NY","NEW YORK, NY",BOOKLET; ILLUS; 6X8;,SECULAR HOLIDAY;,A LA CARTE PRICED MENU; TURKEY & WREATH EMBOSSED ON COVER;,1899-765,,,1899-11-30,Majestic Hotel,,Dollars,$,complete,8,182,1899-11-30,1890
24552,Unknown Menu,H.W.JOHNS-MANVILLE CO.,ANNUAL BANQUET TO THE MANAGERS,COMMERCIAL,"THE WALDORF-ASTORIA, NEW YORK","NEW YORK, NY",FOLDER; COLOR; ILLUS.;5.5 X 7;,COMPLIMENTARY/TESTIMONIAL,WINES WITH EACH COURSE; BUFF STOCK; COMPANY LOGO;,1907-154,,,1907-02-01,H.W.Johns Manville Co.,,,,complete,4,21,1907-02-01,1900
24567,Unknown Menu,CINCINNATI SOCIETY,162ND ANNIVERSARY OF WASHINGTON'S BIRTHDAY,SOC; POL;,"DELMONICOS, [NEW YORK, N.Y.]","NEW YORK, NY",CARD; ILL; 4.75X7;,PATRIOTIC HOLIDAY;,TOP OF CARD CUT AS AN ARCH WITH AN ELABORATE GARLAND OF RAISED FLOWERS ALONG THE EDGE; MENU IN FRENCH;,1894-028,,,1894-02-22,Cincinnati Society,,,,complete,2,20,1894-02-22,1890
24577,Unknown Menu,WHITE'S DINING ROOMS,BILL OF FARE,COMMERCIAL,"NEW YORK, NY","NEW YORK, NY",FOLDER; 7X10;,OTHER (DAILY MENU);,"""TO ENJOY GOOD HEALTH TAKE A CUP OF OUR SOUP BEFORE LUNCH 5 CENTS;""",1900-165,,,1900-01-11,White's Dining Rooms,,Dollars,$,complete,4,167,1900-01-11,1900
24582,Unknown Menu,FIRST PANEL SHERFIFF'S JURY,ANNUAL DINNER,GOVT;,DELMONICO'S [NY],"NEW YORK, NY",FOLDER; ILLUS; 5.5 X 8;,ANNIVERSARY;,"WINES; INDIAN, SAILOR, BOAT, SEAL OF NYC; MEMBERS LISTED;",1897-013,,,1897-01-14,First Panel Sherfiff's Jury,,,,complete,4,29,1897-01-14,1890
24590,Unknown Menu,R.W.AND M.L. EHLERS,"DINNER FOR M.W. WM. SHERER, GRAND MASTER OF MASONS OF NYS",SOC;,DELMONICO'S NY,"NEW YORK, NY",FOLDER; COL; 5.5 X 8;,COMPLIMENTARY/TESTIMONIAL,WREATH WIH CROSSED PENS ON COVER; BLUE BACKGROUND AND RIBBONS; FRENCH; WINES; AUTOGRAPHS ON BACK COVER;,1892-077,,,1892-05-31,R.W.And M.L. Ehlers,,,,complete,6,24,1892-05-31,1890
24611,Unknown Menu,HOLLAND'S LADIES & GENTS DINING ROOMS,DAILY MENU,COMMERCIAL,141 FOURTH AVE. NY,"NEW YORK, NY",FOLDER; ILLUS;6.25 X 10.5;,,,1900-394,,,1900-01-18,Holland's Ladies & Gents Dining Rooms,,Dollars,$,complete,4,208,1900-01-18,1900
24618,Unknown Menu,CHAMBER OF COMMERCE OF THE STATE OF NEW YORK,124TH ANNUAL MEETING (LUNCHEON),GOV'T;,DELMONICO'S NY,"NEW YORK, NY",FOLDER; 5 X 7;,OTHER (MEETING),FRENCH;,1892-065,,,1892-05-05,Chamber Of Commerce Of The State Of New York,,,,complete,4,25,1892-05-05,1890
24621,Unknown Menu,NEW YORK BOARD OF TRADE AND TRANSPORTATION,ANNUAL DINNER,PROF,"HOTEL BRUNSWICK, NEW YORK","NEW YORK, NY",FOLDER; ILL;4.5X11.5,ANNUAL EVENT,"TWO CARDS TIED AT THE SIDE BY THREE RED RIBBONS,PAINTING OF HARBOR SCENE ON FRONT CARD, ORGANIZATION SEAL ON BACK COVER",1887-043,,,1887-12-29,New York Board Of Trade And Transportation,,,,complete,4,51,1887-12-29,1880
24654,Unknown Menu,DRAKE'S OYSTER HOUSE AND CAFE,MENU,COMMERCIAL,"61-63 EAST 59 STREET,NEW YORK,NY","NEW YORK, NY",FOLDER;COL;8X12;,DAILY;,DATE HANDWRITTEN;VERY POOR CONDITION;WINE LIST;,1901-892,,,1901-04-01,Drake's Oyster House And Cafe,,Dollars,$,complete,4,336,1901-04-01,1900
24655,Unknown Menu,AMERICAN ASIATIC ASSOCIATION,NINTH ANNUAL DINNER,OTHER (INTERNATIONAL CULTURAL GROUP);,"DELMONICO'S, NEW YORK, NY","NEW YORK, NY",FOLDER; ILLUS; COL; 4X9.25;,ANNIVERSARY;,INCLUDES WINES SERVED WITH INDIVIDUAL COURSES; TOASTS; PHOTOGRAPH ON COVER OF GUEST OF HONOR; DECORATIVE VINES AND FLOWERS; CORD ATTACHMENT;,1906-952,,,1906-12-17,American Asiatic Association,,,,complete,8,26,1906-12-17,1900
24657,Unknown Menu,AMERCIAN GAS LIGHT ASSOCIATION,TWENTY- SEVENTH ANNUAL MEETING,COMMERCIAL,"SHERRY'S, [NEW YORK, NY]","NEW YORK, NY",BOOKLET; ILLUS; COL; 5X8.25;,ANNIVERSARY;,FRENCH; BEAUTIFULLY ILLUSTRATED; TOASTS HIGHLIGHTED BY LITERARY QUOTATIONS AND SKETCHES;,1899-633,,,1899-10-19,Amercian Gas Light Association,,,,complete,20,19,1899-10-19,1890
24662,Unknown Menu,12TH REGIMENT INFANTRY,DINNER TO THE NON-COMMISSIONED OFFICERS IN RECOGNITION OF THEIR WORK JUNE 9TH-16TH 1900;,MIL;,"HOTEL MANHATTAN, MADISON AVE. & 42ND ST., NEW YORK, [NY];","NEW YORK, NY",CARD; 4.5X7.5;,COMPLIMENTARY DINNER,,1900-3740,,,1900-06-28,12th Regiment Infantry,,,,complete,2,16,1900-06-28,1900
24664,Unknown Menu,KENSINGTON HOTEL,A LA CARTE MENU,COMMERCIAL,5TH AVE. & 15 ST. NY,"NEW YORK, NY",FOLDER; 6.5 X 9.5;,,SOME HANDWRITTEN ITEMS & PRICES;,1900-392,,,1900-01-18,Kensington Hotel,,Dollars,$,complete,4,242,1900-01-18,1900
24670,Unknown Menu,PRINCETON CLUB OF NEW YORK,ANNUAL DINNER,SOCIAL,HOTEL BRUNSWICK NY,"NEW YORK, NY",FOLDER; ILLUS; 4.75X7.5;,(SOCIAL),TIGER STANDING ON GRASS ON COVER,1888-027,,,1888-03-15,Princeton Club Of New York,,,,complete,2,26,1888-03-15,1880
24675,Unknown Menu,METROPOLITAN OPERA HOUSE,22ND REGIMENT RECEPTION,PROF;,"HOTEL MARLBOROUGH, NEW YORK, NY","NEW YORK, NY",BROADSHEET; 4.5 x 6.5;,OTHER (RECEPTION);,BROADSHEET; INCLUDES PRICED WINE LIST,1890-021,,,1890-01-16,Metropolitan Opera House,,Dollars,$,complete,2,28,1890-01-16,1890
24676,Unknown Menu,SOCIETY OF THE GENESEE,EIGHTH ANNUAL DINNER IN HONOR OF STEWART L. WOODFORD,SOC;,"WALDORF-ASTORIA, NEW YORK, NY","NEW YORK, NY",BOOKLET; ILLUS; COL; 5.6X19.6;,ANNIVERSARY/COMPL;,PRICED WINE LIST; LISTS TOASTS; MR. WOODFORD'S PHOTOGRAPH ON COVER;,1906-100,,,1906-01-27,Society Of The Genesee,,Dollars,$,complete,4,22,1906-01-27,1900
24683,Unknown Menu,TAYLOR'S RESTAURANT,DINNER,COMMERCIAL,ST. DENIS HOTEL; NY,"NEW YORK, NY",FOLDER; 7 X 11;,,PRICED MENU; PRICED WINE LIST;,1892-067,,,1892-05-05,Taylor's Restaurant,,Dollars,$,complete,4,648,1892-05-05,1890
24693,Unknown Menu,AMEN CORNER AXE,DINNER,POL;,"FIFTH AVENUE HOTEL, [NEW YORK]","NEW YORK, NY",BOOKLET; 16 X 12,"OTHER, [SOC?];",CHAMPAGNES AND WINES LISTED;8 PAGE IRREVERANT NEWPAPER FORMAT;,1908-105,,,1908-02-01,Amen Corner Axe,,,,complete,8,26,1908-02-01,1900
24703,Unknown Menu,MERCHANTS OF THE TWENTIETH PRECINCT,DINNER TENDERED TO CAPTAIN JOHN COOONEY,COMMERCIAL,"NAVARRE HOTEL, NEW YORK, NY","NEW YORK, NY",CARD; ILLUS; COL; 3.25X5.25;,COMPLIMENTARY/TESTIMONIAL,INCLUDES COCKTAILS (MARTINIS) & WINES SERVED WITH INDIVIDUAL COURSES; HOTEL SEAL AT TOP OF MENU;,1901-440,,,1901-02-21,Merchants Of The Twentieth Precinct,,,,complete,2,22,1901-02-21,1900
24711,Unknown Menu,QUID NUNC CLUB,EIGHTH ANNUAL DINNER,SOC;,"ARKWRIGHT CLUB, NEW YORK, NY","NEW YORK, NY",FOLDER; ILLUS; COL; 5.25X8.75;,ANNIVERSARY;,"EACH MENU ITEM FOLLOWED BY QUOTATION; PROGRAM OF SPEAKERS; DINNER COMMITTEE LISTED; PLANT ILLUSTRATION ON COVER, DECORATIVE BORDERS;",1908-162,,,1908-02-18,Quid Nunc Club,,,,complete,4,15,1908-02-18,1900
24712,Unknown Menu,COACHING CLUB,DINNER,(SOCIAL?),HOTEL BRUNSWICK; NY,"NEW YORK, NY",FOLDER; 3.5X5; ILLUS;,(SOCIAL?),COACH ON FRONT COVER; LOGO ON BACK;,1889-054,,,1889-05-23,Coaching Club,,,,complete,3,38,1889-05-23,1880
24724,Unknown Menu,MANUFACTURING CHEMISTS' ASSOCIATION OF THE UBITED STATES,1899/11/09,PROF;,THE WALDORF ASTORIA,"NEW YORK, NY","FOLDER, ILLUS; 5.25 X 7;",OTHER (SOC?);,FRENCH; WINES; MORTAR AND PESTLE ON COVER;,1899-692,,,1899-11-09,Manufacturing Chemists' Association Of The Ubited States,,,,complete,4,19,1899-11-09,1890
24731,Unknown Menu,HOTEL MANHATTAN,BREAKFAST,COMMERCIAL,"[NEW YORK, NY]","NEW YORK, NY",CARD; 7 X 9;,,SERIES OF BREAKFAST MENUS AT PRICES RANGING FROM THIRTY FIVE CENTS TO ONE DOLLAR; DATE NOTED BY FB;,1900-689,,,1900-02-01,Hotel Manhattan,,,,complete,2,67,1900-02-01,1900
24739,Unknown Menu,HOTEL ST. REGIS,"DAILY MENU, LUNCHEON",COMMERCIAL,NEW YORK CITY,"NEW YORK, NY",CARD; 5X8;,,MENU IN FRENCH AND IN ENGLISH;,1907-018,,,1907-01-02,Hotel St. Regis,,Dollars,$,complete,2,198,1907-01-02,1900
24741,Unknown Menu,FOREFATHERS' DINNER,COMMEMORATION OF THE PILGRIM'S STATUE UNVEILING,PATR.,UNION LEAGUE CLUB NY;,"NEW YORK, NY",BROADSHEET; 4.5X6.5,COMPL.,"INCLUDES PROGRAM, INVITATION, WRITTEN COMMENTS; WINES; FRENCH",1885-015,,,1885-06-06,Forefathers' Dinner,,,,complete,6,34,1885-06-06,1880
24752,Unknown Menu,AMERICAN ASIATIC ASSOCIATION,EIGHTH ANNUAL DINNER,POLIT;,"DELMONICO'S, FIFTH AVENUE AND FORTY FORTH STREET, NEW YORK","NEW YORK, NY",BOOKLET; COL; ILLUS; 4 X 9.25;,ANNIVERSARY;,WINES WITH EACH COURSE; BROWN ILLUSTRATION OF CRYSANTHEMUMS AND PHOTO OF DIGNITARY; TOASTS;,1905-930,,,1905-12-02,American Asiatic Association,,,,complete,8,28,1905-12-02,1900
24759,Unknown Menu,SOCIETY OF MAYFLOWER DESCENDENTS,DINNER,PATR;,"WALDORF ASTORIA, NY","NEW YORK, NY",FOLDER; ILLUS; COL; 5.25 X 7;,ANNIVERSARY;,PINK CREST OF MAYFLOWER; PINK RIBBONS; FRENCH; SEPARATE SEATING LIS;,1898-334,,,1898-11-22,Society Of Mayflower Descendents,,,,complete,14,22,1898-11-22,1890
24763,Unknown Menu,FRIENDLY SONS OF ST. PATRICK,'FAREWELL TO OLD DELMONICO'S,RELIG;,DELMONICO'S NY,"NEW YORK, NY",BROADSIDE; 5 X 7.5;,?,MENU IN FRENCH;,1897-307,,,1897-11-15,Friendly Sons Of St. Patrick,,,,complete,2,17,1897-11-15,1890
24775,Unknown Menu,JCIGAR LEAF TOBACCO BOARD OF TRADE OF THE UNITED STATES,BANQUET IN HONOR OF THE THIRD ANNUAL CONVENTION OF ABOVE,COMMERCIAL,WALDORF-ASTORIA [NEW YORK],"NEW YORK, NY",CARD; ILLUS; COL; 4.5 X 7;,SOC;,"MENU IN FRENCH; WINES; ILLUSTRATION OF RED DEVIL IN MENU HEADING OF ""WHAT THE (DEVIL'S) FOR DINNER;",1901-1180,,,1901-05-08,Jcigar Leaf Tobacco Board Of Trade Of The United States,,,,complete,2,27,1901-05-08,1900
24778,Unknown Menu,METROPOLITAN HOTEL,LUNCH,COMMERCIAL,"BROADWAY,NY","NEW YORK, NY",FOLDER;ILL;7X11;,DAILY;,BUILDING ILLUSTRATED ON FRONT COVER;NO DATE EXCEPT FOR ONE ENTERED LATER BY HAND;WINE LIST;,1900-357,,,1900-01-17,Metropolitan Hotel,,Dollars,$,complete,4,271,1900-01-17,1900
24781,Unknown Menu,HAAN'S,LUNCH,COMMERCIAL,PARK ROW BLDG. [NY],"NEW YORK, NY",CARD; 7 X 10.75;,,PRICED MENU; PRICED WINE LIST ON BACK; NOTE ABOUT SAFETY OF WATER; MENTION OF OTHER BRANCHES;,1900-429,,,1900-01-22,Haan's,,Dollars,$,complete,2,353,1900-01-22,1900
24782,Unknown Menu,FOGG'S LADIES' AND GENTLEMEN'S DINING ROOM,BREAKFAST & SUPPER MENU,COMMERCIAL,"98 BARCLAY ST., NEW YORK, NY","NEW YORK, NY","FOLDER, 6X9.75;",,[DATE INFO SUPPLIED BY FEB];,1900-782,,,1900-02-07,Fogg's Ladies' And Gentlemen's Dining Room,,Dollars,$,complete,4,237,1900-02-07,1900
24799,Unknown Menu,THE EVENING WORLD STAFF,COMPLIMENTARY DINNER TO MR. JAMES F. GRAHAM,PROF,"MORELLO'S,NEW YORK, N.Y.","NEW YORK, NY",CARD;ILL;4.5X7,COMPLIMENTARY/TESTIMONIAL,ILLUSTRATION INCLUDES PORTRAIT OF JAMES F. GRAHAM,1888-046,,,1888-05-18,The Evening World Staff,,,,complete,1,25,1888-05-18,1880
24803,Unknown Menu,BLOOMING GROVE PARK ASSOCIATION,MENU,[SOC?];,"DELMONICO'S, NEW YORK, NY","NEW YORK, NY",BROADSIDE; ILLUS; 5X9;,,ILLUSTRATION OF MOOSE ON TOP OF MENU;,1897-044,,,1897-02-09,Blooming Grove Park Association,,,,complete,2,24,1897-02-09,1890
24817,Unknown Menu,LA CHAMBRE DE COMMERCE FRANCAISE DE NEW YORK,"DINNER FOR MONSIEUR JULES CAMBON, AMBASSADEUR DE LA REPUBLIC FRANCAISE AUX ETATS-UNIS",GOVT;,DELMONICO'S,"NEW YORK, NY",BOOKLET; ILLUS; COL; 4.5X7;,COMPLIMENTARY/TESTIMONIAL,FRENCH;FRENCH & AMERICAN FLAGS ON COVER;,1898-056,,,1898-01-24,La Chambre De Commerce Francaise De New York,,,,complete,4,17,1898-01-24,1890
24818,Unknown Menu,OIL TRADE ASSOCIATION OF NEW YORK,DINNER,COMMERCIAL,SHERRY'S [NY],"NEW YORK, NY",FOLDER; ILLUS; COL; 4.5 X 6.5;,OTHER (SOC?);,FRENCH; WINES; DRAWING OF OILFIELD ON COVER;,1898-401,,,1898-12-14,Oil Trade Association Of New York,,,,complete,4,24,1898-12-14,1890
24828,Unknown Menu,FEDERAL CLUB,FIRST ANNUAL DINNER,[POL],DELMONICO'S [NY],"NEW YORK, NY",BOOKLET; COL; 5X7;,COMPLIMENTARY/TESTIMONIAL,HONORING THEODORE ROOSEVELT; BLUE AND GOLD ORNAMENT ON COVER; PROGRAM INCLUDED; IN FRENCH;,1887-016,,,1887-05-11,Federal Club,,,,complete,8,22,1887-05-11,1880
24836,Unknown Menu,NEW YORK BOARD OF TRADE AND TRANSPORTATION,ANNUAL BANQUET,COM; POL;,"DELMONICO'S, [NEW YORK, N.Y.]","NEW YORK, NY",BOOKLET; ILL; 5X7;,,WINES SERVED; MENU IN FRENCH; NAMES LISTED; FASTENED AT LEFT BY RIBBON;,1893-047,,,1893-04-08,New York Board Of Trade And Transportation,,,,complete,8,30,1893-04-08,1890
24842,Unknown Menu,BROADWAY CENTRAL HOTEL,LUNCHEON,COMMERCIAL,"NEW YOK, NY","NEW YORK, NY",FOLDER; ILLUS; 6.25X9.25;,OTHER (DAILY MENU);,"GENTLEMEN'S CAFE; ""AMERICAN PLAN, WITH ROOM, FOR FULL DAY'S BOARD, 50c, PER MEAL, $1.50 PER DAY, SINGLE MEALS, 75c;"" ILLUSTRATION OF HOTEL ON COVER;",1900-170,,,1900-01-11,Broadway Central Hotel,,Dollars,$,complete,3,189,1900-01-11,1900
24845,Unknown Menu,NEW YORK BRANCH LEAGUE,BANQUET TENDERED TO NATIONAL LEAGUE OF COMMISSION MERCHANTS OF THE U.S.,COMMERCIAL,"METROPOLITAN HOTEL, NEW YORK, NY","NEW YORK, NY",BOOKLET; ILLUS; COL; 5.5X7;,COMPLIMENTARY/TESTIMONIAL,"INCLUDES WINES SERVED WITH EACH COURSE; FLORAL MOTIF & GOLD SEAL ON COVER; SILK RIBBON ATTACHMENT; INCLUDES NAMES OF LEAGUE OFFICERS, ARRANGEMENT COMMITTEE & MEMBERSHIP",1895-006,,,1895-01-10,New York Branch League,,,,complete,8,30,1895-01-10,1890
24848,Unknown Menu,ST. GEORGES SOCIETY,"DINNER TO PERCY SANDERSON, H.B.M.C.G.",SOC;,"DELMONICO'S, NEW YORK, NY","NEW YORK, NY",BOOKLET; ILLUS; COL; 5.5X7.2;,COMPLIMENTARY/TESTIMONIAL,"FRENCH; ELABORATELY & BEAUTIFULLY ILLUSTRATED (FLAGS, SEALS, FLOWERS, GAME BIRDS); SILK RIBBON ATTACHMENTS",1894-118,,,1894-12-11,St. Georges Society,,,,complete,4,18,1894-12-11,1890
24859,Unknown Menu,CHAMBER OF COMMERCE OF THE STATE OF NEW YORK,"137TH ANNUAL MEETING, LUNCHEON",GOVT;,"DELMONICOS', NY","NEW YORK, NY",CARD; 4.5X7;,ANNIVERSARY;,CHAMPAGNE LISTED;,1905-359,,,1905-05-04,Chamber Of Commerce Of The State Of New York,,,,complete,2,18,1905-05-04,1900
24865,Unknown Menu,NEW YORK MEDICAL UNION,MENU,PROF;,"HOTEL MANHATTAN, [NEW YORK, NY]","NEW YORK, NY",BROADSIDE; 4X6;,,,1897-043,,,1897-02-09,New York Medical Union,,,,complete,2,21,1897-02-09,1890
24869,Unknown Menu,NEW YORK SOUTHERN SOCIETY,DINNER,SOC;,"HOTEL SAVOY,[NY]","NEW YORK, NY",BOOKLET;ILL;COL;6.5X9.5;,ANNIVERSARY;13TH ANNUAL;,MENU IN FRENCH;NAMES LISTED;TOASTS;SONGS;2 PORTRAIT PHOTOGRAPHS;,1899-200,,,1899-02-22,New York Southern Society,,,,complete,16,19,1899-02-22,1890
24871,Unknown Menu,DENNETT'S,BREAKFAST,COMMERCIAL,"PARK ROW, NYC","NEW YORK, NY",CARD; 5 X 9;,,NOTE STATES THAT WATER IS FILTERED AND GUARANTEED PURE;,1895-120,,,1895-01-01,Dennett's,,Dollars,$,complete,2,74,1895-01-01,1890
24872,Unknown Menu,SIEGEL-COOPER CO.,LUNCHEON,COM,"6TH AVE.,I8&19 ST.,NY","NEW YORK, NY",BROADSHEET; COL; 7 X 11;,,ALL PRICES INCLUDED; DESCRIPTION OF VARIOUS DEPARTMENTS ON BACK OF MENU;,1901-748,,,1901-03-25,Siegel Cooper Co.,,Dollars,$,complete,2,97,1901-03-25,1900
24877,Unknown Menu,DRY-GOODS FRIENDS OF MR.WILLIAM F. KING,TESTIMONIAL DINNER,COM,MERCHANTS' CLUB,"NEW YORK, NY",FOLDER; ILL; 5.5X8,COMPLIMENTARY/TESTIMONIAL,ILLUSTRATION ON FRONT COVER INCLUDES PORTRAIT POSSIBLY OF WILLIAM F. KING; MR. G.C.CLARKE IN RAISED ELABORATE LETTERS ON BOTTOM LEFT OF FRONT COVER; FRENCH MENU WITH SOME ITEMS BADLY SPELLED,1891-049,,,1891-05-06,Dry Goods Friends Of Mr.William F. King,,,,complete,4,28,1891-05-06,1890
24887,Unknown Menu,NEW YORK ASSOCIATION ALUMNI UNIVERSITY OF VIRGINIA,ANNUAL BANQUET,EDUC;,"WALDORF-ASTORIA,THE,[NEW YORK,NY?]","NEW YORK, NY",CARD;ILL;4.25X6.25;,ANNIVERSARY;,FRENCH MENU;WINE LIST;,1901-914,,,1901-04-03,New York Association Alumni University Of Virginia,,,,complete,2,40,1901-04-03,1900
24888,Unknown Menu,VICTOR BARACCA REST;,COMPLETE MENU,COMMERCIAL,NYC,"NEW YORK, NY",FOLDER; 6X9.5;,DAILY,ALL ITEMS PRICED; MOSTLY HANDWRITTEN; COMPLETE WINE LIST ON BACK;,1906-136,,,1906-02-07,Victor Baracca Rest;,,Dollars,$,complete,4,327,1906-02-07,1900
24890,Unknown Menu,SIEGEL COOPER CO.,"QUICK LUNCHEON, AFTERNOON TEA",COMMERCIAL,"SIXTH AVENUE, NEW YORK","NEW YORK, NY",FOLDER; COL; 7 X 10;,,PRICED MENU; BLUE STOCK; STORE DIRECTORY ON BACK COVER;,1906-753,,,1906-10-12,Siegel Cooper Co.,,Dollars,$,complete,4,222,1906-10-12,1900
24901,Unknown Menu,VETERANS OF THE 7TH REGIMENT,CELEBRATION OF THE SIXTY-NINTH ANNIVERSARY OF THE FORMATION OF THE REGIMENT AND THE THIRTY -SECOND ANNIVERSARY OF ITS DEPARTURE FOR WASHINGTON AT THE OUTBREAK OF THE WAR,MIL;,"DELMONICO'S, [NEW YORK,N.Y.]","NEW YORK, NY",BOOKLET; ILL; 5X8;,ANNIVERSARY;,MARKER OF SITE OF ORGANIZATION OF THE 7TH REGIMENT REPRODUCED; MENU IN FRENCH; OUTER COVERS OF PARCHMNENT LIKE PAPER; FASTENED AT LEFT BY RED WHITE AND BLUE CORDS;,1893-051,,,1893-04-19,Veterans Of The 7th Regiment,,,,complete,8,20,1893-04-19,1890
24903,Unknown Menu,(HENRY IRVING ?),[BREAKFAST ?],"OTHER,PRIVATE INDIVIDUAL",DELMONICO [NY],"NEW YORK, NY",CARD;3.25X5.5,"OTHER,[PRIOR TO DEPARTURE FOR ENGLAND]","HANDWRITTEN NOTE OF DATE,OCCASION,SPONSOR;SLIGHTLY RAISED FLOWER AND STEM IN LEFT CORNER;MENU IN FRENCH",1884-007,,,1884-04-29,Henry Irving ?,,,,complete,2,29,1884-04-29,1880
24914,Unknown Menu,NEW YORK SOUTHERN SOCIETY,15TH ANNUAL DINNER,SOC;,"SAVOY HOTEL, NEW YORK, NY","NEW YORK, NY",BOOKLET; ILLUS; COL; 7X5.5;,PAT;,FRENCH; TOASTS; COMMITTE AND OFFICERS LISTED; SONGSHEET; SKETCHES ABOVE MENU & TOASTS; SILK CORD ATTACHEMENT;,1901-449,,,1901-02-22,New York Southern Society,,,,complete,18,16,1901-02-22,1900
24917,Unknown Menu,CAFETERIA-LUNCH,MENU,COMMERCIAL,"57 BROAD STREET, NEW YORK, NY","NEW YORK, NY",FOLDER; ILLUS; 6X9.5;,OTHER (DAILY MENU);,SPECIALS WRITTEN IN FADED LAVENDAR INK; MOOSE ILLUSTRATION ON BACK COVER;,1900-550,,,1900-01-27,Cafeteria Lunch,,Dollars,$,complete,4,97,1900-01-27,1900
24927,Unknown Menu,FRAUNCES' TAVERN,BANQUET TO REPRESENTATIVES OF THE PRESS OF NEW YORK CITY,COMMERCIAL,"FRAUNCES'TAVERN, NEW YORK","NEW YORK, NY",FOLDER; ILLUS; COL; 5.5 X 7.25;,COMPLIMENTARY/TESTIMONIAL,"MARTINIS, AND WINS WITH EACH COURSE; MENU IN FRENCH; ILLUSTRATIONS OF WASHINGTON, FLAGS, AND FIFE AN DRUM CORPS;",1907-523,,,1907-05-18,Fraunces' Tavern,,,,complete,4,23,1907-05-18,1900
24928,Unknown Menu,CAFE DES AMBASSADEURS,"DAILY MENU, DINNER",COMMERCIAL,"108-110 WEST 38TH STREET, NEW YORK, NY","NEW YORK, NY",FOLDER; ILLUS; COL; 7X11;,,PRICED WINE LIST; MENU IN COMBINATION OF FRENCH AND ENGLISH;,1905-456,,,1905-06-11,Cafe Des Ambassadeurs,,Dollars,$,complete,4,419,1905-06-11,1900
24936,Unknown Menu,THE CINCINNATI IN THE STATE OF NEW YORK,159TH ANNIVERSARY OF WASHINGTON'S BIRTH,POL;,"PLAZA HOTEL, NY","NEW YORK, NY",FOLDER; 4.74 X 7.25,(COMMEMORATIVE);,GOLD SEAL ON COVER; FRENCH; TOASTS;,1891-026,,,1891-02-23,The Cincinnati In The State Of New York,,,,complete,4,24,1891-02-23,1890
24937,Unknown Menu,SOCIETY OF COLONIAL WARS,"DINNER,4TH ANNUAL",MIL;,"DELMONICO'S,[NEW YORK, N.Y.]","NEW YORK, NY",BOOKLET;ILLUS;5X7;,PATRIOTIC HOLIDAY;(164TH ANNIVERSARY OLD STYLE OF THE BIRTH OF COLONEL GEORGE WASHINGTON;,WINES SERVED; TWO COPIES;,1896-031,,,1896-02-11,Society Of Colonial Wars,,,,complete,6,23,1896-02-11,1890
24942,Unknown Menu,HOTEL ST. REGIS,"DAILY MENU, DINNER",COMMERCIAL,NEW YORK CITY,"NEW YORK, NY",CARD; 5X8;,,MENU IN FRENCH AND IN ENGLISH;,1907-019,,,1907-01-02,Hotel St. Regis,,Dollars,$,complete,2,182,1907-01-02,1900
24944,Unknown Menu,ANCIENT ACCEPTED SCOTTISH RITE,FESTIVAL REUNION,SOC;,"MASONIC HALL, NEW YORK, NY","NEW YORK, NY",CARD; COL; 4X6.25;,ANNIVERSARY;,WINE LISTED; PL NOTED BY FEB; PRINTED ON LIGHT GREEN STOCK;,1906-485,,,1906-05-25,Ancient Accepted Scottish Rite,,,,complete,2,18,1906-05-25,1900
24945,Unknown Menu,ASTOR HOUSE,DINNER,COMMERCIAL,NEW YORK CITY,"NEW YORK, NY",FOLDER; ILLUS; 7 X 11;,,ILLUS. OF HOTEL; PRICED MENU  AND WINE LIST;,1892-069,,,1892-05-08,Astor House,,Dollars,$,complete,4,474,1892-05-08,1890
24948,Unknown Menu,WESTMINSTER KENNEL CLUB,LUNCHEON,SOC;,"MADISON SQUARE GARDER, [NEW YORK]","NEW YORK, NY",CARD; ILLUS; 4.5 X 10;,ANNIVERSARY;,WINE AND CHAMPAGNE; DRAWING OF DOG'S HEAD;,1906-164,,,1906-02-12,Westminster Kennel Club,,,,complete,2,18,1906-02-12,1900
24949,Unknown Menu,FIFTH AVENUE HOTEL,SUPPER,COMMERCIAL,"MADISON SQUARE, NEW YORK","NEW YORK, NY",CARD; 4.25 X 7;,,,1907-049,,,1907-01-09,Fifth Avenue Hotel,,,,complete,2,41,1907-01-09,1900
24959,Unknown Menu,HASKIN'S RESTAURANT,"DINNER,BREAKFAST AND A LA CARTE",COMMERCIAL,"117WEST 34TH STREET,NEW YORK,NY","NEW YORK, NY",FOLDER;5.5X9;,DAILY;,NO SMOKING;,1900-1197,,,1900-02-21,Haskin's Restaurant,,Dollars,$,complete,4,137,1900-02-21,1900
24973,Unknown Menu,STIFTUNGS-FESTES DER HARMONIA,DINNER MENU[SPEISE-KARTE],,"[NEW YORK, NY?]","NEW YORK, NY",BROADSIDE,[ETHNIC HOLIDAY],PRINTED IN GERMAN-INCLUDES WINE LIST,1858-002,,,1858-12-08,Stiftungs Festes Der Harmonia,,Dollars,$,complete,2,36,1858-12-08,1850
24987,Unknown Menu,SOCIETA ITALIANE UNITE (UNITED ITALIAN SOCIETY?),BANCHETTO (BANQUET IN HONOR OF CRISTOFORO COLOMBO?),PATR;,"HOFFMAN HOUSE NEW YORK, NY","NEW YORK, NY",ILLUA; COL; FOLDER; 5.25 X 6.75;,ANNIVERSARY;,ITALIAN CREST; MENU IN ITALIAN; ITALIAN WINES;,1896-201,,,1896-11-07,Societa Italiane Unite (United Italian Society?),,,,complete,4,32,1896-11-07,1890
24991,Unknown Menu,OHIO SOCIETY OF NEW YORK,ELEVENTH ANNUAL BANQUET,SOC;,DELMONICO'S [NY],"NEW YORK, NY",BOOKLET; COL; ILLUS; 6 X 8.75;,ANNIVERSARY;,BLUE CREST OF ROBED WOMEN; SEAL ON BACK COVER; FRENCH;,1897-017,,,1897-01-16,Ohio Society Of New York,,,,complete,4,22,1897-01-16,1890
25003,Unknown Menu,MARITIME ASSOCIATION OF THE PORT OF NEW YORK,FOURTH ANNUAL DINNER,SOC;,WALDORF-ASTORIA,"NEW YORK, NY",FOLDER; ILLUS; COL; 6X8;,ANNIVERSARY;,"MENU IN FRENCH; PRINTED ON GREEN STOCK; SPEAKERS, GUESTS, OFFICERS AND COMMITTEE LISTED;",1908-132,,,1908-02-08,Maritime Association Of The Port Of New York,,,,complete,4,20,1908-02-08,1900
25005,Unknown Menu,SHERMAN SQUARE HOTEL,BREAKFAST,COMMERCIAL,"NEW YORK, [NY]","NEW YORK, NY",CARD; 5.25X7.5;,,UNPRICED MENU;,1900-596,,,1900-01-29,Sherman Square Hotel,,,,complete,2,68,1900-01-29,1900
25021,Unknown Menu,PARK RESTAURANT,MENU,COMMERCIAL,"NEW YORK, NY","NEW YORK, NY",FOLDER; ILLUS; 7X11;,,"A LA CARTE MENU FOR BREAKFAST, DINNER, TEA; DECORATIVE BORDER;",1901-996,,,1901-04-26,Park Restaurant,,Dollars,$,complete,4,232,1901-04-26,1900
25023,Unknown Menu,AMERICAN PAPER MANUFACTURERS' ASSOCIATION,ANNUAL BANQUET,COMMERCIAL,"DELMONICO'S, NEW YORK, NY","NEW YORK, NY",FOLDER; ILLUS; 5.75X9;,OTHER (ANNIVERSARY);,MENU DESCRIBED ON PRINTING PRESS; ASSOCIATION SEAL ON BACK COVER;,1896-045,,,1896-02-20,American Paper Manufacturers' Association,,,,complete,4,20,1896-02-20,1890
25030,Unknown Menu,SMITH & MC NELL,BREAKFAST & SUPPER MENU,COMMERCIAL,"NEW YORK, NY","NEW YORK, NY",FOLDER; 6X10;,OTHEER (DAILY HOTEL MENU);,"INCLUDES PRICED WINE LIST ON BACK COVER; ""400 NICELY FURNISHED, WELL HEATED AND VENTILATED ROOMS;""",1900-651,,,1900-01-31,Smith & Mc Nell,,Dollars,$,complete,4,378,1900-01-31,1900
25034,Unknown Menu,SOCIETY OF THE NINETEENTH ARMY CORPS,TWENTY-FIRST ANNUAL DINNER AND MEETING,PATR;,"ST. DENIS HOTEL, BROADWAY AND ELEVENTH STREET, NEW YORK","NEW YORK, NY",FOLDER; 5 X 7.25;,ANNIVERSARY;,MUSIC; BLUE PRINT;,1907-901,,,1907-10-19,Society Of The Nineteenth Army Corps,,,,complete,4,20,1907-10-19,1900
25035,Unknown Menu,GARIBALDI PLEASURE CLUB,ANNUAL BANQUET AND RECEPTION,SOC;,"HOTEL DEL CAMPIDOGLIO, [NEW YORK, N.Y.]","NEW YORK, NY",CARD; 4X6/5;,ANNIVERSARY;,MENU IN ITALIAN; WINES SERVED;,1894-034,,,1894-03-18,Garibaldi Pleasure Club,,,,complete,2,15,1894-03-18,1890
25037,Unknown Menu,MANUSCRIPT SOCIETY,THIRD ANNUAL BANQUET,PROF;,"MORELLO'S, NEW YORK, NY","NEW YORK, NY",BROADSIDE;,OTHER (ANNIVERARY);,INCLUDES WINES SERVED WITH EACH COURSE,1895-086,,,1895-05-10,Manuscript Society,,,,complete,2,21,1895-05-10,1890
25038,Unknown Menu,ST. GEORGE'S SOCIETY OF THE CITY OF NY,109TH ANNIVERSARY,SOC;,DELMONICO'S NY,"NEW YORK, NY",BROADSHEET; ILLUS; 4.5X6.5;,DINNER,MENU PRINTED IN FRENCH; DECORATED WITH GOLD BORDER;,1895-078,,,1895-04-23,St. George's Society Of The City Of Ny,,,,complete,2,23,1895-04-23,1890
25043,Unknown Menu,DRY GOODS CLUB,DINNER & SOIREE MUSICALE,COMMERCIAL,"[NEW YORK, NY?]","NEW YORK, NY",FOLDER; ILLUS; COL; 5.5X7.5;,,INCLUDES MUSICAL PROGRAM & LISTS OF OFFICERS & BOARD OF DIRCTORS; ILLUSTRATION OF 2 YOUNG WOMEN ON COVER; ADDITIONAL PRICED SPECIAL WINE LIST;,1897-277,,,1897-10-12,Dry Goods Club,,,,complete,4,17,1897-10-12,1890
25049,Unknown Menu,NEW YORK ALUMNI ASSOCIATION OF THE UNIVERSITY OF ROCHESTER,DINNER,EDUC;,"HOTEL SAVOY, 5TH AVE & 59TH STREET, NEW YORK, [NY]","NEW YORK, NY",CARD; 4.5X6.75;,,MENU IN FRENCH;,1900-590,,,1900-01-29,New York Alumni Association Of The University Of Rochester,,,,complete,2,17,1900-01-29,1900
25051,Unknown Menu,THETA DELTA CHI FRATERNITY,"BANQUET OF WELCOME TO CAPT. BENJAMIN P. LAMBERTON, U.S.N., U.S. FLAGSHIP ""OLYMPIA""",GREEK LETTER (FRATERNITY OR SORORITY),"SHERRY'S, [NEW YORK, NY]","NEW YORK, NY",FOLDER; ILLUS; COL; 4.25X5.5;,COMPLIMENTARY/TESTIMONIAL,FRENCH; OFFICERS & COMMITTEE LISTED; ILLUSTRATION OF FLAGS & SEALS ON COVER; CORD ATTACHMENT;,1899-647,,,1899-10-30,Theta Delta Chi Fraternity,,,,complete,8,22,1899-10-30,1890
25053,Unknown Menu,"ST, DENIS HOTEL",DAILY BREAKFAST,COMMERCIAL,"NEW YORK, NY [?]","NEW YORK, NY","CARD; 4,5X7.0;",,"DATE HAND-WRITTEN [FEB]; PRIX-FIXE MENU; NOTATION ""SERVED FOR ONE ONLY"";",1900-113,,,1900-01-10,"St, Denis Hotel",,,,complete,2,48,1900-01-10,1900
25057,Unknown Menu,CAFETERIA - LUNCH,DAILY BILL OF FARE,COMMERCIAL,57 BROAD ST.NY,"NEW YORK, NY",FOLDER; ILLUS; 5.5 X 9.5;,DAILY,ONE PAGE HANDWRITTEN DAILY SPECIAL DISHES;,1900-698,,,1900-02-01,Cafeteria   Lunch,,Dollars,$,complete,4,115,1900-02-01,1900
25060,Unknown Menu,NAETHING BROS.,BILL OF FARE,COMMERCIAL,"NEW YORK, NY","NEW YORK, NY",BROADSHEET; COL; 5X9.5;,OTHER (DAILY MENU);,"""ALL 5c CAKES ARE 6 FOR 25c;"" MOST ITEMS ARE 2c & 5c; ""FINEST MACAROOMS IN THE CITY, 40c PER LB;""",1900-163,,,1900-01-11,Naething Bros.,,Dollars,$,complete,2,113,1900-01-11,1900
25062,Unknown Menu,THE ANSONIA,LUNCHEON,COMMERCIAL,"BROADWAY AND 73RD STREET, NEW YORK","NEW YORK, NY",CARD; 4.25 X 6.5;,,PRICED MENU; LOGO;,1907-077,,,1907-01-13,The Ansonia,,Dollars,$,complete,2,61,1907-01-13,1900
25074,Unknown Menu,THE GERLAGH,DINNER,COMMERCIAL,55 W.27 ST. [NY?],"NEW YORK, NY",CARD; 4.5 X 7;,,AMERICAN PLAN HOURS AND A LA CARTE HOURS,1893-096,,,1893-08-21,The Gerlagh,,,,complete,2,38,1893-08-21,1890
25081,Unknown Menu,AMERICAN DRAMATISTS CLUB,SUPPER TO  JAMES A. HERNE,PROF;,MANHATTAN HOTEL NY,"NEW YORK, NY",BROADSIDE; ILLUS; COL; 6.5 X 9.75;,COMPLIMENTARY/TESTIMONIAL,MENU IN FRENCH;,1899-192,,,1899-02-18,American Dramatists Club,,,,complete,2,12,1899-02-18,1890
25083,Unknown Menu,A.W.DENNETT,DAILY BILL OF FARE;,COMMERCIAL,"393 FULTON STREET,NY","NEW YORK, NY",BROADSHEET;ILLUS;COL;5X9;,,ALL ITEMS LISTED WITH PRICES;OTHER BRANCHES LISTED ON BACK;,1894-046,,,1894-04-01,A.W.Dennett,,Dollars,$,complete,2,40,1894-04-01,1890
25089,Unknown Menu,MASTER PLUMBERS ASSOCIATION,DINNER,PROF;,MURRAY HILL HOTEL,"NEW YORK, NY",FOLDER; ILLUS; COL;4.25 X 6.5;,ANNIVERSARYERSARY,,1899-804,,,1899-12-07,Master Plumbers Association,,,,complete,4,24,1899-12-07,1890
25090,Unknown Menu,HOTEL EMPIRE,DINNER,COMMERCIAL,"BROADWAY AND 63RD ST,NY","NEW YORK, NY",FOLDER;ILL;COL;6.25X9;,DAILY;,MONAGRAM ENCLOSED BY WREATH;WINE LIST;,1900-362,,,1900-01-17,Hotel Empire,,Dollars,$,complete,4,289,1900-01-17,1900
25096,Unknown Menu,CAFETERIA LUNCH,MENU FOR ALL MEALS,COMMERCIAL,"57 BROAD STREET, NY","NEW YORK, NY",CARD; ILLUS; 5.5 X 9.5;,,"PRICED MENU, ONE SIDE PRINTED, THE OTHER HANDWRITTEN; SKETCH OF WOMAN'S HEAD;",1900-086,,,1900-01-06,Cafeteria Lunch,,Dollars,$,complete,2,105,1900-01-06,1900
25112,Unknown Menu,THE MOUQUIN RESTAURANT & WINE CO,EVENING DINNER MENU,COM,"NEW YORK, NY","NEW YORK, NY",FOLDER; COL; 7X11,,"IMPORTERS OF WINES,CHEESE AND FANCY GROCERIES; PINK; LISTS BREAKFAST, DINNER, AND SUPPER TO ORDER; MUSIC EVERY FRIDAY EVENING",1892-085,,,1892-06-15,The Mouquin Restaurant & Wine Co,,Dollars,$,complete,3,352,1892-06-15,1890
25128,Unknown Menu,CAFETERIA LUNCH,BILL OF FARE,COMMERCIAL,57 BROAD STREET - NY,"NEW YORK, NY",FOLDER; ILLUS; 5.5 X 9.5;,DAILY,HANDWRITTEN LIST OF SPECIAL DISHES ON SEPARATE PAGE;,1900-809,,,1900-02-08,Cafeteria Lunch,,Dollars,$,complete,4,100,1900-02-08,1900
25140,Unknown Menu,BROADWAY CENTRAL HOTEL,LUNCHEON,COMMERCIAL,"NEW YORK, NY","NEW YORK, NY",BROADSIDE; ILLUS; COL; 5.5X8.25;,OTHER (DAILY MENU);,"SERVED 1 TO 2:30 P.M. SPECIAL NOTE: ""TWO DINNERS WILL BE SERVED ON THANKSGIVING DAY FROM 1 TO 3 AND 5.30 TO 8 -- 75c. SPECIAL ATTENTION WILL BE SHOWN TO FAMILIES & PARTIES;""",1899-757,,,1899-11-26,Broadway Central Hotel,,,,complete,2,58,1899-11-26,1890
25142,Unknown Menu,(UNIVERSITY OF PENNSYLVANIA),LUNCH,(EDUC);,"WALDORF-ASTORIA,[NY]","NEW YORK, NY",CARD;ILL;4.25X6.25;,,MENU IN FRENCH EXCEPT FOR FISH HOUSE PUNCH;UNIVERSITY OF PENNSYLVANIA ATHLETIC RECORDS FOR 1898 PRINTED ON BACK;,1899-145,,,1899-01-21,University Of Pennsylvania,,,,complete,2,11,1899-01-21,1890
25147,Unknown Menu,HOLLAND SOCIETY OF NEW YORK,SECOND ANNUAL DINNER,SOC,"HOTEL BRUNSWICK, NEW YORK, NY","NEW YORK, NY",BOOKLET; ILLUS; COL; 7 x 11;,RITE,"DECORATED WITH NAVAL, INDUSTRIAL AND DINING SKETCHES, AND SEAL OF SOCIETY; MENU IN DUTCH, FRENCH AND ENGLISH; INCLUDES WINES SERVED WITH EACH COURSE; PROGRAM LISTS TOASTS, SPEECHES, AND MUSIC; FOUR COPIES",1887-006,,,1887-01-27,Holland Society Of New York,,,,complete,8,122,1887-01-27,1880
25162,Unknown Menu,WALDORF-ASTORIA HOTEL,MENU,COMMERCIAL,"NEW YORK, NY","NEW YORK, NY",BROADSIDE; ILLUS; COL; 5X7.75;,OTHER (POSSIBLY A WEDDING-PRINTED IN SILVER WITH 2 SETS OF INITIALS AT TOP OF MENU);,FRENCH; REDERER BRUT & APOLLINARIS SERVED;,1900-556,,,1900-01-27,Waldorf Astoria Hotel,,,,complete,2,18,1900-01-27,1900
25171,Unknown Menu,CABARET DU CHAT NOIR,LUNCH & DINNER,COMMERCIAL,32 WEST 28 ST. NY,"NEW YORK, NY",FOLDER; ILLUS; COL;,DAILY,SOME HANDWRITTEN ITEM IN FRENCH; WINE LIST ON BACK;,1900-713,,,1900-02-03,Cabaret Du Chat Noir,,Dollars,$,complete,4,313,1900-02-03,1900
25176,Unknown Menu,BROADWAY CENTRAL HOTEL,DINNER,COMMERCIAL,"NEW YORK, NY","NEW YORK, NY",BROADSIDE; ILLUS; COL; 5.25X8.25;,,TABLE D'HOTE MENU; HOTEL SEAL AT TOP OF MENU;,1907-926,,,1907-10-31,Broadway Central Hotel,,,,complete,2,51,1907-10-31,1900
25189,Unknown Menu,SONS OF THE REVOLUTION,WASHINGTON'S BIRTHDAY BANQUET,PATR;,DELMONICO'S [NY],"NEW YORK, NY",FOLDER; COL; ILLUS; 8.25 X 6.5;,PATRIOTIC HOLIDAY;,"BLUE COLONIAL CANNON, SHIP, WASHINGTON, FLAGS; BLUE AND GOLD RIBBONS;  SPEAKERS AMONG THEM THEODORE ROOSEVELT;",1897-063,,,1897-02-22,Sons Of The Revolution,,,,complete,6,21,1897-02-22,1890
25204,Unknown Menu,ARCADIA CLUB,ANNUAL DINNER,SOC;,"MURRAY HILL HOTEL,NY","NEW YORK, NY",FOLDER;GOLD EMBLEM;3.5X5;,ANNUAL;,,1906-775,,,1906-10-23,Arcadia Club,,,,complete,4,17,1906-10-23,1900
25221,Unknown Menu,HOTEL ASSOCIATION OF NYC,19NTH ANNUAL BANQUET,PROF;,"DELMONICO'S,NY","NEW YORK, NY",BOOKLET;ILLUS; COL; 6.25 X 9.5;,ANNUAL,SEPARATE PAGE FOR MENU IN FRENCH;WINES NOTED ON SEPARATE PAGE;PROGRAM & SPEAKERS LISTED;OFFICERS & COMMITTEE MEMBERS INCLUDED;,1898-032,,,1898-01-01,Hotel Association Of Nyc,,,,complete,20,39,1898-01-01,1890
25226,Unknown Menu,RIGGS' DINING ROOMS,DAILY MENU,COMMERCIAL,"120 UNIVERSITY PLACE, NY, NY","NEW YORK, NY",FOLDER; 5.5 X 9;,,FURNISHED ROOMS AVAILABLE FOR GENTLEMEN; NO SMOKING;,1900-483,,,1900-01-24,Riggs' Dining Rooms,,Dollars,$,complete,4,193,1900-01-24,1900
25227,Unknown Menu,NEW YOK JEWELERS BOARD OF TRADE,SIXTH ANNUAL DINNER,COMMERCIAL,WALDORF [NY],"NEW YORK, NY",BOOKLET; ILLUS; COL; 6  X 7.5,OTHER (ANNIV);,COVER ILLUSTRATION OF BENVENUTO CELLINI AND MERCURY SEATED AT A TABLE; DIAMOND AND WATCH; BROWN; GUEST LIST; TOASTS; FRENCH;,1895-025,,,1895-01-29,New York Jewelers Board Of Trade,,,,complete,10,24,1895-01-29,1890
25235,Unknown Menu,NEW ENGLAND SOCIETY IN THE CITY OF NEW YORK,ANNUAL DINNER,SOC,DELMONICO'S [NY],"NEW YORK, NY",CARD;ILL;5X7.5,"OTHER,ANNUAL EVENT","FRENCH,RICHLY ILLUSTRATED WITH EARLY NEW ENGLAND SCENES,SEATING PLAN AND NAMES OF GUESTS ON SEPARATE ITEMS",1885-031,,,1885-12-22,New England Society In The City Of New York,,,,complete,6,28,1885-12-22,1880
25239,Unknown Menu,REAL ESTATE BOARD OF BROKERS,FIFTH ANNUAL DINNER,PROF;,HOTEL MANHATTAN [NY],"NEW YORK, NY",FOLDER; ILLUS; 6 X 4.5;,ANNIVERSARY;,B&W PAINTING OF COLONIAL DRAWING ROOM SCENE;,1901-393,,,1901-02-16,Real Estate Board Of Brokers,,,,complete,4,18,1901-02-16,1900
25240,Unknown Menu,PALESTINE COMMANDERY OF NO.18 KNIGHT TEMPLAR,18TH ANNUAL RECEPTION,POL;,"METROPOLITAN OPERA HOUSE,NY","NEW YORK, NY",FOLDER; ENGRAVED DECORATION;COL. PRINTING;3.25 X 4.5;,ANNUAL,MENU IN FRENCH;CHAMPAGNE PRICES LISED ON BACK;,1896-018,,,1896-01-21,Palestine Commandery Of No.18 Knight Templar,,,,complete,4,32,1896-01-21,1890
25241,Unknown Menu,JOHN DOSCHER RESTAURANT,BILL OF FARE,COMMERCIAL,"NEW YORK, NY","NEW YORK, NY",FOLDER; ILLUS; 8.25X12;,,"SPECIALS OF THE DAY ADDED IN WHAT APPEARS TO BE FIRST TYPEWRITTEN STYLE IN LAVENDAR TYPE; VERY EXTENSIVE PRICED WINE LIST ""A SPECIALTY IN FINE OLD LIQUORS;"" INSERT OF 2 TISSUE-THIN ORIENTAL MOTIF PAPER NAPKINS? PLACE-MATS?-ONE IS INSCRIBED ""A.L. TUSKA, 55",1900-778,,,1900-02-07,John Doscher Restaurant,,Dollars,$,complete,4,312,1900-02-07,1900
25248,Unknown Menu,LIBERAL BROTHERHOOD,BALL,SOC;,METROPOLITAN OPERA HOUSE ASSEMBLY ROOM; NY?,"NEW YORK, NY",CARD; 4 X 6;,OTHER [SOC?];,WINE LIST ONLY;,1890-036,,,1890-02-17,Liberal Brotherhood,,Dollars,$,complete,2,12,1890-02-17,1890
25249,Unknown Menu,COLOMBO HOTEL,BILL OF FARE,COMMERCIAL,"NEW YORK, NY","NEW YORK, NY",FOLDER; 7X11;,,"[DATE INFO SUPPLIED BY FEB]; ""30 CENT TABLE D'HOTE LUNCH & 40 CENT TABLE D'HOTE DINNER - PINT BOTTLE OF CLARET INCLUDED WITH LUNCH & DINNER;"" A LA CARTE MENU IN ITALIAN, REMAINDER OF MENU IN ENGLISH; PRICED WINE LIST ON BACK OF MENU;",1900-777,,,1900-02-06,Colombo Hotel,,Dollars,$,complete,4,289,1900-02-06,1900
25250,Unknown Menu,GEORGE MACDONALD AND WILLIAM C.B. SHANLEY,DINNER GIVEN TO DR. M.F. FOLEY,OTHER (TWO PRIVATE HOSTS);,"DELMONICO'S, [NEW YORK, NY]","NEW YORK, NY",BOOKLET; ILLUS; 8X6;,COMPLIMENTARY/TESTIMONIAL,PHOTOGRAPH OF GUEST OF HONOR ON COVER; DRAWINGS OF GREEK MYTHICAL FIGURES; SILK RIBBON ATTACHMENTS;,1899-635,,,1899-10-21,George Macdonald And William C.B. Shanley,,,,complete,4,16,1899-10-21,1890
25251,Unknown Menu,FIFTH AVENUE HOTEL,BREAKFAST,COMMERCIAL,"MADISON SQUARE, NEW YORK","NEW YORK, NY",CARD; 4.25 X 7;,,PRICED MENU;,1907-048,,,1907-01-09,Fifth Avenue Hotel,,Dollars,$,complete,2,59,1907-01-09,1900
25252,Unknown Menu,(MRS. H. MC K. TWOMBLEY),[DINNER & DANCE FOR DAUGHTER],OTHER (PRIVATE PARTY);,"684 FIFTH AVENUE, NEW YORK, NY","NEW YORK, NY",CARD; 3.25X5.25;,COMPLIMENTARY/TESTIMONIAL,FRENCH; [SPONSOR & EVENT INFO SUPPLIED BY FEB];,1901-113,,,1901-01-18,Mrs. H. Mc K. Twombley,,,,complete,2,13,1901-01-18,1900
25257,Unknown Menu,KALIL'S RESTAURANT,LUNCHEON,COMMERCIAL,"61 CORTLANDT ST.,NY","NEW YORK, NY",BROADSIDE; 5.5X9.75;,SUNDAY LUNCH;,ALL ITEMS PRICED;,1906-309,,,1906-03-17,Kalil's Restaurant,,Dollars,$,complete,2,69,1906-03-17,1900
25271,Unknown Menu,FIFTH AVENUE HOTEL,BREAKFAST MENU,COMMERCIAL,[?NEW YORK CITY?],"NEW YORK, NY",BROADSIDE;5.25. x 9;,,LISTS HOURS FOR CHILDREN & SERVANTS,1881-013,,,1881-01-01,Fifth Avenue Hotel,,,,complete,2,70,1881-01-01,1880
25276,Unknown Menu,(WALDORF-ASTORIA?),"DAILY MENU, DINNER",COMMERCIAL,"[NEW YORK, NY?]","NEW YORK, NY",CARD; 5.25X8.5;,,,1906-049,,,1906-01-14,Waldorf Astoria?,,Dollars,$,complete,2,78,1906-01-14,1900
25288,Unknown Menu,ALBANY SOCIETY OF NYC,ANNUAL DINNER,SOCIAL,"DELMONICO'S,NY","NEW YORK, NY",BOOKLET; ILLUS; COL; 5.5 X 7;,ANNUAL,WINES NOTED;,1898-023,,,1898-01-10,Albany Society Of Nyc,,,,complete,4,25,1898-01-10,1890
25292,Unknown Menu,SIEGEL COOPER CO.,FOUNTAIN LUNCHEON,COMMERCIAL,"NEW YORK, NY","NEW YORK, NY",CARD; 8X7;,,"A LA CARTE MENU (""A DAINTY LUNCHEON WITH REFRESTHING BEVERAGES""); [DATE INFO SUPPLIED BY FEB];",1906-747,,,1906-10-10,Siegel Cooper Co.,,Dollars,$,complete,4,50,1906-10-10,1900
25293,Unknown Menu,FIFTH AVENUE HOTEL,DINNER,COMMERCIAL,"MADISON SQUARE, NEW YORK","NEW YORK, NY",FOLDER; ILLUS; 5.5 X 4.5;,,ILLUSTRATION OF HOTEL;,1907-050,,,1907-01-09,Fifth Avenue Hotel,,,,complete,3,79,1907-01-09,1900
25299,Unknown Menu,ST. REGIS HOTEL,DINNER/DINER,COMMERCIAL,"NEW YORK, NY","NEW YORK, NY",CARD; 5X8;,,FRENCH AND ENGLISH;,1906-330,,,1906-03-22,St. Regis Hotel,,Dollars,$,complete,2,164,1906-03-22,1900
25309,Unknown Menu,CHAMBER OF COMMERCE OF THE STATE OF NEW YORK,ONE HUNDRED AND TWENTY FOURTH ANNUAL BANQUET,SOC;,DELMONICO'S [NEW YORK],"NEW YORK, NY",FOLDER;ILLUS;9X6.25;,,"MENU WRITTEN IN FRENCH, HELD TOGETHER AT THE TOP BY TWO RED RIBBONS,INCLUDES A VIEW OF NEW YORK HARBOR A MEDALLION AND VARIOUS SYMBOLS , ALL OF WHICH IS DESCRIBED IN DETAILS ON OPPOSITE SIDE OF THE MENU , TWO IDENTICAL MENUS;",1892-132,,,1892-11-15,Chamber Of Commerce Of The State Of New York,,,,complete,4,30,1892-11-15,1890
25338,Unknown Menu,THE SILK ASSOCIATION OF AMERICA,ANNUAL DINNER,PROF;,"DELMONICO'S, NEW YORK, NY","NEW YORK, NY",FOL; ILLUS; 5.8;,OTHER (ANNIVERSARY);,"FRENCH; TOASTS INCLUDES ""THE LADIES--IN SILKEN SHEEN--OUR BEST FRIENDS""",1895-096,,,1895-05-22,The Silk Association Of America,,,,complete,4,19,1895-05-22,1890
25340,Unknown Menu,(CITY OF NEW YORK?),COMPLIMENTERY BANQUET TO MR. N.C. GOODWIN,[GOVT?];,"DELMONICO'S, NEW YORK, NY","NEW YORK, NY",BOOKLET; PHOTOGRAPH; 5.5 x 7.5;,COMPLIMENTARY/TESTIMONIAL,"FRENCH; INCLUDES WINES SERVED WITH EACH COURSE; ENGRAVED PHOTO OF N.C. GOODWIN; INCLUDES TOASTS, NAMES OF COMMITTEE AND GUESTS",1886-034,,,1886-09-11,City Of New York?,,,,complete,6,34,1886-09-11,1880
25344,Unknown Menu,PUTNAM HOUSE,LUNCHEON,COMMERCIAL,"NEW YORK, [NY]","NEW YORK, NY",BROADSHEET; 4.5X7.25;,,25 CENT LUNCH; PLUS PRICED ITEMS;,1900-600,,,1900-01-29,Putnam House,,Dollars,$,complete,2,31,1900-01-29,1900
25367,Unknown Menu,M.P.D. SUPERINTENDENT; INSPECTORS; & CAPTAINS OF POLICE,THIRTEENTH ANNUAL DINNER,GOVT;,DELMONICO'S [NY],"NEW YORK, NY",FOLDER; ILLUS; COL; 5 X 7.25;,OTHER (ANNIV),LAVENDAR; BLUE PRINT; GOLD SEAL OF NYC; FRENCH; LIST OF NOTABLES,1894-012,,,1894-01-22,M.P.D. Superintendent; Inspectors; & Captains Of Police,,,,complete,4,20,1894-01-22,1890
25369,Unknown Menu,UNITED BRITAIN SOCIETIES,DINNER TO ADMIRAL PRINCE LOUIS OF BATTENBERG,PATR;,"WALDORF- ASTORIA, NEW YORK","NEW YORK, NY",CARD; 4.25 X 6.25;,COMPLIMENTARY/TESTIMONIAL,WINES AND CHAMPAGNE LISTED WITH EACH COURSE; MENU IN FRENCH; SPONSOR AND EVENT NOTED BY FEB;,1905-808,,,1905-11-09,United Britain Societies,,,,complete,2,30,1905-11-09,1900
25370,Unknown Menu,BURKE'S HOTEL & RESTAURANT,DAILY MENU,COMMERCIAL,527 SIXTH AVE. NY,"NEW YORK, NY",BROADSIDE; 7 X 11;,,ALL PRICES INCLUDED;,1900-105,,,1900-01-10,Burke's Hotel & Restaurant,,Dollars,$,complete,2,91,1900-01-10,1900
25371,Unknown Menu,ST. REGIS HOTEL,"LUNCHEON, DEJEUNER",COMMERCIAL,"(NEW YORK, NY?)","NEW YORK, NY",CARD; 5X8;,,"MENU IN FRENCH ON ONE SIDE, ENGLISH ON THE OTHER; A LA CARTE MENU;",1905-483,,,1905-06-19,St. Regis Hotel,,Dollars,$,complete,2,186,1905-06-19,1900
25375,Unknown Menu,(FIFTH AVENUE HOTEL),DINNER,COMMERCIAL,"(NEW YORK,NY)","NEW YORK, NY",BROADSIDE;5.5X8.5;,DAILY,"HANDWRITTEN NOTE;FIFTH ANE.HOTEL,23.ST.NEW YORK CITY;",1897-096,,,1897-03-18,Fifth Avenue Hotel,,,,complete,2,70,1897-03-18,1890
25380,Unknown Menu,ST. REGIS HOTEL,DINNER/DINER,COMMERCIAL,"NEW YORK, NY","NEW YORK, NY",CARD; 5X8;,,FRENCH AND ENGLISH;,1906-102,,,1906-01-27,Hotel St. Regis,,Dollars,$,complete,2,169,1906-01-27,1900
25385,Unknown Menu,EVERETT HOUSE,DINNER,COMMERCIAL,"UNION SQUARE, NEW YORK, NY","NEW YORK, NY",FOLDER; 7.0X11.0;,,FULLY PRICED BILL OF FARE; HAND WRITTED INSERT; HALF PORTION PRICES QUOTED; PRICED WINE LIST;,1900-131,,,1900-01-10,Everett House,,Dollars,$,complete,4,428,1900-01-10,1900
25386,Unknown Menu,FRIENDLY SONS OF ST.PATRICK,101ST ANNIVERSARY DINNER,SOCIAL,"DELMONICO,[NY]","NEW YORK, NY",THREE CARDS;ILLUS;4.25X6[MENU];4.5X5.25[TOASTS];,ETHNIC HOLIDAY,MENU ON ONE CARD;TOASTS ON 2 CARDS & SEATING PLAN ON PRINTED PAPER;,1885-011,,,1885-03-17,Friendly Sons Of St.Patrick,,,,complete,6,27,1885-03-17,1880
25390,Unknown Menu,NEW YORK PRESS CLUB,"BANQUET DEDICATED TO JOHN A. COCKERILL, PRESIDENT",PROF;,DELMONICO'S,"NEW YORK, NY",FOL; ILLUS; 5 x 7;,COMPLIMENTARY/TESTIMONIAL,"SILK RIBBON ATTACHMENTS; ILLUSTRATIONS OF JOURNALISTIC ACTIVITIES; FRENCH; INCLUDES WINES SERVED WITH INDIVIDUAL COURSES; PROGRAM OF TOASTS, ALSO INCLUDES ""IMITATIONS""; AT CONCLUSION: ""HOME SWEET HOME""",1888-019,,,1888-02-16,New York Press Club,,,,complete,4,33,1888-02-16,1880
25394,Unknown Menu,FIFTH AVENUE HOTEL,BREAKFAST,COMMERCIAL,"MADISON SQUARE, NY","NEW YORK, NY",FOLDER; ILLUS; COL; 5.5 X 4.25;,,DRAWING OF HOTEL IN 1852; GRAY;,1900-081,,,1900-01-09,Fifth Avenue Hotel,,Dollars,$,complete,3,106,1900-01-09,1900
25398,Unknown Menu,NETHERLAND HOTEL,LUNCHEON,COMMERCIAL,"NEW YORK, NY","NEW YORK, NY",BROADSIDE; ILLUS; COL; 5.25X8.5;,OTHER (DAILY MENU);,HOTEL SEAL AT TOP OF MENU;,1900-158,,,1900-01-11,Netherland Hotel,,Dollars,$,complete,2,112,1900-01-11,1900
25400,Unknown Menu,MANUFACTURING FURRIERS'ASSOCIATION OF THE US,8TH ANNUAL BANQUET,PROF;,DELMONICO'S[NY],"NEW YORK, NY",FOLDER;4.5X6.5;,ANNUAl DINNER,"MENU IN FRENCH;TOASTS LISTED;LIST OF HONORED GUESTS,DINNER & RECEPTION COMMITTEES;",1894-045,,,1894-04-28,Manufacturing Furriers'association Of The Us,,,,complete,4,18,1894-04-28,1890
25401,Unknown Menu,ST. REGIS HOTEL,DINNER/DINER,COMMERCIAL,"NEW YORK, NY","NEW YORK, NY",CARD; 5X8;,,FRENCH AND ENGLISH A LA CARTE MENU;,1905-786,,,1905-10-24,St. Regis Hotel,,Dollars,$,complete,2,177,1905-10-24,1900
25402,Unknown Menu,AZTEC CLUB,DINNER,SOC;,SHERRY'S [NY],"NEW YORK, NY",BROADSIDE; ILLUS; COL; 4 X 5.75;,ANNIVERSARY;,FLAGS AND INDIAN HEAD; BLUE PRINT; WINES;,1898-290,,,1898-10-13,Aztec Club,,,,complete,2,24,1898-10-13,1890
25403,Unknown Menu,THE ANSONIA,DINNER,COMMERCIAL,"BROADWAY AND 73RD STREET, NEW YORK","NEW YORK, NY",CARD; 5.25 X 8.75;,,PRICED MENU; LOGO;,1907-078,,,1907-01-13,The Ansonia,,Dollars,$,complete,2,97,1907-01-13,1900
25404,Unknown Menu,ST. REGIS HOTEL,DINNER/DINER,COMMERCIAL,"NEW YORK, NY","NEW YORK, NY",CARD; 5X8;,,FRENCH AND ENGLISH;,1906-287,,,1906-03-09,St. Regis Hotel,,Dollars,$,complete,2,163,1906-03-09,1900
25410,Unknown Menu,UNITED STATES HOTEL,BILL OF FARE,COMMERCIAL,"NEW YORK, NY","NEW YORK, NY",BROADSHEET; 7.25X14;,OTHER (DAILY MENU);,INCLUDES PRICED WINE LIST;,1900-161,,,1900-01-11,United States Hotel,,Dollars,$,complete,4,230,1900-01-11,1900
25416,Unknown Menu,FLATIRON RESAURANT AND CAFE,DINNER,COMMERCIAL,"BROADWAY AND 23RD STREET, NY","NEW YORK, NY",CARD; 7 X 11.75;,,PRICED MENU;,1907-060,,,1906-01-09,Flatiron Resaurant And Cafe,,Dollars,$,complete,2,50,1906-01-09,1900
25419,Unknown Menu,FRIENDS OF INSPECTOR WM. W. MCLAUGHLIN,COMPLIMENTARY DINNER,PROF;,"LAWYERS CLUB, NEW YORK","NEW YORK, NY",CARD; 5 X 8;,COMPLIMENTARY/TESTIMONIAL,WINES;,1897-172,,,1897-05-15,Friends Of Inspector Wm. W. Mclaughlin,,,,complete,2,20,1897-05-15,1890
25429,Unknown Menu,THE CONFEDERATE VETERAN CAMP OF NY,6TH ANNUAL BANQUET,MIL;,ST.DENIS HOTEL[NY],"NEW YORK, NY",BOOKLET;ILLUS; COL;6 X 7;,ANNUAL DINNER,MENU IN FRENCH;COMMITTEE MEMBERS NAMED;ALL SPEAKERS LISTED;OFFICERS NAMED;WORDS FOR SONGS 1&2 INCLUDED;,1896-015,,,1896-01-18,The Confederate Veteran Camp Of Ny,,,,complete,12,20,1896-01-18,1890
25435,Unknown Menu,CHILDS',DAILY LUNCH MENU,COMMERCIAL,"602 SIXTH AVENUE, NEW YORK","NEW YORK, NY",FOLDER; 6X10;,,PRICED MENU; BRANCHES LISTED;,1907-559,,,1907-06-01,Childs',,Dollars,$,complete,4,147,1907-06-01,1900
25438,Unknown Menu,THE ANNEX,DAILY MENU,COMMERCIAL,"114 WEST FOURTEENTH STREET, NEW YORK","NEW YORK, NY",FOLDER; 6.25 X 9.5;,,PRICED MENU; MENU HANDWRITTEN;,1906-423,,,1906-04-30,The Annex,,Dollars,$,complete,4,71,1906-04-30,1900
25442,Unknown Menu,THE REFORM CLUB,DINNER IN AID OF THE REFORM OF THE TARIFF,SOC,METROPOLITAN OPERA HOUSE,"NEW YORK, NY",CARD;5.25X7.5,,,1888-056,,,1888-06-16,The Reform Club,,,,complete,1,25,1888-06-16,1880
25451,Unknown Menu,GENERAL SOCIETY OF MECHANICS AND TRADESMEN OF THE CITY OF NEW YORK,FOUNDERS' DAY BANQUET IN HONOR OF MR. ND MRS. ANDREW CARNEGIE,PROF;,"DELMONICO'S, NEW YORK, NY","NEW YORK, NY",BOOKLET; ILLUS; COL; 7X9;,COMPLIMENTARY/TESTIMONIAL,"GUEST LIST INCLUDED; OFFICERS AND EXECUTIVE COMMITTEE LISTED; HISTORY OF MECHANICS INSTITUTE INCLUDED; PHOTOGRAPH OF OF INSTITUTE INCLUDED, ALSO REPLICA OF SOCIETY MEMBERSHIP CERTIFICATE; SOCIETY INSIGNIA ON COVER; THREAD ATTACHMENT;",1905-874,,,1905-11-18,General Society Of Mechanics And Tradesmen Of The City Of New York,,,,complete,16,20,1905-11-18,1900
25452,Unknown Menu,HOTEL ASSOCIATION OF NEW YORK CITY,GRAND HOTEL MEN'S BANQUET,COMMERCIAL,DELMONICO'S NY,"NEW YORK, NY",CARD; 3.25 X 5;,OTHER [SOC?];,FRENCH; WINES;,1892-010,,,1892-01-14,Hotel Association Of New York City,,,,complete,2,35,1892-01-14,1890
25456,Unknown Menu,BERKSHIRE SOCIETY OF NEW YORK,11TH ANNUAL DINNER,SOC;,"WINDSOR HOTEL, NEW YORK, NY","NEW YORK, NY",FOLDER; ILLUS; COL; 5X7.25;,ANNIVERSARY;,PROGRAM INCLUDES TOASTS & MUSIC; FLORAL DRAWING ON COVER;,1898-081,,,1898-02-11,Berkshire Society Of New York,,,,complete,4,21,1898-02-11,1890
25468,Unknown Menu,FRAUNCES' TAVERN,LUNCHEON,COMMERCIAL,[NEW YORK CITY],"NEW YORK, NY",CARD; 6.5 X 10.25;,,PRICED MENU AND WINE LIST;,1907-881,,,1907-10-15,Fraunces' Tavern,,Dollars,$,complete,2,196,1907-10-15,1900
25472,Unknown Menu,FIRST PANEL SHERIFF'S JURY,ANNUAL DINNER,GOVT;,DELMONICO'S NY,"NEW YORK, NY",BOOKLET; ILLUS; 6 X 9;,OTHER  [COMMEMORTIVE?],OLD TIME SHERRIF [ENGLISH?] ON WATCH; NY SEAL AND RIBBON; TIED WITH BLUE RIBBONS; MEMBERS LISTED;,1892-009,,,1892-01-12,First Panel Sheriff's Jury,,,,complete,6,28,1892-01-12,1890
25484,Unknown Menu,CAFETERIA LUNCH,BILL OF FARE,COMMERCIAL,"NEW YORK, NY","NEW YORK, NY",FOLDER; ILLUS; 6X9.5;,OTHER (DAILY MENU);,SPECIALS WRITTEN IN FADED LAVENDAR INK; ILLUSTRATION OF MOOSE ON BACK COVER;,1900-540,,,1900-01-01,Cafeteria Lunch,,Dollars,$,complete,4,71,1900-01-01,1900
25485,Unknown Menu,G.H.COOK,DINNER TO STICK TOGETHR CLUB,SOC;,LINCOLN CLUB (NEW YORK?),"NEW YORK, NY",BOOKLET; 5 X 7;,COMPLIMENTARY/TESTIMONIAL,WINES WITH EACH COURSE;,1906-119,,,1906-02-03,G.H.Cook,,,,complete,8,27,1906-02-03,1900
25489,Unknown Menu,ST. REGIS HOTEL,LUNCHEON/DEJEUNER FOURCHETTE,COMMERCIAL,"NEW YORK, NY","NEW YORK, NY",CARD; 5X8;,,FRENCH AND ENGLISH;,1906-190,,,1906-02-18,St. Regis Hotel,,Dollars,$,complete,2,197,1906-02-18,1900
25490,Unknown Menu,NY ALUMNI ASSOCIATION OF COLGATE UNIVERSITY,ANNUAL DINNER,EDUC;,MANHATTAN HOTEL NY,"NEW YORK, NY",BROADSIDE; ILLUS; COL; 3.5 X 7;,ANNUAL,,1899-193,,,1899-02-20,Ny Alumni Association Of Colgate University,,,,complete,2,19,1899-02-20,1890
25491,Unknown Menu,CHAMBER OF COMMERCE (NEW YORK CITY?),BREAKFAST(?) ADMIRAL JOHN GRIMES WALKER AND THE WHITE SQUADRON,GOVT;,"LAWYER'S CLUB, NEW YORK CITY","NEW YORK, NY",CARD; 5 X 7.25;,COMPLIMENTARY/TESTIMONIAL,FRENCH; OCCASION HANDWITTEN ON BACK;,1891-081,,,1891-08-05,Chamber Of Commerce (New York City?),,,,complete,2,24,1891-08-05,1890
25494,Unknown Menu,NEW YORKER STAATS-ZEITUNG,"DINNER TO HIS EXCELLENCY CHARLEMAGNE TOWER, AMBASSADOR EXTRAORDINARY AND PLENIPOTENTIARY",PROF;,"MANHATTAN CLUB, NEW YORK, NY","NEW YORK, NY",FOLDER; ILLUS; COL; 4X5.6;,COMPLIMENTARY/TESTIMONIAL,WINE LIST INCLUDED; MUSIC PROGRAMME; ADDRESSES LISTED; PHOTOGRAPH OF MR. TOWER INCLUDED; AMERICAN AND GERMAN FLAGS ON COVER; CORD ATTACHMENT;,1907-359,,,1907-04-08,New Yorker Staats Zeitung,,,,complete,12,31,1907-04-08,1900
25498,Unknown Menu,PIONEER RESTAURANT,BILL OF FARE,COMMERCIAL,"NEW YORK, NY","NEW YORK, NY",BROADSHEET; 5.5X8.75;,OTHER (DAILY MENU);,"""REGULAR DINNER, FROM 11 TO 2, 25 CENTS; COFFEE UNSURPASSED 5 CENTS; COMMUTATION TICKETS, $3.50 FOR $3.00; QUICK LUNCH PUT UP FOR TRAVELERS;""",1900-164,,,1900-01-11,Pioneer Restaurant,,Dollars,$,complete,2,75,1900-01-11,1900
25501,Unknown Menu,BROADWAY CENTRAL HOTEL,LUNCHEON,COMMERCIAL,"NEW YORK, NY","NEW YORK, NY",BROADSIDE; ILLUS; COL; 5.6X8.25;,,TABLE D'HOTE MENU; HOTEL SEAL AT TOP OF MENU;,1907-914,,,1907-10-26,Broadway Central Hotel,,,,complete,2,45,1907-10-26,1900
25508,Unknown Menu,ST. REGIS HOTEL,LUNCHEON/DEJEUNER FOURCHETTE,COMMERCIAL,"NEW YORK, NY","NEW YORK, NY",CARD; 5X8;,,FRENCH AND ENGLISH;,1906-195,,,1906-02-19,St. Regis Hotel,,Dollars,$,complete,2,198,1906-02-19,1900
25516,Unknown Menu,CHAMBER OF COMMERCE OF STATE OF NEW YORK,120 ANNUAL BANQUET,GOVT;,DELMONICO'S,"NEW YORK, NY",BOOKLET; ILLUS; 5.50  x 7.75;,OTHER {ANNUAL MEETING};,SEPARATE ENGRAVED INVITATION INCLUDED; SILK RIBBON ATTACHMENTS ON MENU; ENGRAVINGS OF SEALS & MYTHICAL FIGURES ON COVER; FRENCH; 2ND COPY OF MENU,1888-076,,,1888-11-20,Chamber Of Commerce Of State Of New York,,,,complete,6,24,1888-11-20,1880
25517,Unknown Menu,CHAMBER OF COMMERCE (NY?),DINNER,GOVT;,DELMONICO'S [NY],"NEW YORK, NY",CARD; 6.5 X 7.5;,,FRENCH; WINES;,1897-165,,,1897-05-06,Chamber Of Commerce (Ny?),,,,complete,2,26,1897-05-06,1890
25519,Unknown Menu,EDWARD F. LANG'S LADIES' AND GENT'S LUNCH ROOM AND RESTAURANT,BREAKFAST AND SUPPER,COMMERCIAL,"139 EIGHTH STREET BET. BROADWAY AND 4TH AVE., NEW YORK [NY];","NEW YORK, NY",FOLDER; 6.75X10.5,,"NOTE ON FRONT: ""OBSERVE THE PURENESS OF THE WATER YOU DRINK HERE COMPARED WITH THAT IN GENERAL USE.""",1900-469,,,1900-01-23,Edward F. Lang's Ladies' And Gent's Lunch Room And Restaurant,,,,complete,4,246,1900-01-23,1900
25520,Unknown Menu,PLAN AND SCOPE COMMITTEE OF THE DEWEY CELEBRATION,DINNER FOR CHAIRMEN HON.RANDOLPH GUGGENHEIMER AND GENERAL DANIEL BUTTERFIELD,PATR;,"DELMONICOS,[NEW YORK]","NEW YORK, NY",FOLDER;5X7;,COMPLIMENTARY/TESTIMONIAL,FRENCH MENU;WINES SERVED;NAMES;,1899-733,,,1899-11-18,Plan And Scope Committee Of The Dewey Celebration,,,,complete,4,24,1899-11-18,1890
25523,Unknown Menu,FRAUNCES' TAVERN,DINNER,COMMERCIAL,[NEW YORK CITY],"NEW YORK, NY",FOLDER; ILLUS;7 X 9.25;,,PRICED MENU AND WINE LIST; ILLUSTRATION AND HISTORY OF BUILDING;,1907-882,,,1907-10-15,Fraunces' Tavern,,Dollars,$,complete,4,322,1907-10-15,1900
25528,Unknown Menu,FRATERNAL UNION OF ANNIONTED HIGH PRIESTS OF NEW YORK STATE,50TH ANNUAL BANQUET,SOC;,"VENDOME HOTEL,NY","NEW YORK, NY",BOOKLET; ILLUS; COL; 4.75X6;,ANNUAL;,"WINES LISTED; SPEAKERS, OFFICERS & PAST PRESIDENTS ALL LISTED;",1905-324,,,1905-04-28,Fraternal Union Of Anointed High Priests Of The State Of New York,,,,complete,8,20,1905-04-28,1900
25529,Unknown Menu,THE WALDORF,DINNER,COMMERCIAL,[NYC],"NEW YORK, NY",CARD; 6 X 8.5;,,"PRICED MENU; FRENCH ON ONE SIDE, ENGLISH ON THE OTHER;",1896-090,,,1896-04-23,The Waldorf,,Dollars,$,complete,2,307,1896-04-23,1890
25530,Unknown Menu,THE ANNEX,DAILY MENU,COMMERCIAL,"114 WEST FOURTEENTH STREET, NEW YORK","NEW YORK, NY",FOLDER; 6.25 X 9.5;,,PRICED MENU; MENU HANDWRITTEN;,1906-412,,,1906-04-26,The Annex,,Dollars,$,complete,4,72,1906-04-26,1900
25533,Unknown Menu,FIFTH AVENUE HOTEL,DINNER,,MADISON SQUARE NEW YORK CITY NY,"NEW YORK, NY",FOLDER; ILLUS; 6 X 9;,,ILLUS OF HOTEL; WINE LIST,1881-031,,,1881-08-26,Fifth Avenue Hotel,,Dollars,$,complete,4,185,1881-08-26,1880
25536,Unknown Menu,HOTEL MAJESTIC,DINNER,COMMERCIAL,"NEW YORK, [NY]","NEW YORK, NY",BROADSIDE; 6.0X11.0;,,A LA CARTE PRICED MENU,1900-587,,,1900-01-29,Hotel Majestic,,Dollars,$,complete,2,173,1900-01-29,1900
25546,Unknown Menu,NEW YORK SOUTHEN SOCIETY,NINTH ANNUAL DINNER,SOC;,SHERRY'S [NY],"NEW YORK, NY",CARD BOOKLET; ILLUS; 6.5 X 9.25;,OTHER (ANNIV),"PORTRAIT OF WASHINGTON; TOASTS; RED, WHITE, BLUE RIBBONS; FRENCH;",1895-040,,,1895-02-22,New York Southen Society,,,,complete,14,22,1895-02-22,1890
25553,Unknown Menu,NEW YORK SOCIETY OF THE CINCINNATI,167TH ANNIVERSARY OF THE BIRTH OF GEN'L. GOERGE WASHINGTON,PAT;,"SHERRY'S, NEW YORK, NY","NEW YORK, NY",BOOKLET; ILLUS; COL; 8X10;,PAT;,"INCLUDES WINES SERVED WITH INDIVIDUAL COURSES; LISTS OFFICERS, STANDING COMMITTEE & DELEGATES & ALTERNATES TO GENERAL SOCIETY; BERIBBONED MEDAL SKETCHED ON COVER;",1901-468,,,1901-02-22,New York Society Of The Cincinnati,,,,complete,10,21,1901-02-22,1900
25554,Unknown Menu,CAFETERIA LUNCH,DAILY MENU,COMMERCIAL,"57 BROAD STREET, NY","NEW YORK, NY",FOLDER; ILLUS; 6 X 9.75;,,PRICED MENU PARTIALLY HANDWRITTEN;LITHOGRAPH OF MOOSE ON BACK COVER;,1900-426,,,1900-01-22,Cafeteria Lunch,,Dollars,$,complete,4,114,1900-01-22,1900
25558,Unknown Menu,MEDICAL CLUBS,THIRD ANNUAL UNION DINNER,PROF;,"HOTEL MANHATTAN, MADISON AVENUE AND 42ND ST. NYC, NY","NEW YORK, NY",FOLDER; 4.75 X 7;,ANNIVERSARY;,MEETING OF SEVERAL CLUBS; TOASTS;,1899-695,,,1899-11-10,Medical Clubs,,,,complete,4,12,1899-11-10,1890
25570,Unknown Menu,MME.FANNIE BERLINER,DINNER,COM,"NEW YORK, [NY]","NEW YORK, NY",BROADSIDE; 6X9,DAILY,PRICE INCLUDES WINE; ITEMS HANDWRITTEN,1892-089,,,1892-06-30,Mme.Fannie Berliner,,,,complete,2,16,1892-06-30,1890
25584,Unknown Menu,HOTEL MARIE ANTOINETTE,BREAKFAST,COMMERCIAL,"SIXTY SIXTH STREET & BROADWAY, NEW YORK,[NY]","NEW YORK, NY",CARD; 7.0X9.5;,,PRICED MENU;,1900-605,,,1900-01-29,Hotel Marie Antoinette,,Dollars,$,complete,2,164,1900-01-29,1900
25594,Unknown Menu,NATIONAL HORSE SHOW ASSOCIATION OF AMERICA,COMPLIMENTARY LUNCHEON,PROF;,"MADISON SQUARE GARDEN, NEW YORK CITY","NEW YORK, NY",FOLDER; 3.25X5.5;,ANNIVERSARY;,,1907-985,,,1907-11-17,National Horse Show Association Of America,,,,complete,4,16,1907-11-17,1900
25599,Unknown Menu,METROPOLITAN MEMBERS OF THE PHI DELTA THETA FRATERNITY,INFORMAL DINNER,SOC;,"ST.DENIS HOTEL,B'WAY & 10TH ST. NY","NEW YORK, NY",BOOKLET;ILLUS; 3.5 X 6;,ANNUAL,OFFICERS & SPEAKERS LISTED;,1899-420,,,1899-05-11,Metropolitan Members Of The Phi Delta Theta Fraternity,,,,complete,8,21,1899-05-11,1890
25603,Unknown Menu,ST. REGIS HOTEL,DINER/DINNER,COMMERCIAL,"NEW YORK, NY","NEW YORK, NY",CARD; 5X8;,,MENU IN FRENCH AND ENGLISH;,1905-503,,,1905-06-22,St. Regis Hotel,,Dollars,$,complete,2,153,1905-06-22,1900
25616,Unknown Menu,FIFTH AVENUE HOTEL,DAILY CAFE MENU,COMMERCIAL,"MADISON SQUARE, NEW YORK","NEW YORK, NY",FOLDER; COL;5.25 X 9.75;,,PRICED MENU; PINK STOCK;,1907-053,,,1907-01-09,Fifth Avenue Hotel,,Dollars,$,complete,4,250,1907-01-09,1900
25623,Unknown Menu,SOCIETY OF COLONIAL WARS IN THE STATE OF NEW YORK,SEVENTH ANNUAL DINNER,PATR;,"DELMONICO'S,[NEW YORK]","NEW YORK, NY",BOOKLET;ILL;COL;5.75X7.5;,ANNIVERSARY;(IN HONOR OF THOSE SERVED IN THE SPANISH AMERICAN WAR),"3 COPIES,ONE NOT COMPLETE;SEATING PLAN ATTACHED TO COPY 1;",1899-133,,,1899-01-16,Society Of Colonial Wars In The State Of New York,,,,complete,6,20,1899-01-16,1890
25629,Unknown Menu,THEATRICAL PROTECTIVE UNION,20TH ANNUAL BANQUET,PROF;,"GRAND CENTRAL PALACE, NYC;","NEW YORK, NY",BOOKLET; ILLUS;COL;5.25X10.5;,ANNIVERSARYERSARY,"OFFICERS,COMMITTEE MEMBERS & GUESTS ALL LISTED;",1906-429,,,1906-04-29,Theatrical Protective Union,,,,complete,4,14,1906-04-29,1900
25631,Unknown Menu,NORTHPORT YACHT CLUB,ANNUAL DINNER,SOC;,"MANHATTAN HOTEL, NEW YORK, NY","NEW YORK, NY",CARD; ILLUS; COL; 3.5X7;,ANNIVERSARY;,DECORATIVE BORDER;,1901-363,,,1901-02-14,Northport Yacht Club,,,,complete,2,18,1901-02-14,1900
25633,Unknown Menu,MILLS HOTEL RESTAURANT,BILL OF FARE,COMMERCIAL,"NEW YORK, NY","NEW YORK, NY",BROADSHEET; 3.75X6;,,"""REGULAR DINNER 15 CENTS - 21 MEAL TICKETS FOR $3.00 - REGULAR BREAKFAST 15CENTS, SPECIAL BREAKFAST 10 CENTS;""",1900-776,,,1900-02-06,Mills Hotel Restaurant,,,,complete,2,53,1900-02-06,1900
25642,Unknown Menu,CORNELL UNIVERSITY ALUMNI,NINETEENTH ANNUAL DINNER,EDUC;,WALDORF-ASTORIA HOTEL,"NEW YORK, NY",FOLDER; ILLUS; COL; 4.5 X 6.5;,ANNIVERSARY;,FRENCH; RED PRINT; TOASTS; PORTRAIT;,1899-173,,,1899-02-10,Cornell University Alumni,,,,complete,4,18,1899-02-10,1890
25651,Unknown Menu,HOFFMAN CAFES,MENU NEW YEAR 1892,COMMERCIAL,"HOFFMAN CAFES, NEW YORK, NY","NEW YORK, NY",FOLDER; ILLUS; COL; 4 X 7;,SECULAR HOLIDAY;,FRENCH; ELABORATE WINE LIST; ILLUSTRATIONS OF CRUSTACEANS; COMPLIMENTS OF THE SEASON BY LISTED PURVEYORS TO HOFFMAN CAFES;,1892-003,,,1892-01-01,Hoffman Cafes,,,,complete,4,33,1892-01-01,1890
25671,Unknown Menu,JULIUS G. HARTMANN,COLLATION ON NEW YEAR'S EVE TO HIS PATRONS,OTHER (PRIVATE PARTY);,"WASHINGTON BUILDING, NEW YORK, NY","NEW YORK, NY",FOLDER; 5 X 7.25;,SECULAR HOLIDAY;,INCLUDES PIECES MONTES;,1892-002,,,1891-01-01,Julius G. Hartmann,,,,complete,4,28,1891-01-01,1890
25672,Unknown Menu,Louis Sherry,Dinner,COMMERCIAL,"[New York, NY]","NEW YORK, NY",CARD; 3.75X6.5;,,FRENCH MENU; LS LOGO;,1900-734,,,1900-02-04,Louis Sherry,,,,complete,2,14,1900-02-04,1900
25680,Unknown Menu,DELMONICO'S,BREAKFAST; LUNCH; DINNER,,DELMONICO'S,"NEW YORK, NY",BOOKLET; 5.75 X 9.25;,,"BREAKFAST, LUNCH, DINNER PRICED MENUS, SOME FROM DELMONICO'S; FOR MONTH OF OCTOBER; INTENDED AS A COOKBOOK?",1896-175,,,1896-10-07,Delmonico's,,Dollars,$,complete,2,7,1896-10-07,1890
25687,Unknown Menu,FIFTH AVENUE HOTEL;,BREAKFAST,COMMERCIAL,"[NEW YORK, NY];","NEW YORK, NY",FOLDER; 5.5X9.0;,,PRICED A LA CARTE CAFE MENU; DATE HAND WRITTEN;,1900-414,,,1900-01-19,Fifth Avenue Hotel,,Dollars,$,complete,4,215,1900-01-19,1900
25689,Unknown Menu,HUGUENOT SOCIETY OF AMERICA,DINNER,SOC;,"DELMONICO'S,NEW YORK,NY","NEW YORK, NY",BOOKLET;ILL;4.75X6.25;,,"WINES SERVED,OFFICERS LISTED,TOASTS,CHANSON OF 1546 IN FRENCH;",1897-145,,,1897-04-28,Huguenot Society Of America,,,,complete,8,25,1897-04-28,1890
25692,Unknown Menu,THE NEW ENGLAND SOCIETY IN THE CITY OF NEW YORK,ANNUAL DINNER,PAT;,"SHERRY'S, NEW YORK, NY","NEW YORK, NY",BOOKLET; ILLUS; COL; 7.75X5;,ANNIVERSARY;,"INCLUDES EXTENSIVE WINE & CHAMPAGNE LIST; ILLUSTRATIONS OF SEALS AND HISTORICAL SCENES ON FRONT & BACK COVERS; INCLUDES PROGRAM OF REGULAR TOASTS, ALSO NAMES OF OFFICERS & DIRECTORS",1893-137,,,1893-12-22,The New England Society In The City Of New York,,,,complete,14,25,1893-12-22,1890
25695,Unknown Menu,FRAUNCES' TAVERN,LUNCHEON MENU,COMMERCIAL,"NEW YORK, NY","NEW YORK, NY",CARD; COL; 6.25X9.75;,,"A LA CARTE MENU, [MAIN RESTAURANT]; INCLUDES PRICED WINELIST;",1907-661,,,1907-07-09,Fraunces' Tavern,,Dollars,$,complete,2,196,1907-07-09,1900
25705,Unknown Menu,HOTEL SAVOY,EASTER SUNDAY DINNER,COMMERCIAL,"NEW YORK, NY","NEW YORK, NY",BROADSIDE; ILLUS; COL; 6X8;,RELIGIOUS HOLIDAY,"ONE OF MANY, MANY DESERTS: ""BASKETS OF FRESH MUSHROOMS;""",1899-287,,,1899-04-02,Hotel Savoy,,,,complete,2,66,1899-04-02,1890
25717,Unknown Menu,CITIZENS OF NEW YORK,DINNER FOR THE HON. S. W. DORSEY,POL;,DELMONICO'S,"NEW YORK, NY",BOOKLET; ILLUS; 4.5 x 6.5;,COMPLIMENTARY/TESTIMONIAL,"BOOKLET COVERED IN SILK; GOLD EAGLE ON COVER; HANDPAINTED FLOWER ON BACK; FRENCH, WINES WITH EACH COURSE; INCLUDES COMMITTEE LIST AND GUEST LIST",1881-010,,,1881-02-11,Citizens Of New York,,,,complete,13,36,1881-02-11,1880
25718,Unknown Menu,THE ANNEX,DAILY MENU,COMMERCIAL,"114 WEST FOURTEENTH STREET, [NEW YORK]","NEW YORK, NY",FOLDER; 6.25 X 9.5;,,"PRICED MENU, TABLE D'HOTE DINNER;",1906-897,,,1906-12-03,The Annex,,Dollars,$,complete,4,72,1906-12-03,1900
25723,Unknown Menu,NEW-YORK LIFE IN GREATER NEW YORK,CONVENTION,COMMERCIAL,DELMONICO'S [NY],"NEW YORK, NY",FOLDER; COL; 4.5 X 6.75;,OTHER (SOC);,BLUE; DECORATIVE LETTERING; CREST;,1897-374,,,1897-12-30,New York Life In Greater New York,,,,complete,4,21,1897-12-30,1890
25725,Unknown Menu,HOTEL KNICKERBOCKER,"DAILY MENU,DINNER",COMMERCIAL,NEW YORK CITY,"NEW YORK, NY",FOLDER; ILLUS; COL; 8.25X11.25;,,PRICED MENU; FRONT LAVISHLY ILLUSTRATED WITH COLONIAL-ERA COUPLE DINING;,1907-092,,,1907-01-16,Hotel Knickerbocker,,Dollars,$,complete,4,176,1907-01-16,1900
25726,Unknown Menu,BROADWAY CENTRAL HOTEL,DINNER;,COMMERCIAL,"NOS. 667 TO 677 [BROADWAY], OPPOSITE BOND STREET, MIDWAY BETWEEN BATTERY AND CENTRAL PARK, NEW YORK [NY];","NEW YORK, NY",FOLDER; ILLUS; 5.5X9.0;,,"PICTURE OF HOTEL ON COVER; PAGE 2 ""OBJECTS OF INTEREST IN AND ABOUT NEW YORK""; PAGE 3 ""BIRD'S-EYE MAP OF NEW YORK SHOWING ALL STEAMER DOCKS, FERRIES, ELEVATED AND CABLE ROADS, AND ALL CROSS TOWN ROADS.""",1900-421,,,1900-01-19,Broadway Central Hotel,,,,complete,4,62,1900-01-19,1900
25730,Unknown Menu,SHANLEY'S,"DAILY MENU, LUNCHEON",COMMERCIAL,"NEW YORK, NY","NEW YORK, NY",CARD; ILLUS; COL; 5.6X11;,,A LA CARTE MENU; RESTAURANT LOGO AT TOP OF MENU;,1905-472,,,1905-06-15,Shanley's,,Dollars,$,complete,2,153,1905-06-15,1900
25732,Unknown Menu,AMERICAN-IRISH HISTORICAL SOCIETY,DINNER,SOC;,"SHERRY'S, NY","NEW YORK, NY",BROADSIDE; ILLUS; COL; 4.75 X 7.5;,[ANNUAL],MENU IN FRENCH;,1900-385,,,1900-01-18,American Irish Historical Society,,,,complete,2,17,1900-01-18,1900
25746,Unknown Menu,EVERETT HOUSE,DAILY DINNER,COMMERCIAL,"UNION SQUARE, NY","NEW YORK, NY",FOLDER'ILLUS BORDER;6.75X9.75;,,INCLUDES WINE LIST;,1884-026,,,1884-06-08,Everett House,,Dollars,$,complete,4,356,1884-06-08,1880
25749,Unknown Menu,MARINE SOCIETY OF NEW YORK,ANNIVERSARY,PROF;,"NEW YORK, NY","NEW YORK, NY",BROADSHEET; COL; 3 x 9.25; ILLUS;,COMPLIMENTARY/TESTIMONIAL,FRENCH; ILLUSTRATED WITH GOLD SEAL AND BORDER,1884-032,,,1884-01-14,Marine Society Of New York,,,,complete,4,23,1884-01-14,1880
25755,Unknown Menu,NEW YORK PRESS CLUB,33RD ANNUAL DINNER,PROF;,"WALDORF-ASTORIA,NY","NEW YORK, NY",FOLDER; ILLUS; 8.5X11;,ANNUAL;,MENU IN FRENCH;WINES FOR EACH COURSE;SEVERAL SKETCHES WITH MENU; COMMITEE MEMBERS ALL LISTED;,1906-245,,,1906-02-26,New York Press Club,,,,complete,3,27,1906-02-26,1900
25765,Unknown Menu,IRVING CLUB,FIFTH ANNUAL DINNER,SOC;,"DELMONICO'S, NY","NEW YORK, NY",CARD; ILLUS; 4.25X7;,(SOCIAL),BLACK AND WHITE DRAWINGS [WASHINGTON IRVING'S HOUSE?]; FRENCH;,1888-031,,,1888-04-03,Irving Club,,,,complete,1,23,1888-04-03,1880
25766,Unknown Menu,DENNETT'S,BILL OF FARE,COMMERCIAL,"25 PARK ROW, NEW YORK, NY","NEW YORK, NY",BROADSIDE; ILLUS; 5X9.25;,OTHER (DAILY MENU FOR RESTAURANT CHAIN);,"ILLUSTRATION OF COFFEE CUP; RESTAURANT CHAIN IN NY, MD, MA; PA;",1896-147,,,1901-01-01,Dennett's,,Dollars,$,complete,2,106,1901-01-01,1900
25776,Unknown Menu,HOTEL ST. REGIS,"DAILY MENU, DINNER",COMMERCIAL,"NEW YORK, NY","NEW YORK, NY",CARD; 5X8;,,MENU PRINTED IN ENGLISH AND IN FRENCH;,1905-466,,,1905-06-15,Hotel St. Regis,,Dollars,$,complete,2,157,1905-06-15,1900
25777,Unknown Menu,LA  CLEMENTE AMITIE COSMOPOLITE 410 F.& A.M.,50TH ANNIVERSARY DINNER,SOC;,"UNION SQUARE,NY;","NEW YORK, NY",BROADSIDE; ILLUS;3.5X6;,ANNIVERSARY;,WINES INCLUDED;,1907-976,,,1907-11-17,La  Clemente Amitie Cosmopolite 410 F.& A.M.,,,,complete,2,21,1907-11-17,1900
25785,Unknown Menu,US MILITARY ACADEMY,GRADUATION SUPPER,MIL;,"MURRAY HILL HOTEL,NY","NEW YORK, NY",FOLDER;ILLUS;COL;3X6;,GRADUATION;,WINES LISTED;,1906-518,,,1906-06-12,Us Military Academy,,,,complete,8,18,1906-06-12,1900
25798,Unknown Menu,UNIVERSITY OF THE CITY OF NEW YORK,ANNUAL DINNER OF ASSOCIATION OF ALUMNI,EDUC;,DELMONICO'S,"NEW YORK, NY",FOL; 6.5 x 9.5;,OTHER (ALUMNI REUNION);,"DETACHED LARGE CARDBOARDS; FRENCH; INCLUDES PRICED WINE LIST; PROGRAM INCLUDES TOASTS, MUSIC BY UNIVERSITY QUARTETTE, SHORT TALKS; LIST OF ALUMNI ASSOCIATION OFFICERS",1888-011,,,1888-01-25,University Of The City Of New York,,Dollars,$,complete,5,52,1888-01-25,1880
25801,Unknown Menu,TEMPLE CLUB (FOURTH MASONIC DISTRICT),ANNUAL DINNER,SOC;,HOTEL MANHATTAN [NY],"NEW YORK, NY",FOLDER; ILLUS; COL; 6 X 45;,ANNIVERSARY;,WINES WITH EACH COURSE; TAN STOCK; B&W DRAWING OF WOMEN AND MAN HAVING TEA;,1901-189,,,1901-01-26,Temple Club (Fourth Masonic District),,,,complete,4,24,1901-01-26,1900
25806,Unknown Menu,HOTEL ST. REGIS,"DAILY MENU, BREAKFAST",COMMERCIAL,"NEW YORK, NY","NEW YORK, NY",CARD; 5X8;,,MENU PRINTED IN ENGLISH AND IN FRENCH;,1905-446,,,1905-06-10,Hotel St. Regis,,Dollars,$,complete,2,185,1905-06-10,1900
25807,Unknown Menu,STANDARD RESTAURANT,DAILY MENU,COMMERCIAL,15 AND 17 WEST HOUSTON STREET,"NEW YORK, NY",CARD; 7 X 11;,,PRICED MENU; PRICED WINE LIST;,1900-449,,,1900-01-22,Standard Restaurant,,Dollars,$,complete,2,273,1900-01-22,1900
25816,Unknown Menu,BAPTIST SOCIAL UNION OF NEW YORK,DINNER,REL;,"DELMONICO'S, [NY]","NEW YORK, NY",CARD; ILLUS; 5 X 8.25;,SOC;,ORNAMENTAL PRINTING; SPEECHES; PHOTOGRAPHS;,1898-140,,,1898-04-07,Baptist Social Union Of New York,,,,complete,2,15,1898-04-07,1890
25826,Unknown Menu,MARIE ANTOINETTE HOTEL,DINNER MENU,COMMERCIAL,"NEW YORK, NY","NEW YORK, NY",BROADSIDE; ILLUS; COL; 6.5X9.75;,,PRICED DINNER MENU; HOTEL SEAL AT TOP OF MENU IN GOLD;,1900-787,,,1900-02-07,Marie Antoinette Hotel,,Dollars,$,complete,2,124,1900-02-07,1900
25833,Unknown Menu,SMITH & MC NELL,DAILY HOTEL MENU,COMMERCIAL,"NEW YORK, NY","NEW YORK, NY",FOLDER; 6.25X10;,OTHER (DAILY HOTEL MENU);,APPEARS TO BE A MENU FOR A SPECIAL DINING ROOM IN HOTEL; (DATE INFO SUPPLIED BY FLB);,1900-652,,,1900-01-31,Smith & Mc Nell,,Dollars,$,complete,4,366,1900-01-31,1900
25835,Unknown Menu,(FIFTH AVENUE HOTEL?),"DAILY MENU, DINNER",COMMERCIAL,"NEW YORK, NY","NEW YORK, NY",CARD; ILLUS; 5X8;,,,1905-761,,,1905-10-18,Fifth Avenue Hotel?,,Dollars,$,complete,2,76,1905-10-18,1900
25844,Unknown Menu,SECOND PANEL SHERIFF'S JURY,ANNUAL BANQUET,,"DELMONICO'S, N.Y.","NEW YORK, NY",BOOK; ILL; 10.5X11.25,ANNUAL EVENT,LEATHER BOOK; GEORGE A MEYER STAMPED IN GOLD ON COVER; SEVEN DIFFERENT SCENES BY DIFFERENT ARTISTS OF FULL SIZE ILLUSTRATIONS ON SEPERATE PAGES MARKED AS SOUVENIR 1891 1891-006,1891-006,,,1891-01-15,Second Panel Sheriff's Jury,,,,complete,23,59,1891-01-15,1890
25846,Unknown Menu,ST. REGIS HOTEL,DINNER/DINER,COMMERCIAL,"NEW YORK, NY","NEW YORK, NY",CARD; 5X8;,,FRENCH AND ENGLISH;,1906-215,,,1906-02-21,St. Regis Hotel,,Dollars,$,complete,2,175,1906-02-21,1900
25850,Unknown Menu,NEW YORK LIBRARY CLUB,20TH ANNIVERSARY DINNER,PROF;,"PARK AVENUE HOTEL,NY","NEW YORK, NY",FOLDER;ILLUS;COL;6.25X9,ANNIVERSARY;,EACH COURSE FOLLOWED BY A POEM; ALL SPEAKERS LISTED;,1905-315,,,1905-04-27,New York Library Club,,,,complete,4,13,1905-04-27,1900
25864,Unknown Menu,HOTEL ST. REGIS,"DAILY MENU, BREAKFAST",COMMERCIAL,"NEW YORK, NY","NEW YORK, NY",CARD; 5X8;,,MENU IN ENGLISH ON ONE SIDE AND FRENCH ON THE BACK SIDE;,1905-779,,,1905-10-23,Hotel St. Regis,,Dollars,$,complete,2,191,1905-10-23,1900
25865,Unknown Menu,CONFEDERATE VETERAN CAMP OF NEW YORK THE,NINTH ANNUAL BANQUET,MIL;,"WINDSOR HOTEL,(NY)","NEW YORK, NY",BOOKLET;ILL;COL;6.25X6.75;,ANNIVERSARY;,MENU IN FRENCH;CHAMPAGNE;TOASTS;SONGS;COMMITTEE MEMBERS LISTED;,1899-139,,,1899-01-19,Confederate Veteran Camp Of New York The,,,,complete,12,22,1899-01-19,1890
25866,Unknown Menu,CHELSEA EXCHANGE BANK,2ND ANNUAL DINNER,PROF;,"SHANLEY'S,NY","NEW YORK, NY",BOOKLET;PHOTO OF BANK; COL; 3.25X5.75;,ANNIVERSARY;,"MENU IN FORM OF BANKBOOK; LEATHER COVER;LIST OF SPEAKERS, OFFICERS,& DIRECTORS INCLUDED;",1905-318,,,1905-04-29,Chelsea Exchange Bank,,,,complete,8,29,1905-04-29,1900
25869,Unknown Menu,(W.W.ASTOR),(DINNER FOR COMMITTEE FOR PRELIMINARIES FOR THE WORLD'S FAIR),,(DELMONICO'S.NEW YORK),"NEW YORK, NY",FOLDER; ILL; 5.5X7.75,,"WINES LISTED WITH COURSE; FRONT COVER ILLUSTRATED;HANDWRITTEN ""MR. W.W.ASTOR GAVE A FINE DINNER LAST EVENING TO A NUMBER OF HIS FELLOW COUNTRYMEN WHO HAVE CHARGE OF THE PRELIMINARIES OF THE WORLD'S FAIR. MENU DONE BY TIFFANY;",1889-077,,,1889-10-09,W.W.Astor,,,,complete,4,24,1889-10-09,1880
25880,Unknown Menu,SMITH & MC NELLS,BILL OF FARE,COMMERCIAL,"NEW YORK, NY","NEW YORK, NY",FOLDER; ILLUS; 7X11.25;,,"VERY EXTENSIVE A LA CARTE MENU WITH FULL CHAMPAGNE, WINE, LIQUOR LIST; ILLUSTRATION OF HOTEL ON COVER; ""400 NICELY FURNISHED, WELL HEATED & VENTILATED ROOMS;""",1901-644,,,1901-03-12,Smith & Mc Nells,,Dollars,$,complete,2,134,1901-03-12,1900
25881,Unknown Menu,AMERICAN ASIATIC ASSOCIATION,"DINNER FOR REAR ADMIRAL LORD CHARLES BERESFORD,R.N.C.B.M.P.",POL;,"DELMONICO'S,NY","NEW YORK, NY",BOOKLET;ILL;COL;5.5X8.5;,COMPLIMENTARY/TESTIMONIAL,TOASTS;SEATING PLAN ATTACHED;,1899-211,,,1899-02-23,American Asiatic Association,,,,complete,8,23,1899-02-23,1890
25916,Unknown Menu,PENNSYLVANIA SOCIETY,"DINNER TO CAPT.T.C.MCLEAN,U.S.N.,COMMANDER U.S.S.PENNSYLVANIA",GOV;,"WALDORF-ASTORIA, NY","NEW YORK, NY",BOOKLET;ILLUS; COL; 6X9;,COMPLIMENTARY/TESTIMONIAL,PHOTO OF THE SHIP; LIST OF HONORED GUESTS;,1905-703,,,1905-09-14,Pennsylvania Society,,,,complete,8,26,1905-09-14,1900
25920,Unknown Menu,PLAZA,DINNER,COMMERCIAL,"(NEW YORK,NY)","NEW YORK, NY",CARD;ILL;6.5X7;,DAILY;,PRICED MENU;NOTE THAT THE DRINKING WATER IS VAPORIZED AND FROZEN ON THE PREMISES AND CERTIFIED TO AS TO PURITY BY PROF.CHAS.F.CHANDLER;,1897-101,,,1897-03-31,Plaza,,Dollars,$,complete,2,140,1897-03-31,1890
25921,Unknown Menu,PARK RESTAURANT,DAILY MENU,COMMERCIAL,"16 & 18 PARK PLACE, NEW YORK","NEW YORK, NY",FOLDER; 7 X 11;,,PRICED MENU; STATEMENT ABOUT THE PURITY OF THE WATER;,1900-794,,,1900-02-07,Park Restaurant,,Dollars,$,complete,4,229,1900-02-07,1900
25926,Unknown Menu,BERKSHIRE SOCIETY OF NY,12 ANNUAL DINNER,SOC;,"ST. DENIS HOTEL, BWAY & 11 ST. NY","NEW YORK, NY",FOLDER; ILLUS; COL; 4.75 X 7.5;,ANNUAL,AFTER DINNER PROGRAM INCLUDED;,1899-188,,,1899-02-17,Berkshire Society Of Ny,,,,complete,4,20,1899-02-17,1890
25928,Unknown Menu,AMERICAN MUSEUM OF NATURAL HISTORY,DAILY MENU,EDUC;,NEW YORK CITY,"NEW YORK, NY",FOLDER;5X8;,,MANY HANDWRITEN ITEMS;PRICES FOR EACH ITEM;,1905-702,,,1905-09-14,American Museum Of Natural History,,Dollars,$,complete,4,104,1905-09-14,1900
25931,Unknown Menu,THE J. SPENCER TURNER CO.,ANNUAL DINNER,PROF;,"REPUBLICAN CLUB, NEW YORK CITY","NEW YORK, NY",FOLDER; 5X8;,ANNIVERSARY;,WINES LISTED; COVER AND BACK ARE TOTALLY PLAIN;,1907-104,,,1907-01-18,The J. Spencer Turner Co.,,,,complete,8,28,1907-01-18,1900
25932,Unknown Menu,COLLEGE OF THE CITY OF NEW YORK,DINNER,(EDUCATIONAL),NEW YORK CITY,"NEW YORK, NY",CARD; 5 X 7;,COMPL.,HONORING PROFS. A.WERNER AND A.G.COMPTON;,1882-017,,,1882-11-18,College Of The City Of New York,,,,complete,2,17,1882-11-18,1880
25935,Unknown Menu,BROADWAY CENTRAL HOTEL,BREAKFAST,COMMERCIAL,"NEW YORK, NY","NEW YORK, NY",FOLDER; ILLUS; COL; 5.5X9;,OTHER (DAILY MENU);,"INCLUDES BIRD'S EYE MAP OF NEW YORK WITH NARRATIVE OBJECTS OF INTEREST IN AND ABOUT NEW YORK; THIS UNIQUE HOTEL MENU FORMAT HAS BEEN PREVIOUSLY ENTERED IN ""UNUSUALS"" FILE; HOURS FOR MEALS;",1900-173,,,1900-01-11,Broadway Central Hotel,,,,complete,4,69,1900-01-11,1900
25939,Unknown Menu,ITALIAN CHAMBER OF COMMERCE IN NEW YORK,SEVENTH ANNUAL BANQUET,PROF;,WALDORF-ASTORIA,"NEW YORK, NY",FOLDER; ILLUS; COL; 5.25X7.5;,ANNIVERSARY;,"WINES LISTED; MENU IN ITALIAN; TOASTS, MUSICAL PROGRAM AND COMMITTEES LISTED;",1907-195,,,1907-02-09,Italian Chamber Of Commerce In New York,,,,complete,8,29,1907-02-09,1900
25944,Unknown Menu,WEST SIDE REPUBLICAN CLUB,ANNUAL DINNER,POL;,"WALDORF-ASTORIA, NEW YORK CITY","NEW YORK, NY",FOLDER; ILLUS; COL; 7.5X10.25;,ANNIVERSARY;,"PRICED WINE LIST; TOASTS LISTED; PHOTO ON BACK OF THE WEST SIDE REPUBLICAN CLUB, 2307 BROADWAY BETWEEN 83RD & 84TH STREETS;",1906-072,,,1906-01-19,West Side Republican Club,,Dollars,$,complete,4,22,1906-01-19,1900
25949,Unknown Menu,CHAMBER OF COMMERCE,116 ANNUAL BANQUET,COM,"DELMONICO,[NY]","NEW YORK, NY",FOLDER;5X7.5;,"OTHER,COMMERCIAL ANNIVERSARY","MENU AND DATE IN FRENCH;SORBET ENTRY,YOUNG AMERICA,2 COPIES",1884-011,,,1884-11-18,Chamber Of Commerce,,,,complete,4,25,1884-11-18,1880
25961,Unknown Menu,(MERCHANTS & MANUFACTURERS BOARD OF TRADE OF NEW YORK),INAUGURAL BANQUET,COMMERCIAL,"WALDORF ASTORIA, THE","NEW YORK, NY",BROADSIDE; ILLUS; COL; 4.25X6.25;,ANNIVERSARY;,FRENCH; [SPONSOR INFO SUPPLIED BY FNB]; GOLD HOTEL SEAL AT TOP; SEATING PLAN INCLUDED AS ITEM A;,1898-111,,,1898-02-22,Merchants & Manufacturers Board Of Trade Of New York,,,,complete,2,19,1898-02-22,1890
25962,Unknown Menu,NEW ENGLAND SOCIETY IN THE CITY OF NEW YORK,ANNUAL DINNER,SOC;,DELMONICO'S [NY?],"NEW YORK, NY",CARD; ILLUS; COL;5.25X7.25;,[SOC?],FRENCH; ILLUS OF RELICS FROM MAYFLOWER; TWO COPIES; OTHERS PRIOR TO DATE;,1888-0088,,,1888-12-22,New England Society In The City Of New York,,,,complete,2,25,1888-12-22,1880
25968,Unknown Menu,THE HOLLAND SOCIETY OF NEW YORK,21ST ANNUAL DINNER,PATR;,"WALDORF-ASTORIA, NEW YORK CITY","NEW YORK, NY",FOLDER; ILLUS; COL; 7X11;,ANNIVERSARY;,"MENU IN DUTCH AND IN FRENCH; PRINTED ON HEAVY PEACH COLORED STOCK; TOASTS AND COMMITTEE LISTED; PHOTOS ON BACK OF VAN CORTLNDT MANOR HOUSE-CROTON-ON-HUDSON,NY AND THE LIBRARY IN MANOR HOUSE; COVER ILLUSTRATED WITH SOUVENIR MEDALS;",1906-064,,,1906-01-18,The Holland Society Of New York,,,,complete,4,42,1906-01-18,1900
25972,Unknown Menu,ASTOR HOUSE,DINNER,,"[NEW YORK,NY]","NEW YORK, NY",PRINTED ON SILK,,,1854-002,,,1854-04-01,Astor House,,,,complete,1,45,1854-04-01,1850
25973,Unknown Menu,?,BREAKFAST,COMMERCIAL,"WALDORF-ASTORIA,[NY]","NEW YORK, NY",CARD;ILL;3.5X4.5;,DAILY;,MENU IN FRENCH;,1899-147,,,1899-01-24,Waldorf Astoria,,,,complete,2,9,1899-01-24,1890
25974,Unknown Menu,HOTEL EMPIRE,TABLE D'HOTE,COMMERCIAL,"BROADWAY AND 63RD ST., [NEW YORK, NY];","NEW YORK, NY",CARD; 5.0X8.0; ILLUS; COL;,,"INITIALS ""HE"" WITHIN LAUREL WREATH IN RED;",1900-871,,,1900-02-11,Hotel Empire,,,,complete,2,31,1900-02-11,1900
25975,Unknown Menu,UNION SQUARE HOTEL,DINNER,COMMERCIAL,"NEW YORK, NY","NEW YORK, NY",FOLDER; 7.0X11.125;,,"FULLY PRICED CARTE DU JOUR; HALF PORTION PRICES LISTED; NOTICE ON BACK PAGE: ""OUR PATRONS DESIRING A TABLE D'HOTE LUNCHEON FROM 12 TO 2:30 AT 50 CENTS AND DINNER FROM 5 TO 8 AT 75 CENTS WILL BE SERVED AT THE HOTEL HUNGAIA [3 DOORS SOUTH OF THIS HOUSE] WHI",1900-127,,,1900-01-10,Union Square Hotel,,Dollars,$,complete,4,273,1900-01-10,1900
25986,Unknown Menu,NEW GRAND HOTEL,DAILY MENU,COMMERCIAL,"NEW YORK, NY","NEW YORK, NY",CARD; 7X11;,,,1905-460,,,1905-06-14,New Grand Hotel,,Dollars,$,complete,2,200,1905-06-14,1900
25990,Unknown Menu,VETERAN CORPS OF ARTILLERY-MILITARY SOCIETY OF THE WAR OF 1812,ANNUAL MESS DINNER,PATR;,DELMONICO'S NY,"NEW YORK, NY",BROADSIDE; ILLUS; COL; 5 X 8;,ANNUAL,,1898-033,,,1898-01-17,Veteran Corps Of Artillery Military Society Of The War Of 1812,,,,complete,2,26,1898-01-17,1890
25992,Unknown Menu,PHI GAMMA DELTA,CONVENTION DINNER,GREEK LETTER (FRATERNITY OR SORORITY),"HOTEL ASTOR, NEW YORK","NEW YORK, NY",BOOKLET; ILLUS; COL; 7.5 X 12;,ANNIVERSARY(?);,CHAMPAGNE A LA CARTE; TOASTS; PURPLE COVER WITH GOLD PRINT AND FIGURES; HUMOROUS COMMENTS;,1907-166,,,1907-02-02,Phi Gamma Delta,,,,complete,12,18,1907-02-02,1900
26006,Unknown Menu,A.M. SWEET & SON HOTEL & RESTAURANT,DINNER MENU,COMMERCIAL,"NEW YORK, NY","NEW YORK, NY",FOLDER; ILLUS; 7X11.5:,OTHER (DAILY MENU);,"""NOTICE-IT IS UNNECESSARY TO FEE THE WAITER. IF YOU CANNOT GET PROPERALY SERVED WITHOUT DOING SO, PLEASE MAKE MENTION OF IT TO THE CASHIER;"" ""CIGARETTE SMOKING STRICTLY PROHIBITED AT TABLES;"" INCLUDES PRICED WINE & LIQUOR LIST; DECORATIVE BORDER;",1900-169,,,1900-01-11,A.M. Sweet & Son Hotel & Restaurant,,Dollars,$,complete,3,313,1900-01-11,1900
26017,Unknown Menu,BROADWAY CENTRAL HOTEL,LUNCHEON,COMMERCIAL,"NEW YORK, [NY]","NEW YORK, NY",CARD; 5.5X8.25; ILLUS; COL;,,LOGO OF BROADWAY CENTRAL HOTEL IN RED;,1900-874,,,1900-02-11,Broadway Central Hotel,,,,complete,2,56,1900-02-11,1900
26033,Unknown Menu,ENRICO CARUSO OF THE METROPOLITAN OPERA HOUSE,FAREWELL DINNER TO MAESTRO GIACOMO PUCCINI ON THE OCCASION OF HIS DEPARTURE TO EUROPE,PROF;,NEW YORK CITY,"NEW YORK, NY",FOLDER; ILLUS; 5X8;,COMPLIMENTARY/TESTIMONIAL,WINES LISTED; MENU IN FRENCH; PHOTO OF PUCCINI ON COVER;,1907-269,,,1907-02-25,Enrico Caruso Of The Metropolitan Opera House,,,,complete,8,12,1907-02-25,1900
26036,Unknown Menu,COLOMBO HOTEL,DINNER,COMMERCIAL,149 BLEECKER ST.NY,"NEW YORK, NY",BROADSIDE; 7.5 X 12.5;,CARTE DU JOUR,MENU & PRICES ALL TYPEWRITTEN;,1900-715,,,1900-02-03,Colombo Hotel,,Dollars,$,complete,2,57,1900-02-03,1900
26045,Unknown Menu,THE PRESBYTERIAN UNION OF NEW YORK,ANNUAL DINNER,REL;,"HOTEL SAVOY, [NEW YORK]","NEW YORK, NY",BOOKLET; COL; 5.5 X 8.25,ANNIVERSARY;,MENU IN FRENCH; SPEECHES; MENU ON FOLDOUT SHEET; GRAY PRINT AND ORNAMENT;,1906-894,,,1906-12-03,The Presbyterian Union Of New York,,,,complete,8,16,1906-12-03,1900
26046,Unknown Menu,SHANLEY'S RESTAURANT,DINNER,COMMERCIAL,"383 6TH AVE.,1476 BWAY.,1212 BWAY., NY","NEW YORK, NY",FOLDER; COL; 7.5 X 12;,DAILY,"COMPLETE WINE LIST ON BACK; SIMILAR MENU ON SEPARATE PAGE, NO DATE, POOR CONDITION;",1900-1039,,,1900-02-13,Shanley's Restaurant,,Dollars,$,complete,6,745,1900-02-13,1900
26048,Unknown Menu,ADAMS HOTEL AND RESTAURANT,DAILY MENU,COMMERCIAL,"373-375 WEST STREET, NEW YORK, NY","NEW YORK, NY",FOLDER; ILLUS; 6 X 9.25;,,PRICED MENU; NOTE THAT A REGULAR DINNER IS 25 CENTS BUT THERE IS NO SPECIFIC DINNER MENU; HANDWRITTEN DATE;,1900-795,,,1900-02-07,Adams Hotel And Restaurant,,Dollars,$,complete,4,246,1900-02-07,1900
26060,Unknown Menu,PALESTINE COMMANDERY,DINNER,MIL;,METROPOLITAN OPERA HOUSE,"NEW YORK, NY",FOLDER; ILLUS; 4 X 6;,,FLOWERS; CATERED BY LOUIS MAZZETTI;,1893-024,,,1892-01-28,Palestine Commandery,,,,complete,4,17,1892-01-28,1890
26066,Unknown Menu,SHERMAN SQUARE HOTEL,MENU,COMMERCIAL,"NEW YORK, NY","NEW YORK, NY",BROADSIDE; ILLUS; COL; 4.75X6.75;,,HOTEL MONOGRAM AT TOP OF MENU;  THIS COULD POSSIBLY BE A LUNCH MENU AS COLD DISHES ARE INCLUDED;,1899-636,,,1899-10-22,Sherman Square Hotel,,,,complete,2,32,1899-10-22,1890
26074,Unknown Menu,HOTEL ST. REGIS,"DAILY MENU, SUPPER",COMMERCIAL,NEW YORK CITY,"NEW YORK, NY",CARD; 5X8;,,MENU IN FRENCH AND IN ENGLISH;,1907-004,,,1907-01-01,Hotel St. Regis,,Dollars,$,complete,2,175,1907-01-01,1900
26080,Unknown Menu,POINT O'WOODS ASSOCIATION,2ND ANNUAL DINNER,SOC;,"HOTEL MANHATTAN,NY","NEW YORK, NY",BROADSIDE; ILLUS. BORDER; COL; 3.5 X 7;,ANNUAL,,1901-407,,,1901-02-18,Point O'woods Association,,,,complete,2,19,1901-02-18,1900
26086,Unknown Menu,WESLEYAN UNIVERSITY CLUB OF NEW YORK,25TH ANNUAL DINNER,EDUC;,"SAVOY HOTEL, NEW YORK, NY","NEW YORK, NY",BROADSIDE; ILLUS; COL; 4.5X6.5;,ANNIVERSARY;,FRENCH; HOTEL SEAL ON FRONT;,1897-345,,,1897-12-10,Wesleyan University Club Of New York,,,,complete,2,21,1897-12-10,1890
26089,Unknown Menu,GENERAL HOWARD CARROLL,DINNER TO THE ARTILLERY OFFICERS OF THE STATE OF NEW YORK,MIL;,"DELMONICO'S, NEW YORK, NY","NEW YORK, NY",BOOKLET; ILLUS; COL; 6X7.50;,COMPLIMENTARY/TESTIMONIAL,"FRENCH; INCLUDES WINES SERVED WITH EACH COURSE; INCLUDES GUEST LIST; MUSIC BY THE NEW YORK ZITHER ORCHESTRA & THE INSBRUCK DOPPEL QUARTETTE;""SILK RIBBON ATTACHMENTS;",1896-041,,,1896-02-15,General Howard Carroll,,,,complete,4,33,1896-02-15,1890
26091,Unknown Menu,IRVING HOUSE,DAILY MENU,,NEW YORK CITY,"NEW YORK, NY",SINGLE SHEET,,"DOOLITTLE, CINCINNATI, BURROUGHS, PHILADELPHIA",1852-002,,,1852-10-12,Irving House,,Dollars,$,complete,2,190,1852-10-12,1850
26103,Unknown Menu,NEW YORK ALUMNI OF SYRACUSE UNIVERSITY,FIFTEENTH ANNUAL REUNION AND DINNER,EDUC;,"ASTOR HOTEL, NEW YORK, NY","NEW YORK, NY",FOLDER; ILLUS; COL; 5.6X7;,ANNIVERSARY;,DINNER COMMITTEES AND OFFICERS LISTED; FLAG AND DECORATIVE PRINTING ON COVER;,1906-094,,,1906-01-26,New York Alumni Of Syracuse University,,,,complete,4,16,1906-01-26,1900
26107,Unknown Menu,CAFE DE BORDEAUX,EVENING DINNER,COMMERCIAL,"454-456-458 SIXTH AVENUE, NEAR 28TH STREET, NEW YORK, NY [?]","NEW YORK, NY",FOLDER; 7.0X11.125;,,MENU PARTIALLY HAND WRITTEN; WHOLESALE WINE LIST;,1900-136,,,1900-01-10,Cafe De Bordeaux,,Dollars,$,complete,4,465,1900-01-10,1900
26110,Unknown Menu,OHIO SOCIETY OF NEW YORK,ANNUAL BANQUET,SOC,DELMONICO'S [NY],"NEW YORK, NY",CARD; ILL; 4.5X6.5,"OTHER,[SOCIAL ORG. DINNER]","TICKET OF ADMISSION FOR GEO.C.CLARKE ATTACHED TO CARD,DECORATIVE ILLUSTRATION OF FRONT COVER,FRENCH",1886-022,,,1886-05-07,Ohio Society Of New York,,,,complete,4,23,1886-05-07,1880
26121,Unknown Menu,SAINT NICHOLAS SOCIETY,PAAS FESTIVAL,SOC;,"DELMONICO'S, NEW YORK, NY","NEW YORK, NY",BROADSIDE; ILLUS; 4.5X7;,,DRAWING ON FRONT OF MENU;,1896-072,,,1896-04-06,Saint Nicholas Society,,,,complete,2,21,1896-04-06,1890
26123,Unknown Menu,SILK BOWLING LEAGUE,2ND ANNUAL BANQUET,SOC;,"SHANLEY'S, NY","NEW YORK, NY",FOLDER; ILLUS; COL; 5X11;,ANNUAL;,"EACH COURSE FOLLOWED BY A QUOTATION;OFFICERS,DELEGATES & GUESTS LISTED;SONGS INCLUDED;",1905-321,,,1905-04-29,Silk Bowling League,,,,complete,8,16,1905-04-29,1900
26135,Unknown Menu,CIGAR MANUFACTURERS,DINNER,PROF;,DELMONICO'S NY,"NEW YORK, NY",BOOKLET; ILLUS; COL; 5.5 X 7;,ANNUAL;,MENU IN FRENCH; MUSICAL PROGRAM INCLUDED; PHOTOGRAPH OF EACH SPEAKER;& COMMITTEE MEMBERS;,1899-194,,,1899-02-21,Cigar Manufacturers,,,,complete,32,23,1899-02-21,1890
26136,Unknown Menu,WINDSOR HOTEL,DINNER,COMMERCIAL,"NEW YORK,NY","NEW YORK, NY",CARD;,PATRIOTIC HOLIDAY;,CLOTH FLAG PASTED ON MENU;,1896-141,,,1896-07-04,Windsor Hotel,,,,complete,2,32,1896-07-04,1890
26138,Unknown Menu,HOTEL ST. REGIS,"DAILY MENU, DINNER",COMMERCIAL,NEW YORK CITY,"NEW YORK, NY",CARD; 5X8;,,MENU IN FRENCH AND IN ENGLISH;,1907-003,,,1907-01-01,Hotel St. Regis,,Dollars,$,complete,2,182,1907-01-01,1900
26151,Unknown Menu,ST. NICHOLAS HOTEL,DINNER,COMMERCIAL,"WASHINGTON PLACE AND MERCER STREET, [NY]","NEW YORK, NY",FOLDER; 7 X 11;,,PRICED MENU AND WINE LIST; NOTE THAT FUNISHED ROOMS ARE AVAILABLE FOR FAMILIES OR GENTLEMEN;,1900-445,,,1900-01-22,St. Nicholas Hotel,,Dollars,$,complete,4,343,1900-01-22,1900
26152,Unknown Menu,FLATIRON RESAURANT AND CAFE,BREAKFAST,COMMERCIAL,"BROADWAY AND 23RD STREET, NY","NEW YORK, NY",CARD; 3 X 11;,,PRICED MENU;,1906-976,,,1906-12-20,Flatiron Resaurant And Cafe,,Dollars,$,complete,2,95,1906-12-20,1900
26162,Unknown Menu,HOLLAND SOCIETY,THIRD ANNUAL DINNER,SOCIAL,"HOTEL BRUNSWICK,NY","NEW YORK, NY",FOLDER;ILLUS; 7 X 11;,COMPL.,MENU IN ENGLISH & FRENCH;LIST OF OFFICERS;,1888-003,,,1888-01-10,Holland Society,,,,complete,5,90,1888-01-10,1880
26166,Unknown Menu,NEW YORK PRESS CLUB,28TH ANNUAL DINNER,PROF;,"DELMONICO'S,[NEW YORK,NY?]","NEW YORK, NY",FOLDER;ILL;COL;5.5X8.5;,ANNIVERSARY;,COOKS HOLDING STEAMING COVERED DISH;NAMES;MUSICAL PROGRAM;FRENCH MENU;WINES;SEPARATE SEATING LIST;,1901-967,,,1901-04-20,New York Press Club,,,,complete,4,29,1901-04-20,1900
26167,Unknown Menu,CAFETERIA - LUNCH,DAILY MENU,COMMERCIAL,"57 BROAD ST., NEW YORK, NY","NEW YORK, NY",FOLDER; ILLUS; COL; 6X9.5;,OTHER (DAILY RESTAURANT MENU);,"DAILY SPECIALS HANDWRITTEN IN LAVENDAR INK; SKETCH OF COUPLE SHAKING HANDS; DECORATIVE BORDERS, MOOSE ON BACK COVER;",1900-642,,,1900-01-31,Cafeteria   Lunch,,Dollars,$,complete,4,115,1900-01-31,1900
26170,Unknown Menu,EMPIRE STATE SOCIETY OF SONS OF THE AMERICAN REVOLUTION,DINNER,PATR;,"[DELMONICO'S,NEW YORK NY]","NEW YORK, NY",BOOKLET;ILL;COL;5.25X8.25;,ANNIVERSARY;,MENU IN FRENCH;TREATY BEING CELEBRATION REPRODUCED;PHOTOGRAPH OF TABLE ON WHICH THE TREATY WAS SIGNED;GUESTS AND OFFICERS LISTED;SEPARATE CARD WITH VARIOUS CHAMPAGNES OFFERED FOR SALE;,1897-038,,,1897-02-06,Empire State Society Of Sons Of The American Revolution,,,,complete,24,22,1897-02-06,1890
26176,Unknown Menu,ROANOKE ASSOCIATES,[DINNER] ANNIVERSARY OF THE BATTLE OF ROANOKE ISLAND,PATR;,"HOTEL BRUNSWICK, NEW YORK","NEW YORK, NY",BOOKLET;ILLUS;6X9;,OTHER (BATTLE ANNIVERSARY);,"ELABORATE COVER; COURSES LISTED ON SEPARATE PAGES WITH ILLUSTRATIONS OF BATTLES, MAP, ETC;PROGRAM AND COMMITTEE MEMBERS ITEMIZED;",1896-030,,,1896-02-10,Roanoke Associates,,,,complete,12,30,1896-02-10,1890
26178,Unknown Menu,CHENANGO COUNTY SOCIETY OF THE CITY OF NEW YORK,FIFTH ANNUAL DINNER,SOC;,"ASTOR HOTEL, NEW YORK, NY","NEW YORK, NY",FOLDER; ILLUS; COL; 5X7.6;,ANNIVERSARY;,EACH MENU ITEM AND EACH TOAST ENTRY FOLLOWED BY LITERARY QUOTATION; SONGS; OFFICERS AND COMMITTEE LISTED; SOCIETY SEAL ON BACK COVER; DECORATIVE WREATH; YARN ATTACHMENT;,1906-084,,,1906-01-24,Chenango County Society Of The City Of New York,,,,complete,8,20,1906-01-24,1900
26182,Unknown Menu,THE ANNEX,DAILY MENU,COMMERCIAL,"114 WEST FOURTEENTH STREET, NEW YORK","NEW YORK, NY",FOLDER; 6.25 X 9.5;,,PRICED MENU; MENU HANDWRITTEN;,1906-407,,,1906-04-24,The Annex,,,,complete,4,67,1906-04-24,1900
26184,Unknown Menu,ST. REGIS HOTEL,DEJEUNER FOURCHETTE/LUNCHEON,COMMERCIAL,"NEW YORK, NY","NEW YORK, NY",CARD; 5X8;,,FRENCH AND ENGLISH A LA CARTE MENU;,1905-785,,,1905-10-24,St. Regis Hotel,,Dollars,$,complete,2,198,1905-10-24,1900
26195,Unknown Menu,CAFETERIA - LUNCH,BILL OF FARE,COMMERCIAL,57 BROAD ST. NY,"NEW YORK, NY",FOLDER;ILLUS;6 X 9.5;,DAILY,A PAGE OF SEPARATE DISHES HANDWRITTEN;,1900-377,,,1900-01-18,Cafeteria   Lunch,,Dollars,$,complete,4,100,1900-01-18,1900
26204,Unknown Menu,NASSAU BOAT CLUB,"DINNER TENDERED BY MEMBERS TO THE ""SENIOR EIGHT"" IN HONOR OF THEIR VICTORY IN THE SENIOR EIGHT-OARED SHELL RACE AT THE PEOPLE'S REGATTA HELD ON THE SCHUYLKILL RIVER, PHILADELPHIA ON JULY 4, 1906",SOC;,"NEW YORK ATHLETIC CLUB, NEW YORK, NY","NEW YORK, NY",FOLDER; 2.75X4.75;,COMPLIMENTARY/TESTIMONIAL,"INCLUDES COCKTAIL AND WINES SERVED WITH INDIVIDUAL COURSES; LISTS MEMBERS AND ""THE SENIOR EIGHT;""",1906-629,,,1906-07-25,Nassau Boat Club,,,,complete,4,22,1906-07-25,1900
26207,Unknown Menu,PHI GAMMA DELTA,DINNER TO SOLDIERS AND SAILORS OF THE SPANISH AMERICAN WAR,SOC;,"HOTEL SAVOY, NY","NEW YORK, NY",FOLDER; ILLUS; 5 X 7;,COMPLIMENTARY/TESTIMONIAL,FRENCH; CREST OF PHI GAMMA DELTA; TOASTS; QUOTES IN LATIN AND ENGLISH; SEPARATE PRICED WINE LIST;,1898-281,,,1898-10-10,Phi Gamma Delta,,Dollars,$,complete,6,32,1898-10-10,1890
26212,Unknown Menu,BROADWAY CENTRAL HOTEL,THANKSGIVING DINNER,COMMERCIAL,"NEW YORK, NY","NEW YORK, NY",FOLDER; ILLUS; 5.5X8.5;,SECULAR HOLIDAY;,HOTEL PHOTOGRAPH ON COVER; THANKSGIVING POEM ON BACK COVER;TWO COPIES;,1899-766,,,1899-11-30,Broadway Central Hotel,,,,complete,4,72,1899-11-30,1890
26214,Unknown Menu,ST. ANDREW'S SOCIETY OF THE STATE OF NEW YORK,139TH ANNIVERSARY,SOC;,DELMONICO'S,"NEW YORK, NY",FOLDER; ILLUS; COL; 5.25X8;,RITE (ANNIVERSARY);,FRENCH; INCLUDES PRICED WINE LIST; PROGRAM INCLUDES TOASTS & SONGS; INSIGNIA OF SOCIETY ON COVER;,1895-202,,,1895-11-30,St. Andrew's Society Of The State Of New York,,Dollars,$,complete,4,43,1895-11-30,1890
26216,Unknown Menu,HOTEL ST. REGIS,"DAILY MENU, SUPPER",COMMERCIAL,"NEW YORK, NY","NEW YORK, NY",CARD; 5X8;,,MENU PRINTED IN ENGLISH AND IN FRENCH;,1905-447,,,1905-06-10,Hotel St. Regis,,Dollars,$,complete,2,168,1905-06-10,1900
26224,Unknown Menu,FIRST PANEL SHERIFF'S JURY,ANNUAL DINNER,GOVT;,DELMONICO'S [NY],"NEW YORK, NY",BOOKLET; COL; 5 X 7;,OTHER (SOC);,GOLD EMBOSSED PRINTING ON COVER; WINES;,1894-009,,,1894-01-16,First Panel Sheriff's Jury,,,,complete,6,29,1894-01-16,1890
26227,Unknown Menu,NEW YORK LUMBER TRADE ASSOCIATION,ANNUAL DINNER,COM,DELMONICO'S [NEW YORK],"NEW YORK, NY",FOLDER; ILL; 5.25X7.5,"OTHER,ANNUAL EVENT","TWO CARDS TIED WITH TWO RIBBONS ON TOP,FRONT COVER ILLUSTRATED WITH LUMBER PROCESSING ITEMS,BACK COVER ILLUSTRATED WITH LUMBER YARD INTERIOR,FRENCH",1887-038,,,1887-12-16,New York Lumber Trade Association,,,,complete,6,27,1887-12-16,1880
26236,Unknown Menu,HAAN'S,LUNCH,COMMERCIAL,PARK ROW BLDG. [NY],"NEW YORK, NY",CARD; 7 X 10.75;,,PRICED MENU; PRICED WINE LIST ON BACK; NOTE ABOUT SAFETY OF WATER; MENTION OF OTHER BRANCHES;,1900-428,,,1900-01-20,Haan's,,Dollars,$,complete,2,339,1900-01-20,1900
26244,Unknown Menu,NEW YORK LIFE INSURANCE CO.,DINNER IN HONOR OF JOHN A. MCCALL,PROF;,METROPOLITAN CLUB [NY],"NEW YORK, NY",BOOKLET; COL; 4.5 X 5.75;,COMPLIMENTARY/TESTIMONIAL,CREST SURROUNDED BY WREATH OF IVY; NAME OF GUEST (MR.MORRISON) EMBOSSED ON COVER; WHITE MOIRE SILK COVER; WINES; PINTED BY TIFFANY;,1897-057,,,1897-02-15,New York Life Insurance Co.,,,,complete,8,26,1897-02-15,1890
26252,Unknown Menu,NYCCC (NEW YORK CHAMBER OF COMMERCE?),COMMEM. OF EVACUATION OF NYC BY THE BRITISH,GOV'T.,"NEW YORK CITY, DELMONICO'S","NEW YORK, NY",CARD; ILLUS; 4.5 X 7.5;,PATRIOTIC HOLIDAY.,ILLUS. CROSSED COLONIAL AND 1183 AMERICAN FLAGS,1883-003,,,1883-11-26,Nyccc (New York Chamber Of Commerce?),,,,complete,2,27,1883-11-26,1880
26258,Unknown Menu,NEW YORK ALUMNI ASSOCIATION OF LAFAYETTE COLLEGE,DINNER,EDUC;,WALDORF-ASTORIA HOTEL,"NEW YORK, NY",BOOKLET; ILLUS; COL; 6X9;,(OTHER - REUNION?);,MENU IN FRENCH; OFFICERS AND COMMITTEE LISTED; MANY SONGS INCLUDED; PHOTOGRAPH OF UNIDENTIFIED MAN ON COVER; CORD ATTACHMENT;,1908-153,,,1908-02-14,New York Alumni Association Of Lafayette College,,,,complete,16,20,1908-02-14,1900
26268,Unknown Menu,MR. JOHN E. COWDIN,?,,"DELMONICO,[NY]","NEW YORK, NY",FOLDER;ILL;4.75X7.75,,"HANDPAINTED HUNTING SCENE ON FRONT COVER,DECORATION IN CORNER ON MENU CARD,MENU IN FRENCH,WINES LISTED,FASTENED BY RIBBONS",1884-018,,,1884-01-12,Mr. John E. Cowdin,,,,complete,4,31,1884-01-12,1880
26277,Unknown Menu,HOTEL ST. REGIS,"DAILY MENU, LUNCHEON",COMMERCIAL,"NEW YORK, NY","NEW YORK, NY",CARD; 5X8;,,MENU IN ENGLISH ON ONE SIDE AND FRENCH ON THE BACK SIDE;,1905-774,,,1905-10-23,Hotel St. Regis,,Dollars,$,complete,2,202,1905-10-23,1900
26282,Unknown Menu,THE NEW YORK QUICK LUNCH RESTAURANT AND BAKERY,DINNER,COMMERCIAL,"1515 BROADWAY, [NEW YORK, NY]","NEW YORK, NY",BROADSIDE; 5.5X8.5;,,,1900-586,,,1900-01-29,The New York Quick Lunch Restaurant And Bakery,,Dollars,$,complete,2,57,1900-01-29,1900
26296,Unknown Menu,NATIONAL BOARD OF FIRE UNDERWRITERS,THIRTY-SECOND ANNIVERSARY,PROF;,"DELMONICO'S, NEW YORK, NY","NEW YORK, NY",FOLDER; ILLUS; 5 X 7;,ANNIVERSARY;,FRENCH; GOLD AND RED PRINT; CREST ON COVER;,1898-171,,,1898-05-12,National Board Of Fire Underwriters,,,,complete,2,20,1898-05-12,1890
26301,Unknown Menu,J.M. GODDARD & SON,JUBILEE DINNER TO CELEBRATE THE FIFTIETH ANNIVERSARY OF THE FOUNDING OF THE HOUSE,COMMERCIAL,"DELMONICO'S, NEW YORK, NY","NEW YORK, NY",FOLDER; ILLUS; COL; 6X6.5;,ANNIVERSARY;,MONOGRAM SEAL ON FRONT;,1897-005,,,1897-01-02,J.M. Goddard & Son,,,,complete,4,21,1897-01-02,1890
26305,Unknown Menu,HOTEL SAVOY,BREAKFAST,COMMERCIAL,"FIFTH AVENUE AND 59TH ST., NY","NEW YORK, NY",CARD; 6.25 X 9.25;,,HANDWRITTEN DATE; CREST;,1900-184,,,1900-01-12,Hotel Savoy,,,,complete,2,106,1900-01-12,1900
26319,Unknown Menu,GRAND MASTER OF NEW YORK,"DINNER IN HONOR OF MOST WORSHIPFUL JOSIAH W. EWAN, GRAND MASTER OF MASONS OF STATE OF NEW JERSEY",SOC;,"DEMOCRATIC CLUB, NEW YORK, NY","NEW YORK, NY",BOOKLET; ILLUS; 5.25X7.25;,COMPLIMENTARY/TESTIMONIAL,EACH MENU ITEM DESCRIBED BY LITERARY QUOTATION; INCLUDES WINES SERVED WITH INDIVIDUAL COURSES; GUESTS LISTED & DESCRIBED BY LITERARY QUOTATIONS;PHOTOGRAPH OF GUEST OF HONOR; TWO PAGES OF AUTOGRAPHS; SILK CORD ATTACHMENT;,1899-751,,,1899-11-23,Grand Master Of New York,,,,complete,12,23,1899-11-23,1890
26323,Unknown Menu,ALUMNI CLASS OF CCNY,10NTH REUNION DINNER,SOC;,"HOTEL MARLBOROUGH,NY","NEW YORK, NY",BOOKLET;4X7;,10NTH REUNION,INCLUDES WINES & SPEAKERS;,1891-020,,,1891-02-20,Alumni Class Of Ccny,,,,complete,4,27,1891-02-20,1890
26330,Unknown Menu,SILK ASSOCIATION OF AMWEICA,28 ANNIVERSARY DINNER,PROF;,DELMONICO'S  NY,"NEW YORK, NY",BOOKLET; ILLUS; COL; GOLD SEAL ON COVER;6.25 X 9.5;,ANIVERSARY,PROCLAMATION BY THE PRESIDENT INCLUDED;,1900-827,,,1900-02-08,Silk Association Of Amweica,,,,complete,8,20,1900-02-08,1900
26336,Unknown Menu,LONGFELLOW CENTENARY,DINNER,SOC;,"NATIONAL ARTS CLUB, NEW YORK, NY","NEW YORK, NY",CARD; COL; 4.5X7;,COMPLIMENTARY/TESTIMONIAL,BUFF STOCK;,1907-276,,,1907-02-27,Longfellow Centenary,,,,complete,2,13,1907-02-27,1900
26862,Unknown Menu,Delmonicos,,RESTAURANT,Delmonicos,"NEW YORK, NY",Booklet; 10 x 14.25 inches; cover is laminated,,"Dieter Zander Collection; includes insert with specialties of the day; last page is an excerpt from ""Delmonico's - A Century of Splendor"" by Lately Thomas.",Zander 418,,,1988-05-03,Delmonicos,,Dollars,$,complete,7,90,1988-05-03,1980
27209,Unknown Menu,American Chemical Society,dinner,HOTEL,Waldorf-Astoria,"NEW YORK, NY",6 1/2 x 4 1/2 in. ; 4 p.,"OTHER,Annual Meeting","Event : Banquet of the American Chemical Industries Tercentenary."" Includes event program and list of Guests of Honor.",Soete 41,,,1935-04-24,American Chemical Society,,,,complete,5,16,1935-04-24,1930
27245,Unknown Menu,The Waldorf-Astoria,dinner,HOTEL,The Waldorf-Astoria,"NEW YORK, NY",folder; 9.8 x 12.75 inches,,Baratta collection; room service; a la carte; Marcel (head waiter); room service charge 50 cents per person; specials; Waldorf special,Baratta 24,,,1959-11-24,The Waldorf Astoria,,Dollars,$,complete,3,186,1959-11-24,1950
27249,Unknown Menu,The Waldorf-Astoria,dinner,HOTEL,The Waldorf-Astora,"NEW YORK, NY",folder; 9.875 x 12.75 inches; food stains (cover),,Baratta collection; a la carte; specials; headwaiter (Marcel); room service; room service charge 50 cents per person; Sanka,Baratta 63,,,1969-09-29,The Waldorf Astoria,,Dollars,$,complete,3,180,1969-09-29,1960
27282,Unknown Menu,The Waldorf-Astoria,room service luncheon,HOTEL,The Waldorf-Astoria,"NEW YORK, NY",broadside; 9 x 19 inches; crease (bottom right corner),,Baratta collection; headwaiters; room service charges; domestic and international cheeses,Baratta 5,,,1959-09-29,The Waldorf Astoria,,Dollars,$,complete,1,141,1959-09-29,1950
27289,Unknown Menu,The Waldorf-Astoria,lunch,"HOTEL,RESTAURANT",The Waldorf-Astoria,"NEW YORK, NY",broadside; 9 x 13 inches,,Baratta collection; room service; Marcel (Headwaiter); room service charge 50 cents per person; Cheeses from France & Other Countries,Baratta 132,,,1959-10-06,The Waldorf Astoria,,Dollars,$,complete,1,139,1959-10-06,1950
27290,Unknown Menu,The Waldorf-Astoria,lunch,"HOTEL,RESTAURANT",The Waldorf-Astoria,"NEW YORK, NY",broadside; 9 x 13 inches,,Baratta collection; room service; Marcel (headwaiter); room service charge 50 cents per person; Cheeses from France & Other Countries,Baratta 133,,,1959-10-15,The Waldorf Astoria,,Dollars,$,complete,1,140,1959-10-15,1950
27291,Unknown Menu,The Waldorf-Astoria,dinner,"HOTEL,RESTAURANT",The Waldorf-Astoria,"NEW YORK, NY","folder; 9.875 x 12.75 inches; water stain (center, seam)",,Baratta collection; specials; Marcel (Headwaiter); room service charge 50 cents per person; a la carte options,Baratta 134,,,1959-10-15,The Waldorf Astoria,,Dollars,$,complete,3,182,1959-10-15,1950
27302,Unknown Menu,Waldorf-Astoria,lunch,"HOTEL,RESTAURANT",Waldorf-Astoria,"NEW YORK, NY",broadside; 9 x 13 inches,,Baratta collection; room service; room service charge 50 cents per person; Marcel (Headwaiter); Appetizers; Soups; Entrees; From the Grill; Vegetables; Salads; Desserts; Fruits; Cheeses; Beverages; Waldorf Special; color (blue),Baratta 140,,,1959-11-24,Waldorf Astoria,,Dollars,$,complete,1,143,1959-11-24,1950
27313,Unknown Menu,The Waldorf-Astoria,dinner,HOTEL,The Waldorf-Astoria,"NEW YORK, NY",folder; 9.8 x 12.75 inches,,Baratta collection; annotated; Marcel (head waiter); room service charge 50 cents per person; a la carte; specials; Waldorf special,Baratta 25,,,1959-10-21,The Waldorf Astoria,,Dollars,$,complete,3,138,1959-10-21,1950
27314,Unknown Menu,The Waldorf-Astoria,lunch,HOTEL,The Waldorf-Astoria,"NEW YORK, NY",broadside); 9 x 13 inhes,,Baratta collection; color; logo; room service; room service 50 cents per person; Marcel (head waiter),Baratta 26,,,1959-10-21,The Waldorf Astoria,,Dollars,$,complete,1,141,1959-10-21,1950
27324,Unknown Menu,The Waldorf-Astoria,dinner,"HOTEL,RESTAURANT",The Waldorf-Astoria,"NEW YORK, NY","folder (with insert, 2 copies); cord binding; 8.375 x 11 inches",SECULAR HOLIDAY,"Baratta collection; Conrad N. Hilton (President); quote from Edward Winslow (on the First Thanksgiving); a la carte options; cornucopia; illustrations (cover, interior); color (green, orange, purple, yellow, red, gold)",Baratta 157,,,1961-11-23,The Waldorf Astoria,,Dollars,$,complete,5,157,1961-11-23,1960
27331,Unknown Menu,The Waldorf-Astoria,dinner,"HOTEL,RESTAURANT",The Waldorf-Astoria,"NEW YORK, NY","folder; 9.78 x 12.625 inches; water stains (center, bottom)",,"Baratta collection; room service; room service charge 50 cents per person; headwaiter (Marcel); specialties; Le Filet Mignon Trois Mousquetaires, Flambé à l'Armagnac; a la carte",Baratta 37,,,1960-03-09,The Waldorf Astoria,,Dollars,$,complete,3,189,1960-03-09,1960
27353,Unknown Menu,The Waldorf-Astoria,dinner,HOTEL,The Waldorf-Astoria,"NEW YORK, NY","folder; 9.875 x 12.75 inches; water stain (center, seam)",,Baratta collection; annotated; a la carte; specialties; headwaiter (Marcel); room service; room service charge 50 cents per person,Baratta 57,,,1959-10-23,The Waldorf Astoria,,Dollars,$,complete,3,185,1959-10-23,1950
27356,Unknown Menu,The Waldorf-Astoria,lunch,HOTEL,The Waldorf-Astoria,"NEW YORK, NY",broadside; 9 x 13 inches,,Baratta collection; room service; room service charge 50 cents per person; headwaiter (Marcel),Baratta 60,,,1960-03-08,The Waldorf Astoria,,Dollars,$,complete,1,143,1960-03-08,1960
27431,Unknown Menu,U.S. CUSTOMS INSPECTORS OF THE PORT OF NEW YORK,ANNUAL BANQUET,HOTEL,"HOTEL SAVOY, NEW YORK, NY","NEW YORK, NY","BOOKLET, 7X4.5",ANNIVERSARY,WINES LISTED; MUSICAL PROGRAM LISTED; OFFICERS AND COMMITTEES LISTED,1910-961,,,1910-03-19,U.S. Customs Inspectors Of The Port Of New York,,,,complete,4,27,1910-03-19,1910
27673,Unknown Menu,CONFRERIE DE LA CHAINE DES ROTISSEURS,CHAPTER DINNER,RESTAURANT,"NEW YORK, NY","NEW YORK, NY",FOLDER; ILLUS; COL; 7.5 X 7,,"UNPRICED MENU; GREEK CUISINE; PRINTED IN RED INK; ACCOMPANYING WINES ARE LEFT OF EACH COURSE; MENU FOLDED HORIZONTALLY; TOP INSIDE HAS MEMBERSHIP; CHEF DE CUISINE AND MAITRE D'HOTEL ARE NOTED; GREY, RED, BLUE AND GOLD SEAL OF ORGANIZATION IN CENTER FRONT",1968-0002,,,1968-04-16,Confrerie De La Chaine Des Rotisseurs,,,,complete,2,19,1968-04-16,1960
27677,Unknown Menu,CONFRERIE DE LA CHAINE DES ROTISSEURS,CHAPTER DINNER,HOTEL,"NEW YORK, NY","NEW YORK, NY",FOLDER; ILLUS; COL; 7.5 X 7.25,,"UNPRICED MENU; PRINTED IN RED INK; RED VALENTINE HEART IN CENTER; IN FRENCH; ACCOMPANYING WINES ARE LEFT OF EACH COURSE; MENU FOLDED HORIZONTALLY WITH MEMBERSHIP AT TOP AND MENU ON BOTTOM; GREY, RED, BLUE AND GOLD SEAL OF ORGANIZATION IN CENTER FRONT",1968-0007,,,1968-02-23,Römischer Kaiser,,Deutsche Marks,DM,complete,7,93,1968-02-23,1960
27682,Unknown Menu,CONFRERIE DE LA CHAINE DES ROTISSEURS,DINNER,HOTEL,"NEW YORK, NY","NEW YORK, NY",BOOKLET; ILLUS; COL; 5.5 X 8.5,,"UNPRICED MENU; PRINTED IN BLACK INK; IN FRENCH WITH ACCOMPANYING WINES TO THE LEFT OF EACH COURSE; BACK PAGE ON MEMBERSHIP LISTING; COVER HAS THE WALDORF ASTORIA IN GOLD WITH PEN AND INK DRAWING OF HOTEL; GREY, RED, BLUE AND GOLD SEAL OF ORGANIZATION ON F",1968-0012,,,1968-02-05,Confrerie De La Chaine Des Rotisseurs,,,,complete,3,16,1968-02-05,1960
27685,Unknown Menu,CONFRERIE DE LA CHIANE DES ROTISSEURS,NEW YORK CHAPTER DINNER,HOTEL,"NEW YORK, NY","NEW YORK, NY",FOLDER; ILLUS; COL; 7.5 X 6.75,,"UNPRICED MENU; PRINTED IN RED INK; IN FRENCH WITH ACCOMPANYING WINES TO THE LEFT OF EACH COURSE; MENU FOLDED HORIZONTALLY WITH MEMBERS ON INSIDE TOP AND MENU ON BOTTOM; GREY, RED, BLUE AND GOLD SEALL OF ORGANIZATION ON FRONT COVER; MAITRE OF HOTEL DIRECTE",1968-0015,,,1968-02-14,Confrerie De La Chiane Des Rotisseurs,,,,complete,3,19,1968-02-14,1960
27691,Unknown Menu,CONFRERIE DE LA CHAINE DES ROTISSEURS,LUNCHEON OF GRAND COUNCIL,CLUB,"NEW YORK, NY","NEW YORK, NY",FOLDER; ILLUS; COL; 7.5 X 6.75,,"UNPRICED MENU; PRINTED IN RED INK; MENU FOLDED HORIZONALLY WITH MEMBERS ON TOP INSIDE AND MENU ON BOTTOM WITH ACCOMPANYING WINES TO THE LEFT OF EACH COURSE; CHEF DE CUISINE, CHEF SOMMELIER AND CHEF DE SERVICE ARE NOTED; GREY, RED, BLUE AND GOLD SEAL OF OR",1968-0023,,,1968-04-15,Confrerie De La Chaine Des Rotisseurs,,,,complete,6,28,1968-04-15,1960
27692,Unknown Menu,CONFRERIE DE LA CHIANE DES ROTISSEURS,ANNIVERSARY DINNER,HOTEL,"NEW YORK, NY","NEW YORK, NY",BOOKLET; ILLUS; COL; 9 X 12,,UNPRICED MENU; CREAM PAGES WITHIN LIGHT BLUE COVER; PRINTED IN BLUE INK; OFFICERS AND GUESTS ON FIRST PAGE; DELEGATIONS ON SECOND PAGE; LOCAL CHAPTER OFFICERS AND MEMBERS ON THIRD PAGE; NATIONAL OFFICERS AND MEMBER REPRESENTATIVES ON LAST PAGE; MENU IN FR,1968-0024,,,1968-04-25,Confrerie De La Chaine Des Rotisseurs,,,,complete,3,16,1968-04-25,1960
